#-----------------------------------------------------------
# Vivado v2025.1 (64-bit)
# SW Build 6140274 on Wed May 21 22:58:25 MDT 2025
# IP Build 6138677 on Thu May 22 03:10:11 MDT 2025
# SharedData Build 6139179 on Tue May 20 17:58:58 MDT 2025
# Start of session at: Tue Dec  9 12:21:55 2025
# Process ID         : 3129244
# Current directory  : /home/thagenlo/Desktop/rfsoc-ntsc-decoder
# Command line       : vivado
# Log file           : /home/thagenlo/Desktop/rfsoc-ntsc-decoder/vivado.log
# Journal file       : /home/thagenlo/Desktop/rfsoc-ntsc-decoder/vivado.jou
# Running On         : eecs-digital-42
# Platform           : Ubuntu
# Operating System   : Ubuntu 24.04.3 LTS
# Processor Detail   : AMD Ryzen 7 5825U with Radeon Graphics
# CPU Frequency      : 1095.000 MHz
# CPU Physical cores : 8
# CPU Logical cores  : 16
# Host memory        : 29342 MB
# Swap memory        : 8589 MB
# Total Virtual      : 37932 MB
# Available Virtual  : 15849 MB
#-----------------------------------------------------------
start_gui
WARNING: [Board 49-26] cannot add Board Part xilinx.com:emb-plus-vpr-4616:part0:1.0 available at /tools/Xilinx/2025.1/data/xhub/boards/XilinxBoardStore/boards/Xilinx/emb-plus-vpr-4616/1.0/board.xml as part xcve2302-sfva784-2mp-e-s specified in board_part file is either invalid or not available
WARNING: [Board 49-26] cannot add Board Part xilinx.com:emb-plus-vpr-4616:part0:1.1 available at /tools/Xilinx/2025.1/data/xhub/boards/XilinxBoardStore/boards/Xilinx/emb-plus-vpr-4616/1.1/board.xml as part xcve2302-sfva784-2mp-e-s specified in board_part file is either invalid or not available
WARNING: [Board 49-26] cannot add Board Part xilinx.com:v80:part0:1.0 available at /tools/Xilinx/2025.1/data/xhub/boards/XilinxBoardStore/boards/Xilinx/v80/1.0/board.xml as part xcv80-lsva4737-2mhp-e-s specified in board_part file is either invalid or not available
WARNING: [Board 49-26] cannot add Board Part xilinx.com:vck190:part0:2.2 available at /tools/Xilinx/2025.1/data/xhub/boards/XilinxBoardStore/boards/Xilinx/vck190/production/2.2/board.xml as part xcvc1902-vsva2197-2mp-e-s specified in board_part file is either invalid or not available
WARNING: [Board 49-26] cannot add Board Part xilinx.com:vck190:part0:3.0 available at /tools/Xilinx/2025.1/data/xhub/boards/XilinxBoardStore/boards/Xilinx/vck190/production/3.0/board.xml as part xcvc1902-vsva2197-2mp-e-s specified in board_part file is either invalid or not available
WARNING: [Board 49-26] cannot add Board Part xilinx.com:vck190:part0:3.1 available at /tools/Xilinx/2025.1/data/xhub/boards/XilinxBoardStore/boards/Xilinx/vck190/production/3.1/board.xml as part xcvc1902-vsva2197-2mp-e-s specified in board_part file is either invalid or not available
WARNING: [Board 49-26] cannot add Board Part xilinx.com:vck190:part0:3.2 available at /tools/Xilinx/2025.1/data/xhub/boards/XilinxBoardStore/boards/Xilinx/vck190/production/3.2/board.xml as part xcvc1902-vsva2197-2mp-e-s specified in board_part file is either invalid or not available
WARNING: [Board 49-26] cannot add Board Part xilinx.com:vck190:part0:3.3 available at /tools/Xilinx/2025.1/data/xhub/boards/XilinxBoardStore/boards/Xilinx/vck190/production/3.3/board.xml as part xcvc1902-vsva2197-2mp-e-s specified in board_part file is either invalid or not available
WARNING: [Board 49-26] cannot add Board Part xilinx.com:vck190:part0:3.4 available at /tools/Xilinx/2025.1/data/xhub/boards/XilinxBoardStore/boards/Xilinx/vck190/production/3.4/board.xml as part xcvc1902-vsva2197-2mp-e-s specified in board_part file is either invalid or not available
WARNING: [Board 49-26] cannot add Board Part xilinx.com:vck190_newl:part0:1.0 available at /tools/Xilinx/2025.1/data/xhub/boards/XilinxBoardStore/boards/Xilinx/vck190_newl/production/1.0/board.xml as part xcvc1902-vsva2197-2mp-e-s specified in board_part file is either invalid or not available
WARNING: [Board 49-26] cannot add Board Part xilinx.com:vck190_newl:part0:1.1 available at /tools/Xilinx/2025.1/data/xhub/boards/XilinxBoardStore/boards/Xilinx/vck190_newl/production/1.1/board.xml as part xcvc1902-vsva2197-2mp-e-s specified in board_part file is either invalid or not available
WARNING: [Board 49-26] cannot add Board Part xilinx.com:vck190_newl:part0:1.2 available at /tools/Xilinx/2025.1/data/xhub/boards/XilinxBoardStore/boards/Xilinx/vck190_newl/production/1.2/board.xml as part xcvc1902-vsva2197-2mp-e-s specified in board_part file is either invalid or not available
WARNING: [Board 49-26] cannot add Board Part xilinx.com:vck190_newl:part0:1.3 available at /tools/Xilinx/2025.1/data/xhub/boards/XilinxBoardStore/boards/Xilinx/vck190_newl/production/1.3/board.xml as part xcvc1902-vsva2197-2mp-e-s specified in board_part file is either invalid or not available
WARNING: [Board 49-26] cannot add Board Part xilinx.com:vek280:part0:1.0 available at /tools/Xilinx/2025.1/data/xhub/boards/XilinxBoardStore/boards/Xilinx/vek280/production/1.0/board.xml as part xcve2802-vsvh1760-2mp-e-s specified in board_part file is either invalid or not available
WARNING: [Board 49-26] cannot add Board Part xilinx.com:vek280:part0:1.1 available at /tools/Xilinx/2025.1/data/xhub/boards/XilinxBoardStore/boards/Xilinx/vek280/production/1.1/board.xml as part xcve2802-vsvh1760-2mp-e-s specified in board_part file is either invalid or not available
WARNING: [Board 49-26] cannot add Board Part xilinx.com:vek280:part0:1.2 available at /tools/Xilinx/2025.1/data/xhub/boards/XilinxBoardStore/boards/Xilinx/vek280/production/1.2/board.xml as part xcve2802-vsvh1760-2mp-e-s specified in board_part file is either invalid or not available
WARNING: [Board 49-26] cannot add Board Part xilinx.com:vek385:part0:1.0 available at /tools/Xilinx/2025.1/data/xhub/boards/XilinxBoardStore/boards/Xilinx/vek385/1.0/board.xml as part xc2ve3858-ssva2112-2mp-e-s specified in board_part file is either invalid or not available
WARNING: [Board 49-26] cannot add Board Part xilinx.com:vhk158:part0:1.0 available at /tools/Xilinx/2025.1/data/xhub/boards/XilinxBoardStore/boards/Xilinx/vhk158/production/1.0/board.xml as part xcvh1582-vsva3697-2mp-e-s specified in board_part file is either invalid or not available
WARNING: [Board 49-26] cannot add Board Part xilinx.com:vhk158:part0:1.1 available at /tools/Xilinx/2025.1/data/xhub/boards/XilinxBoardStore/boards/Xilinx/vhk158/production/1.1/board.xml as part xcvh1582-vsva3697-2mp-e-s specified in board_part file is either invalid or not available
WARNING: [Board 49-26] cannot add Board Part xilinx.com:vhk158:part0:1.2 available at /tools/Xilinx/2025.1/data/xhub/boards/XilinxBoardStore/boards/Xilinx/vhk158/production/1.2/board.xml as part xcvh1582-vsva3697-2mp-e-s specified in board_part file is either invalid or not available
WARNING: [Board 49-26] cannot add Board Part xilinx.com:vmk180:part0:2.2 available at /tools/Xilinx/2025.1/data/xhub/boards/XilinxBoardStore/boards/Xilinx/vmk180/production/2.2/board.xml as part xcvm1802-vsva2197-2mp-e-s specified in board_part file is either invalid or not available
WARNING: [Board 49-26] cannot add Board Part xilinx.com:vmk180:part0:3.0 available at /tools/Xilinx/2025.1/data/xhub/boards/XilinxBoardStore/boards/Xilinx/vmk180/production/3.0/board.xml as part xcvm1802-vsva2197-2mp-e-s specified in board_part file is either invalid or not available
WARNING: [Board 49-26] cannot add Board Part xilinx.com:vmk180:part0:3.1 available at /tools/Xilinx/2025.1/data/xhub/boards/XilinxBoardStore/boards/Xilinx/vmk180/production/3.1/board.xml as part xcvm1802-vsva2197-2mp-e-s specified in board_part file is either invalid or not available
WARNING: [Board 49-26] cannot add Board Part xilinx.com:vmk180:part0:3.2 available at /tools/Xilinx/2025.1/data/xhub/boards/XilinxBoardStore/boards/Xilinx/vmk180/production/3.2/board.xml as part xcvm1802-vsva2197-2mp-e-s specified in board_part file is either invalid or not available
WARNING: [Board 49-26] cannot add Board Part xilinx.com:vmk180:part0:3.3 available at /tools/Xilinx/2025.1/data/xhub/boards/XilinxBoardStore/boards/Xilinx/vmk180/production/3.3/board.xml as part xcvm1802-vsva2197-2mp-e-s specified in board_part file is either invalid or not available
WARNING: [Board 49-26] cannot add Board Part xilinx.com:vmk180_newl:part0:1.0 available at /tools/Xilinx/2025.1/data/xhub/boards/XilinxBoardStore/boards/Xilinx/vmk180_newl/production/1.0/board.xml as part xcvm1802-vsva2197-2mp-e-s specified in board_part file is either invalid or not available
WARNING: [Board 49-26] cannot add Board Part xilinx.com:vmk180_newl:part0:1.1 available at /tools/Xilinx/2025.1/data/xhub/boards/XilinxBoardStore/boards/Xilinx/vmk180_newl/production/1.1/board.xml as part xcvm1802-vsva2197-2mp-e-s specified in board_part file is either invalid or not available
WARNING: [Board 49-26] cannot add Board Part xilinx.com:vpk120:part0:1.0 available at /tools/Xilinx/2025.1/data/xhub/boards/XilinxBoardStore/boards/Xilinx/vpk120/production/1.0/board.xml as part xcvp1202-vsva2785-2mp-e-s specified in board_part file is either invalid or not available
WARNING: [Board 49-26] cannot add Board Part xilinx.com:vpk120:part0:1.1 available at /tools/Xilinx/2025.1/data/xhub/boards/XilinxBoardStore/boards/Xilinx/vpk120/production/1.1/board.xml as part xcvp1202-vsva2785-2mp-e-s specified in board_part file is either invalid or not available
WARNING: [Board 49-26] cannot add Board Part xilinx.com:vpk120:part0:1.2 available at /tools/Xilinx/2025.1/data/xhub/boards/XilinxBoardStore/boards/Xilinx/vpk120/production/1.2/board.xml as part xcvp1202-vsva2785-2mp-e-s specified in board_part file is either invalid or not available
WARNING: [Board 49-26] cannot add Board Part xilinx.com:vpk180:part0:1.0 available at /tools/Xilinx/2025.1/data/xhub/boards/XilinxBoardStore/boards/Xilinx/vpk180/production/1.0/board.xml as part xcvp1802-lsvc4072-2mp-e-s specified in board_part file is either invalid or not available
WARNING: [Board 49-26] cannot add Board Part xilinx.com:vpk180:part0:1.1 available at /tools/Xilinx/2025.1/data/xhub/boards/XilinxBoardStore/boards/Xilinx/vpk180/production/1.1/board.xml as part xcvp1802-lsvc4072-2mp-e-s specified in board_part file is either invalid or not available
WARNING: [Board 49-26] cannot add Board Part xilinx.com:vpk180:part0:1.2 available at /tools/Xilinx/2025.1/data/xhub/boards/XilinxBoardStore/boards/Xilinx/vpk180/production/1.2/board.xml as part xcvp1802-lsvc4072-2mp-e-s specified in board_part file is either invalid or not available
WARNING: [Board 49-26] cannot add Board Part xilinx.com:zcu208ld:part0:2.0 available at /tools/Xilinx/2025.1/data/xhub/boards/XilinxBoardStore/boards/Xilinx/zcu208ld/production/2.0/board.xml as part xczu58dr-fsvg1517-2-i specified in board_part file is either invalid or not available
WARNING: [Board 49-26] cannot add Board Part xilinx.com:zcu216ld:part0:2.0 available at /tools/Xilinx/2025.1/data/xhub/boards/XilinxBoardStore/boards/Xilinx/zcu216ld/production/2.0/board.xml as part xczu59dr-ffvf1760-2-i specified in board_part file is either invalid or not available
WARNING: [Board 49-26] cannot add Board Part xilinx.com:zcu670ld:part0:1.0 available at /tools/Xilinx/2025.1/data/xhub/boards/XilinxBoardStore/boards/Xilinx/zcu670ld/1.0/board.xml as part xczu57dr-fsve1156-2-i specified in board_part file is either invalid or not available
open_project /home/thagenlo/Desktop/rfsoc_proj_NEW.xpr/rfsoc_proj/rfsoc_proj.xpr
INFO: [Project 1-313] Project file moved from '/home/thagenlo/Desktop/rfsoc_proj_NEW.xpr/rfsoc_proj_NEW' since last save.
Scanning sources...
Finished scanning sources
WARNING: [Board 49-26] cannot add Board Part xilinx.com:emb-plus-vpr-4616:part0:1.0 available at /tools/Xilinx/2025.1/data/xhub/boards/XilinxBoardStore/boards/Xilinx/emb-plus-vpr-4616/1.0/board.xml as part xcve2302-sfva784-2mp-e-s specified in board_part file is either invalid or not available
WARNING: [Board 49-26] cannot add Board Part xilinx.com:emb-plus-vpr-4616:part0:1.1 available at /tools/Xilinx/2025.1/data/xhub/boards/XilinxBoardStore/boards/Xilinx/emb-plus-vpr-4616/1.1/board.xml as part xcve2302-sfva784-2mp-e-s specified in board_part file is either invalid or not available
WARNING: [Board 49-26] cannot add Board Part xilinx.com:v80:part0:1.0 available at /tools/Xilinx/2025.1/data/xhub/boards/XilinxBoardStore/boards/Xilinx/v80/1.0/board.xml as part xcv80-lsva4737-2mhp-e-s specified in board_part file is either invalid or not available
WARNING: [Board 49-26] cannot add Board Part xilinx.com:vck190:part0:2.2 available at /tools/Xilinx/2025.1/data/xhub/boards/XilinxBoardStore/boards/Xilinx/vck190/production/2.2/board.xml as part xcvc1902-vsva2197-2mp-e-s specified in board_part file is either invalid or not available
WARNING: [Board 49-26] cannot add Board Part xilinx.com:vck190:part0:3.0 available at /tools/Xilinx/2025.1/data/xhub/boards/XilinxBoardStore/boards/Xilinx/vck190/production/3.0/board.xml as part xcvc1902-vsva2197-2mp-e-s specified in board_part file is either invalid or not available
WARNING: [Board 49-26] cannot add Board Part xilinx.com:vck190:part0:3.1 available at /tools/Xilinx/2025.1/data/xhub/boards/XilinxBoardStore/boards/Xilinx/vck190/production/3.1/board.xml as part xcvc1902-vsva2197-2mp-e-s specified in board_part file is either invalid or not available
WARNING: [Board 49-26] cannot add Board Part xilinx.com:vck190:part0:3.2 available at /tools/Xilinx/2025.1/data/xhub/boards/XilinxBoardStore/boards/Xilinx/vck190/production/3.2/board.xml as part xcvc1902-vsva2197-2mp-e-s specified in board_part file is either invalid or not available
WARNING: [Board 49-26] cannot add Board Part xilinx.com:vck190:part0:3.3 available at /tools/Xilinx/2025.1/data/xhub/boards/XilinxBoardStore/boards/Xilinx/vck190/production/3.3/board.xml as part xcvc1902-vsva2197-2mp-e-s specified in board_part file is either invalid or not available
WARNING: [Board 49-26] cannot add Board Part xilinx.com:vck190:part0:3.4 available at /tools/Xilinx/2025.1/data/xhub/boards/XilinxBoardStore/boards/Xilinx/vck190/production/3.4/board.xml as part xcvc1902-vsva2197-2mp-e-s specified in board_part file is either invalid or not available
WARNING: [Board 49-26] cannot add Board Part xilinx.com:vck190_newl:part0:1.0 available at /tools/Xilinx/2025.1/data/xhub/boards/XilinxBoardStore/boards/Xilinx/vck190_newl/production/1.0/board.xml as part xcvc1902-vsva2197-2mp-e-s specified in board_part file is either invalid or not available
WARNING: [Board 49-26] cannot add Board Part xilinx.com:vck190_newl:part0:1.1 available at /tools/Xilinx/2025.1/data/xhub/boards/XilinxBoardStore/boards/Xilinx/vck190_newl/production/1.1/board.xml as part xcvc1902-vsva2197-2mp-e-s specified in board_part file is either invalid or not available
WARNING: [Board 49-26] cannot add Board Part xilinx.com:vck190_newl:part0:1.2 available at /tools/Xilinx/2025.1/data/xhub/boards/XilinxBoardStore/boards/Xilinx/vck190_newl/production/1.2/board.xml as part xcvc1902-vsva2197-2mp-e-s specified in board_part file is either invalid or not available
WARNING: [Board 49-26] cannot add Board Part xilinx.com:vck190_newl:part0:1.3 available at /tools/Xilinx/2025.1/data/xhub/boards/XilinxBoardStore/boards/Xilinx/vck190_newl/production/1.3/board.xml as part xcvc1902-vsva2197-2mp-e-s specified in board_part file is either invalid or not available
WARNING: [Board 49-26] cannot add Board Part xilinx.com:vek280:part0:1.0 available at /tools/Xilinx/2025.1/data/xhub/boards/XilinxBoardStore/boards/Xilinx/vek280/production/1.0/board.xml as part xcve2802-vsvh1760-2mp-e-s specified in board_part file is either invalid or not available
WARNING: [Board 49-26] cannot add Board Part xilinx.com:vek280:part0:1.1 available at /tools/Xilinx/2025.1/data/xhub/boards/XilinxBoardStore/boards/Xilinx/vek280/production/1.1/board.xml as part xcve2802-vsvh1760-2mp-e-s specified in board_part file is either invalid or not available
WARNING: [Board 49-26] cannot add Board Part xilinx.com:vek280:part0:1.2 available at /tools/Xilinx/2025.1/data/xhub/boards/XilinxBoardStore/boards/Xilinx/vek280/production/1.2/board.xml as part xcve2802-vsvh1760-2mp-e-s specified in board_part file is either invalid or not available
WARNING: [Board 49-26] cannot add Board Part xilinx.com:vek385:part0:1.0 available at /tools/Xilinx/2025.1/data/xhub/boards/XilinxBoardStore/boards/Xilinx/vek385/1.0/board.xml as part xc2ve3858-ssva2112-2mp-e-s specified in board_part file is either invalid or not available
WARNING: [Board 49-26] cannot add Board Part xilinx.com:vhk158:part0:1.0 available at /tools/Xilinx/2025.1/data/xhub/boards/XilinxBoardStore/boards/Xilinx/vhk158/production/1.0/board.xml as part xcvh1582-vsva3697-2mp-e-s specified in board_part file is either invalid or not available
WARNING: [Board 49-26] cannot add Board Part xilinx.com:vhk158:part0:1.1 available at /tools/Xilinx/2025.1/data/xhub/boards/XilinxBoardStore/boards/Xilinx/vhk158/production/1.1/board.xml as part xcvh1582-vsva3697-2mp-e-s specified in board_part file is either invalid or not available
WARNING: [Board 49-26] cannot add Board Part xilinx.com:vhk158:part0:1.2 available at /tools/Xilinx/2025.1/data/xhub/boards/XilinxBoardStore/boards/Xilinx/vhk158/production/1.2/board.xml as part xcvh1582-vsva3697-2mp-e-s specified in board_part file is either invalid or not available
WARNING: [Board 49-26] cannot add Board Part xilinx.com:vmk180:part0:2.2 available at /tools/Xilinx/2025.1/data/xhub/boards/XilinxBoardStore/boards/Xilinx/vmk180/production/2.2/board.xml as part xcvm1802-vsva2197-2mp-e-s specified in board_part file is either invalid or not available
WARNING: [Board 49-26] cannot add Board Part xilinx.com:vmk180:part0:3.0 available at /tools/Xilinx/2025.1/data/xhub/boards/XilinxBoardStore/boards/Xilinx/vmk180/production/3.0/board.xml as part xcvm1802-vsva2197-2mp-e-s specified in board_part file is either invalid or not available
WARNING: [Board 49-26] cannot add Board Part xilinx.com:vmk180:part0:3.1 available at /tools/Xilinx/2025.1/data/xhub/boards/XilinxBoardStore/boards/Xilinx/vmk180/production/3.1/board.xml as part xcvm1802-vsva2197-2mp-e-s specified in board_part file is either invalid or not available
WARNING: [Board 49-26] cannot add Board Part xilinx.com:vmk180:part0:3.2 available at /tools/Xilinx/2025.1/data/xhub/boards/XilinxBoardStore/boards/Xilinx/vmk180/production/3.2/board.xml as part xcvm1802-vsva2197-2mp-e-s specified in board_part file is either invalid or not available
WARNING: [Board 49-26] cannot add Board Part xilinx.com:vmk180:part0:3.3 available at /tools/Xilinx/2025.1/data/xhub/boards/XilinxBoardStore/boards/Xilinx/vmk180/production/3.3/board.xml as part xcvm1802-vsva2197-2mp-e-s specified in board_part file is either invalid or not available
WARNING: [Board 49-26] cannot add Board Part xilinx.com:vmk180_newl:part0:1.0 available at /tools/Xilinx/2025.1/data/xhub/boards/XilinxBoardStore/boards/Xilinx/vmk180_newl/production/1.0/board.xml as part xcvm1802-vsva2197-2mp-e-s specified in board_part file is either invalid or not available
WARNING: [Board 49-26] cannot add Board Part xilinx.com:vmk180_newl:part0:1.1 available at /tools/Xilinx/2025.1/data/xhub/boards/XilinxBoardStore/boards/Xilinx/vmk180_newl/production/1.1/board.xml as part xcvm1802-vsva2197-2mp-e-s specified in board_part file is either invalid or not available
WARNING: [Board 49-26] cannot add Board Part xilinx.com:vpk120:part0:1.0 available at /tools/Xilinx/2025.1/data/xhub/boards/XilinxBoardStore/boards/Xilinx/vpk120/production/1.0/board.xml as part xcvp1202-vsva2785-2mp-e-s specified in board_part file is either invalid or not available
WARNING: [Board 49-26] cannot add Board Part xilinx.com:vpk120:part0:1.1 available at /tools/Xilinx/2025.1/data/xhub/boards/XilinxBoardStore/boards/Xilinx/vpk120/production/1.1/board.xml as part xcvp1202-vsva2785-2mp-e-s specified in board_part file is either invalid or not available
WARNING: [Board 49-26] cannot add Board Part xilinx.com:vpk120:part0:1.2 available at /tools/Xilinx/2025.1/data/xhub/boards/XilinxBoardStore/boards/Xilinx/vpk120/production/1.2/board.xml as part xcvp1202-vsva2785-2mp-e-s specified in board_part file is either invalid or not available
WARNING: [Board 49-26] cannot add Board Part xilinx.com:vpk180:part0:1.0 available at /tools/Xilinx/2025.1/data/xhub/boards/XilinxBoardStore/boards/Xilinx/vpk180/production/1.0/board.xml as part xcvp1802-lsvc4072-2mp-e-s specified in board_part file is either invalid or not available
WARNING: [Board 49-26] cannot add Board Part xilinx.com:vpk180:part0:1.1 available at /tools/Xilinx/2025.1/data/xhub/boards/XilinxBoardStore/boards/Xilinx/vpk180/production/1.1/board.xml as part xcvp1802-lsvc4072-2mp-e-s specified in board_part file is either invalid or not available
WARNING: [Board 49-26] cannot add Board Part xilinx.com:vpk180:part0:1.2 available at /tools/Xilinx/2025.1/data/xhub/boards/XilinxBoardStore/boards/Xilinx/vpk180/production/1.2/board.xml as part xcvp1802-lsvc4072-2mp-e-s specified in board_part file is either invalid or not available
WARNING: [Board 49-26] cannot add Board Part xilinx.com:zcu208ld:part0:2.0 available at /tools/Xilinx/2025.1/data/xhub/boards/XilinxBoardStore/boards/Xilinx/zcu208ld/production/2.0/board.xml as part xczu58dr-fsvg1517-2-i specified in board_part file is either invalid or not available
WARNING: [Board 49-26] cannot add Board Part xilinx.com:zcu216ld:part0:2.0 available at /tools/Xilinx/2025.1/data/xhub/boards/XilinxBoardStore/boards/Xilinx/zcu216ld/production/2.0/board.xml as part xczu59dr-ffvf1760-2-i specified in board_part file is either invalid or not available
WARNING: [Board 49-26] cannot add Board Part xilinx.com:zcu670ld:part0:1.0 available at /tools/Xilinx/2025.1/data/xhub/boards/XilinxBoardStore/boards/Xilinx/zcu670ld/1.0/board.xml as part xczu57dr-fsve1156-2-i specified in board_part file is either invalid or not available
INFO: [IP_Flow 19-234] Refreshing IP repositories
INFO: [IP_Flow 19-1700] Loaded user IP repository '/home/thagenlo/Desktop/rfsoc_proj_NEW.xpr/rfsoc_proj/rfsoc_proj.ipdefs/iq_framer_1_0'.
INFO: [IP_Flow 19-1700] Loaded user IP repository '/home/thagenlo/Desktop/rfsoc_proj_NEW.xpr/rfsoc_proj/rfsoc_proj.ipdefs/mmio_interface_1_0'.
INFO: [IP_Flow 19-2313] Loaded Vivado IP repository '/tools/Xilinx/2025.1/Vivado/data/ip'.
update_compile_order -fileset sources_1
open_bd_design {/home/thagenlo/Desktop/rfsoc_proj_NEW.xpr/rfsoc_proj/rfsoc_proj.srcs/sources_1/bd/design_1/design_1.bd}
Reading block design file </home/thagenlo/Desktop/rfsoc_proj_NEW.xpr/rfsoc_proj/rfsoc_proj.srcs/sources_1/bd/design_1/design_1.bd>...
Adding component instance block -- xilinx.com:ip:zynq_ultra_ps_e:3.5 - zynq_ultra_ps_e_0
Adding component instance block -- xilinx.com:ip:axi_dma:7.1 - axi_dma_0
Adding component instance block -- xilinx.com:ip:usp_rf_data_converter:2.6 - usp_rf_data_converter_0
INFO: Ultrascale+ RF Data Converter instance: Clock port 'adc2_clk' frequency is set to 64000000
Adding component instance block -- user.org:user:iq_framer:1.0 - iq_framer_0
Adding component instance block -- xilinx.com:ip:axis_data_fifo:2.0 - axis_data_fifo_0
Adding component instance block -- xilinx.com:ip:proc_sys_reset:5.0 - proc_sys_reset_0
Adding component instance block -- xilinx.com:ip:proc_sys_reset:5.0 - proc_sys_reset_1
Adding component instance block -- xilinx.com:ip:smartconnect:1.0 - axi_smc
Adding component instance block -- xilinx.com:ip:smartconnect:1.0 - axi_smc_1
Adding component instance block -- xilinx.com:ip:cic_compiler:4.0 - cic_compiler_0
Adding component instance block -- xilinx.com:ip:cic_compiler:4.0 - cic_compiler_1
Adding component instance block -- xilinx.com:ip:fir_compiler:7.2 - fir_compiler_0
Adding component instance block -- xilinx.com:ip:fir_compiler:7.2 - fir_compiler_1
Adding component instance block -- user.org:user:mmio_interface:1.0 - mmio_interface_0
Adding component instance block -- xilinx.com:inline_hdl:ilslice:1.0 - ilslice_0
Excluding slave segment /zynq_ultra_ps_e_0/SAXIGP2/HP0_DDR_HIGH from address space /axi_dma_0/Data_S2MM.
Excluding slave segment /zynq_ultra_ps_e_0/SAXIGP2/HP0_LPS_OCM from address space /axi_dma_0/Data_S2MM.
Successfully read diagram <design_1> from block design file </home/thagenlo/Desktop/rfsoc_proj_NEW.xpr/rfsoc_proj/rfsoc_proj.srcs/sources_1/bd/design_1/design_1.bd>
set_property  ip_repo_paths  {/home/thagenlo/Desktop/rfsoc_proj_NEW.xpr/rfsoc_proj/rfsoc_proj.ipdefs/iq_framer_1_0 /home/thagenlo/Desktop/top_ip /home/thagenlo/Desktop/rfsoc_proj_NEW.xpr/rfsoc_proj/rfsoc_proj.ipdefs/mmio_interface_1_0} [current_project]
update_ip_catalog
INFO: [IP_Flow 19-234] Refreshing IP repositories
INFO: [IP_Flow 19-1700] Loaded user IP repository '/home/thagenlo/Desktop/rfsoc_proj_NEW.xpr/rfsoc_proj/rfsoc_proj.ipdefs/iq_framer_1_0'.
INFO: [IP_Flow 19-1700] Loaded user IP repository '/home/thagenlo/Desktop/top_ip'.
INFO: [IP_Flow 19-1700] Loaded user IP repository '/home/thagenlo/Desktop/rfsoc_proj_NEW.xpr/rfsoc_proj/rfsoc_proj.ipdefs/mmio_interface_1_0'.
startgroup
create_bd_cell -type ip -vlnv user.org:user:top:1.0 top_0
endgroup
set_property location {8 3491 716} [get_bd_cells top_0]
ipx::edit_ip_in_project -upgrade true -name top_v1_0_project -directory /home/thagenlo/Desktop/rfsoc_proj_NEW.xpr/rfsoc_proj/rfsoc_proj.tmp/top_v1_0_project /home/thagenlo/Desktop/top_ip/component.xml
INFO: [IP_Flow 19-234] Refreshing IP repositories
INFO: [IP_Flow 19-1704] No user IP repositories specified
INFO: [IP_Flow 19-2313] Loaded Vivado IP repository '/tools/Xilinx/2025.1/Vivado/data/ip'.
WARNING: [Board 49-26] cannot add Board Part xilinx.com:emb-plus-vpr-4616:part0:1.0 available at /tools/Xilinx/2025.1/data/xhub/boards/XilinxBoardStore/boards/Xilinx/emb-plus-vpr-4616/1.0/board.xml as part xcve2302-sfva784-2mp-e-s specified in board_part file is either invalid or not available
WARNING: [Board 49-26] cannot add Board Part xilinx.com:emb-plus-vpr-4616:part0:1.1 available at /tools/Xilinx/2025.1/data/xhub/boards/XilinxBoardStore/boards/Xilinx/emb-plus-vpr-4616/1.1/board.xml as part xcve2302-sfva784-2mp-e-s specified in board_part file is either invalid or not available
WARNING: [Board 49-26] cannot add Board Part xilinx.com:v80:part0:1.0 available at /tools/Xilinx/2025.1/data/xhub/boards/XilinxBoardStore/boards/Xilinx/v80/1.0/board.xml as part xcv80-lsva4737-2mhp-e-s specified in board_part file is either invalid or not available
WARNING: [Board 49-26] cannot add Board Part xilinx.com:vck190:part0:2.2 available at /tools/Xilinx/2025.1/data/xhub/boards/XilinxBoardStore/boards/Xilinx/vck190/production/2.2/board.xml as part xcvc1902-vsva2197-2mp-e-s specified in board_part file is either invalid or not available
WARNING: [Board 49-26] cannot add Board Part xilinx.com:vck190:part0:3.0 available at /tools/Xilinx/2025.1/data/xhub/boards/XilinxBoardStore/boards/Xilinx/vck190/production/3.0/board.xml as part xcvc1902-vsva2197-2mp-e-s specified in board_part file is either invalid or not available
WARNING: [Board 49-26] cannot add Board Part xilinx.com:vck190:part0:3.1 available at /tools/Xilinx/2025.1/data/xhub/boards/XilinxBoardStore/boards/Xilinx/vck190/production/3.1/board.xml as part xcvc1902-vsva2197-2mp-e-s specified in board_part file is either invalid or not available
WARNING: [Board 49-26] cannot add Board Part xilinx.com:vck190:part0:3.2 available at /tools/Xilinx/2025.1/data/xhub/boards/XilinxBoardStore/boards/Xilinx/vck190/production/3.2/board.xml as part xcvc1902-vsva2197-2mp-e-s specified in board_part file is either invalid or not available
WARNING: [Board 49-26] cannot add Board Part xilinx.com:vck190:part0:3.3 available at /tools/Xilinx/2025.1/data/xhub/boards/XilinxBoardStore/boards/Xilinx/vck190/production/3.3/board.xml as part xcvc1902-vsva2197-2mp-e-s specified in board_part file is either invalid or not available
WARNING: [Board 49-26] cannot add Board Part xilinx.com:vck190:part0:3.4 available at /tools/Xilinx/2025.1/data/xhub/boards/XilinxBoardStore/boards/Xilinx/vck190/production/3.4/board.xml as part xcvc1902-vsva2197-2mp-e-s specified in board_part file is either invalid or not available
WARNING: [Board 49-26] cannot add Board Part xilinx.com:vck190_newl:part0:1.0 available at /tools/Xilinx/2025.1/data/xhub/boards/XilinxBoardStore/boards/Xilinx/vck190_newl/production/1.0/board.xml as part xcvc1902-vsva2197-2mp-e-s specified in board_part file is either invalid or not available
WARNING: [Board 49-26] cannot add Board Part xilinx.com:vck190_newl:part0:1.1 available at /tools/Xilinx/2025.1/data/xhub/boards/XilinxBoardStore/boards/Xilinx/vck190_newl/production/1.1/board.xml as part xcvc1902-vsva2197-2mp-e-s specified in board_part file is either invalid or not available
WARNING: [Board 49-26] cannot add Board Part xilinx.com:vck190_newl:part0:1.2 available at /tools/Xilinx/2025.1/data/xhub/boards/XilinxBoardStore/boards/Xilinx/vck190_newl/production/1.2/board.xml as part xcvc1902-vsva2197-2mp-e-s specified in board_part file is either invalid or not available
WARNING: [Board 49-26] cannot add Board Part xilinx.com:vck190_newl:part0:1.3 available at /tools/Xilinx/2025.1/data/xhub/boards/XilinxBoardStore/boards/Xilinx/vck190_newl/production/1.3/board.xml as part xcvc1902-vsva2197-2mp-e-s specified in board_part file is either invalid or not available
WARNING: [Board 49-26] cannot add Board Part xilinx.com:vek280:part0:1.0 available at /tools/Xilinx/2025.1/data/xhub/boards/XilinxBoardStore/boards/Xilinx/vek280/production/1.0/board.xml as part xcve2802-vsvh1760-2mp-e-s specified in board_part file is either invalid or not available
WARNING: [Board 49-26] cannot add Board Part xilinx.com:vek280:part0:1.1 available at /tools/Xilinx/2025.1/data/xhub/boards/XilinxBoardStore/boards/Xilinx/vek280/production/1.1/board.xml as part xcve2802-vsvh1760-2mp-e-s specified in board_part file is either invalid or not available
WARNING: [Board 49-26] cannot add Board Part xilinx.com:vek280:part0:1.2 available at /tools/Xilinx/2025.1/data/xhub/boards/XilinxBoardStore/boards/Xilinx/vek280/production/1.2/board.xml as part xcve2802-vsvh1760-2mp-e-s specified in board_part file is either invalid or not available
WARNING: [Board 49-26] cannot add Board Part xilinx.com:vek385:part0:1.0 available at /tools/Xilinx/2025.1/data/xhub/boards/XilinxBoardStore/boards/Xilinx/vek385/1.0/board.xml as part xc2ve3858-ssva2112-2mp-e-s specified in board_part file is either invalid or not available
WARNING: [Board 49-26] cannot add Board Part xilinx.com:vhk158:part0:1.0 available at /tools/Xilinx/2025.1/data/xhub/boards/XilinxBoardStore/boards/Xilinx/vhk158/production/1.0/board.xml as part xcvh1582-vsva3697-2mp-e-s specified in board_part file is either invalid or not available
WARNING: [Board 49-26] cannot add Board Part xilinx.com:vhk158:part0:1.1 available at /tools/Xilinx/2025.1/data/xhub/boards/XilinxBoardStore/boards/Xilinx/vhk158/production/1.1/board.xml as part xcvh1582-vsva3697-2mp-e-s specified in board_part file is either invalid or not available
WARNING: [Board 49-26] cannot add Board Part xilinx.com:vhk158:part0:1.2 available at /tools/Xilinx/2025.1/data/xhub/boards/XilinxBoardStore/boards/Xilinx/vhk158/production/1.2/board.xml as part xcvh1582-vsva3697-2mp-e-s specified in board_part file is either invalid or not available
WARNING: [Board 49-26] cannot add Board Part xilinx.com:vmk180:part0:2.2 available at /tools/Xilinx/2025.1/data/xhub/boards/XilinxBoardStore/boards/Xilinx/vmk180/production/2.2/board.xml as part xcvm1802-vsva2197-2mp-e-s specified in board_part file is either invalid or not available
WARNING: [Board 49-26] cannot add Board Part xilinx.com:vmk180:part0:3.0 available at /tools/Xilinx/2025.1/data/xhub/boards/XilinxBoardStore/boards/Xilinx/vmk180/production/3.0/board.xml as part xcvm1802-vsva2197-2mp-e-s specified in board_part file is either invalid or not available
WARNING: [Board 49-26] cannot add Board Part xilinx.com:vmk180:part0:3.1 available at /tools/Xilinx/2025.1/data/xhub/boards/XilinxBoardStore/boards/Xilinx/vmk180/production/3.1/board.xml as part xcvm1802-vsva2197-2mp-e-s specified in board_part file is either invalid or not available
WARNING: [Board 49-26] cannot add Board Part xilinx.com:vmk180:part0:3.2 available at /tools/Xilinx/2025.1/data/xhub/boards/XilinxBoardStore/boards/Xilinx/vmk180/production/3.2/board.xml as part xcvm1802-vsva2197-2mp-e-s specified in board_part file is either invalid or not available
WARNING: [Board 49-26] cannot add Board Part xilinx.com:vmk180:part0:3.3 available at /tools/Xilinx/2025.1/data/xhub/boards/XilinxBoardStore/boards/Xilinx/vmk180/production/3.3/board.xml as part xcvm1802-vsva2197-2mp-e-s specified in board_part file is either invalid or not available
WARNING: [Board 49-26] cannot add Board Part xilinx.com:vmk180_newl:part0:1.0 available at /tools/Xilinx/2025.1/data/xhub/boards/XilinxBoardStore/boards/Xilinx/vmk180_newl/production/1.0/board.xml as part xcvm1802-vsva2197-2mp-e-s specified in board_part file is either invalid or not available
WARNING: [Board 49-26] cannot add Board Part xilinx.com:vmk180_newl:part0:1.1 available at /tools/Xilinx/2025.1/data/xhub/boards/XilinxBoardStore/boards/Xilinx/vmk180_newl/production/1.1/board.xml as part xcvm1802-vsva2197-2mp-e-s specified in board_part file is either invalid or not available
WARNING: [Board 49-26] cannot add Board Part xilinx.com:vpk120:part0:1.0 available at /tools/Xilinx/2025.1/data/xhub/boards/XilinxBoardStore/boards/Xilinx/vpk120/production/1.0/board.xml as part xcvp1202-vsva2785-2mp-e-s specified in board_part file is either invalid or not available
WARNING: [Board 49-26] cannot add Board Part xilinx.com:vpk120:part0:1.1 available at /tools/Xilinx/2025.1/data/xhub/boards/XilinxBoardStore/boards/Xilinx/vpk120/production/1.1/board.xml as part xcvp1202-vsva2785-2mp-e-s specified in board_part file is either invalid or not available
WARNING: [Board 49-26] cannot add Board Part xilinx.com:vpk120:part0:1.2 available at /tools/Xilinx/2025.1/data/xhub/boards/XilinxBoardStore/boards/Xilinx/vpk120/production/1.2/board.xml as part xcvp1202-vsva2785-2mp-e-s specified in board_part file is either invalid or not available
WARNING: [Board 49-26] cannot add Board Part xilinx.com:vpk180:part0:1.0 available at /tools/Xilinx/2025.1/data/xhub/boards/XilinxBoardStore/boards/Xilinx/vpk180/production/1.0/board.xml as part xcvp1802-lsvc4072-2mp-e-s specified in board_part file is either invalid or not available
WARNING: [Board 49-26] cannot add Board Part xilinx.com:vpk180:part0:1.1 available at /tools/Xilinx/2025.1/data/xhub/boards/XilinxBoardStore/boards/Xilinx/vpk180/production/1.1/board.xml as part xcvp1802-lsvc4072-2mp-e-s specified in board_part file is either invalid or not available
WARNING: [Board 49-26] cannot add Board Part xilinx.com:vpk180:part0:1.2 available at /tools/Xilinx/2025.1/data/xhub/boards/XilinxBoardStore/boards/Xilinx/vpk180/production/1.2/board.xml as part xcvp1802-lsvc4072-2mp-e-s specified in board_part file is either invalid or not available
WARNING: [Board 49-26] cannot add Board Part xilinx.com:zcu208ld:part0:2.0 available at /tools/Xilinx/2025.1/data/xhub/boards/XilinxBoardStore/boards/Xilinx/zcu208ld/production/2.0/board.xml as part xczu58dr-fsvg1517-2-i specified in board_part file is either invalid or not available
WARNING: [Board 49-26] cannot add Board Part xilinx.com:zcu216ld:part0:2.0 available at /tools/Xilinx/2025.1/data/xhub/boards/XilinxBoardStore/boards/Xilinx/zcu216ld/production/2.0/board.xml as part xczu59dr-ffvf1760-2-i specified in board_part file is either invalid or not available
WARNING: [Board 49-26] cannot add Board Part xilinx.com:zcu670ld:part0:1.0 available at /tools/Xilinx/2025.1/data/xhub/boards/XilinxBoardStore/boards/Xilinx/zcu670ld/1.0/board.xml as part xczu57dr-fsve1156-2-i specified in board_part file is either invalid or not available
INFO: [IP_Flow 19-234] Refreshing IP repositories
INFO: [IP_Flow 19-1700] Loaded user IP repository '/home/thagenlo/Desktop/rfsoc_proj_NEW.xpr/rfsoc_proj/rfsoc_proj.ipdefs/iq_framer_1_0'.
INFO: [IP_Flow 19-1700] Loaded user IP repository '/home/thagenlo/Desktop/top_ip'.
INFO: [IP_Flow 19-1700] Loaded user IP repository '/home/thagenlo/Desktop/rfsoc_proj_NEW.xpr/rfsoc_proj/rfsoc_proj.ipdefs/mmio_interface_1_0'.
INFO: [IP_Flow 19-795] Syncing license key meta-data
update_compile_order -fileset sources_1
current_project rfsoc_proj
set_property location {10 4145 612} [get_bd_cells top_0]
delete_bd_objs [get_bd_intf_nets fir_compiler_0_M_AXIS_DATA]
delete_bd_objs [get_bd_intf_nets fir_compiler_1_M_AXIS_DATA]
set_property location {7 3117 706} [get_bd_cells ilslice_0]
startgroup
create_bd_cell -type inline_hdl -vlnv xilinx.com:inline_hdl:ilconcat:1.0 ilconcat_0
endgroup
set_property -dict [list CONFIG.IN0_WIDTH.VALUE_SRC USER CONFIG.IN1_WIDTH.VALUE_SRC USER] [get_bd_cells ilconcat_0]
set_property -dict [list \
  CONFIG.IN0_WIDTH {16} \
  CONFIG.IN1_WIDTH {16} \
] [get_bd_cells ilconcat_0]
delete_bd_objs [get_bd_cells ilconcat_0]
connect_bd_intf_net [get_bd_intf_pins fir_compiler_0/M_AXIS_DATA] [get_bd_intf_pins iq_framer_0/S00_AXIS]
connect_bd_intf_net [get_bd_intf_pins fir_compiler_1/M_AXIS_DATA] [get_bd_intf_pins iq_framer_0/S01_AXIS]
delete_bd_objs [get_bd_intf_nets iq_framer_0_M00_AXIS]
connect_bd_intf_net [get_bd_intf_pins iq_framer_0/M00_AXIS] [get_bd_intf_pins top_0/s00_axis]
connect_bd_intf_net [get_bd_intf_pins top_0/m00_axis] [get_bd_intf_pins axis_data_fifo_0/S_AXIS]
delete_bd_objs [get_bd_cells ilslice_0]
connect_bd_net [get_bd_pins top_0/s00_axis_aclk] [get_bd_pins usp_rf_data_converter_0/clk_adc2]
connect_bd_net [get_bd_pins top_0/m00_axis_aclk] [get_bd_pins usp_rf_data_converter_0/clk_adc2]
connect_bd_net [get_bd_pins top_0/s00_axis_aresetn] [get_bd_pins proc_sys_reset_1/peripheral_aresetn]
connect_bd_net [get_bd_pins top_0/m00_axis_aresetn] [get_bd_pins proc_sys_reset_1/peripheral_aresetn]
ipx::edit_ip_in_project -upgrade true -name mmio_interface_v1_0_project -directory /home/thagenlo/Desktop/rfsoc_proj_NEW.xpr/rfsoc_proj/rfsoc_proj.tmp/mmio_interface_v1_0_project /home/thagenlo/Desktop/rfsoc_proj_NEW.xpr/rfsoc_proj/rfsoc_proj.ipdefs/mmio_interface_1_0/component.xml
INFO: [IP_Flow 19-234] Refreshing IP repositories
INFO: [IP_Flow 19-1704] No user IP repositories specified
INFO: [IP_Flow 19-2313] Loaded Vivado IP repository '/tools/Xilinx/2025.1/Vivado/data/ip'.
WARNING: [Board 49-26] cannot add Board Part xilinx.com:emb-plus-vpr-4616:part0:1.0 available at /tools/Xilinx/2025.1/data/xhub/boards/XilinxBoardStore/boards/Xilinx/emb-plus-vpr-4616/1.0/board.xml as part xcve2302-sfva784-2mp-e-s specified in board_part file is either invalid or not available
WARNING: [Board 49-26] cannot add Board Part xilinx.com:emb-plus-vpr-4616:part0:1.1 available at /tools/Xilinx/2025.1/data/xhub/boards/XilinxBoardStore/boards/Xilinx/emb-plus-vpr-4616/1.1/board.xml as part xcve2302-sfva784-2mp-e-s specified in board_part file is either invalid or not available
WARNING: [Board 49-26] cannot add Board Part xilinx.com:v80:part0:1.0 available at /tools/Xilinx/2025.1/data/xhub/boards/XilinxBoardStore/boards/Xilinx/v80/1.0/board.xml as part xcv80-lsva4737-2mhp-e-s specified in board_part file is either invalid or not available
WARNING: [Board 49-26] cannot add Board Part xilinx.com:vck190:part0:2.2 available at /tools/Xilinx/2025.1/data/xhub/boards/XilinxBoardStore/boards/Xilinx/vck190/production/2.2/board.xml as part xcvc1902-vsva2197-2mp-e-s specified in board_part file is either invalid or not available
WARNING: [Board 49-26] cannot add Board Part xilinx.com:vck190:part0:3.0 available at /tools/Xilinx/2025.1/data/xhub/boards/XilinxBoardStore/boards/Xilinx/vck190/production/3.0/board.xml as part xcvc1902-vsva2197-2mp-e-s specified in board_part file is either invalid or not available
WARNING: [Board 49-26] cannot add Board Part xilinx.com:vck190:part0:3.1 available at /tools/Xilinx/2025.1/data/xhub/boards/XilinxBoardStore/boards/Xilinx/vck190/production/3.1/board.xml as part xcvc1902-vsva2197-2mp-e-s specified in board_part file is either invalid or not available
WARNING: [Board 49-26] cannot add Board Part xilinx.com:vck190:part0:3.2 available at /tools/Xilinx/2025.1/data/xhub/boards/XilinxBoardStore/boards/Xilinx/vck190/production/3.2/board.xml as part xcvc1902-vsva2197-2mp-e-s specified in board_part file is either invalid or not available
WARNING: [Board 49-26] cannot add Board Part xilinx.com:vck190:part0:3.3 available at /tools/Xilinx/2025.1/data/xhub/boards/XilinxBoardStore/boards/Xilinx/vck190/production/3.3/board.xml as part xcvc1902-vsva2197-2mp-e-s specified in board_part file is either invalid or not available
WARNING: [Board 49-26] cannot add Board Part xilinx.com:vck190:part0:3.4 available at /tools/Xilinx/2025.1/data/xhub/boards/XilinxBoardStore/boards/Xilinx/vck190/production/3.4/board.xml as part xcvc1902-vsva2197-2mp-e-s specified in board_part file is either invalid or not available
WARNING: [Board 49-26] cannot add Board Part xilinx.com:vck190_newl:part0:1.0 available at /tools/Xilinx/2025.1/data/xhub/boards/XilinxBoardStore/boards/Xilinx/vck190_newl/production/1.0/board.xml as part xcvc1902-vsva2197-2mp-e-s specified in board_part file is either invalid or not available
WARNING: [Board 49-26] cannot add Board Part xilinx.com:vck190_newl:part0:1.1 available at /tools/Xilinx/2025.1/data/xhub/boards/XilinxBoardStore/boards/Xilinx/vck190_newl/production/1.1/board.xml as part xcvc1902-vsva2197-2mp-e-s specified in board_part file is either invalid or not available
WARNING: [Board 49-26] cannot add Board Part xilinx.com:vck190_newl:part0:1.2 available at /tools/Xilinx/2025.1/data/xhub/boards/XilinxBoardStore/boards/Xilinx/vck190_newl/production/1.2/board.xml as part xcvc1902-vsva2197-2mp-e-s specified in board_part file is either invalid or not available
WARNING: [Board 49-26] cannot add Board Part xilinx.com:vck190_newl:part0:1.3 available at /tools/Xilinx/2025.1/data/xhub/boards/XilinxBoardStore/boards/Xilinx/vck190_newl/production/1.3/board.xml as part xcvc1902-vsva2197-2mp-e-s specified in board_part file is either invalid or not available
WARNING: [Board 49-26] cannot add Board Part xilinx.com:vek280:part0:1.0 available at /tools/Xilinx/2025.1/data/xhub/boards/XilinxBoardStore/boards/Xilinx/vek280/production/1.0/board.xml as part xcve2802-vsvh1760-2mp-e-s specified in board_part file is either invalid or not available
WARNING: [Board 49-26] cannot add Board Part xilinx.com:vek280:part0:1.1 available at /tools/Xilinx/2025.1/data/xhub/boards/XilinxBoardStore/boards/Xilinx/vek280/production/1.1/board.xml as part xcve2802-vsvh1760-2mp-e-s specified in board_part file is either invalid or not available
WARNING: [Board 49-26] cannot add Board Part xilinx.com:vek280:part0:1.2 available at /tools/Xilinx/2025.1/data/xhub/boards/XilinxBoardStore/boards/Xilinx/vek280/production/1.2/board.xml as part xcve2802-vsvh1760-2mp-e-s specified in board_part file is either invalid or not available
WARNING: [Board 49-26] cannot add Board Part xilinx.com:vek385:part0:1.0 available at /tools/Xilinx/2025.1/data/xhub/boards/XilinxBoardStore/boards/Xilinx/vek385/1.0/board.xml as part xc2ve3858-ssva2112-2mp-e-s specified in board_part file is either invalid or not available
WARNING: [Board 49-26] cannot add Board Part xilinx.com:vhk158:part0:1.0 available at /tools/Xilinx/2025.1/data/xhub/boards/XilinxBoardStore/boards/Xilinx/vhk158/production/1.0/board.xml as part xcvh1582-vsva3697-2mp-e-s specified in board_part file is either invalid or not available
WARNING: [Board 49-26] cannot add Board Part xilinx.com:vhk158:part0:1.1 available at /tools/Xilinx/2025.1/data/xhub/boards/XilinxBoardStore/boards/Xilinx/vhk158/production/1.1/board.xml as part xcvh1582-vsva3697-2mp-e-s specified in board_part file is either invalid or not available
WARNING: [Board 49-26] cannot add Board Part xilinx.com:vhk158:part0:1.2 available at /tools/Xilinx/2025.1/data/xhub/boards/XilinxBoardStore/boards/Xilinx/vhk158/production/1.2/board.xml as part xcvh1582-vsva3697-2mp-e-s specified in board_part file is either invalid or not available
WARNING: [Board 49-26] cannot add Board Part xilinx.com:vmk180:part0:2.2 available at /tools/Xilinx/2025.1/data/xhub/boards/XilinxBoardStore/boards/Xilinx/vmk180/production/2.2/board.xml as part xcvm1802-vsva2197-2mp-e-s specified in board_part file is either invalid or not available
WARNING: [Board 49-26] cannot add Board Part xilinx.com:vmk180:part0:3.0 available at /tools/Xilinx/2025.1/data/xhub/boards/XilinxBoardStore/boards/Xilinx/vmk180/production/3.0/board.xml as part xcvm1802-vsva2197-2mp-e-s specified in board_part file is either invalid or not available
WARNING: [Board 49-26] cannot add Board Part xilinx.com:vmk180:part0:3.1 available at /tools/Xilinx/2025.1/data/xhub/boards/XilinxBoardStore/boards/Xilinx/vmk180/production/3.1/board.xml as part xcvm1802-vsva2197-2mp-e-s specified in board_part file is either invalid or not available
WARNING: [Board 49-26] cannot add Board Part xilinx.com:vmk180:part0:3.2 available at /tools/Xilinx/2025.1/data/xhub/boards/XilinxBoardStore/boards/Xilinx/vmk180/production/3.2/board.xml as part xcvm1802-vsva2197-2mp-e-s specified in board_part file is either invalid or not available
WARNING: [Board 49-26] cannot add Board Part xilinx.com:vmk180:part0:3.3 available at /tools/Xilinx/2025.1/data/xhub/boards/XilinxBoardStore/boards/Xilinx/vmk180/production/3.3/board.xml as part xcvm1802-vsva2197-2mp-e-s specified in board_part file is either invalid or not available
WARNING: [Board 49-26] cannot add Board Part xilinx.com:vmk180_newl:part0:1.0 available at /tools/Xilinx/2025.1/data/xhub/boards/XilinxBoardStore/boards/Xilinx/vmk180_newl/production/1.0/board.xml as part xcvm1802-vsva2197-2mp-e-s specified in board_part file is either invalid or not available
WARNING: [Board 49-26] cannot add Board Part xilinx.com:vmk180_newl:part0:1.1 available at /tools/Xilinx/2025.1/data/xhub/boards/XilinxBoardStore/boards/Xilinx/vmk180_newl/production/1.1/board.xml as part xcvm1802-vsva2197-2mp-e-s specified in board_part file is either invalid or not available
WARNING: [Board 49-26] cannot add Board Part xilinx.com:vpk120:part0:1.0 available at /tools/Xilinx/2025.1/data/xhub/boards/XilinxBoardStore/boards/Xilinx/vpk120/production/1.0/board.xml as part xcvp1202-vsva2785-2mp-e-s specified in board_part file is either invalid or not available
WARNING: [Board 49-26] cannot add Board Part xilinx.com:vpk120:part0:1.1 available at /tools/Xilinx/2025.1/data/xhub/boards/XilinxBoardStore/boards/Xilinx/vpk120/production/1.1/board.xml as part xcvp1202-vsva2785-2mp-e-s specified in board_part file is either invalid or not available
WARNING: [Board 49-26] cannot add Board Part xilinx.com:vpk120:part0:1.2 available at /tools/Xilinx/2025.1/data/xhub/boards/XilinxBoardStore/boards/Xilinx/vpk120/production/1.2/board.xml as part xcvp1202-vsva2785-2mp-e-s specified in board_part file is either invalid or not available
WARNING: [Board 49-26] cannot add Board Part xilinx.com:vpk180:part0:1.0 available at /tools/Xilinx/2025.1/data/xhub/boards/XilinxBoardStore/boards/Xilinx/vpk180/production/1.0/board.xml as part xcvp1802-lsvc4072-2mp-e-s specified in board_part file is either invalid or not available
WARNING: [Board 49-26] cannot add Board Part xilinx.com:vpk180:part0:1.1 available at /tools/Xilinx/2025.1/data/xhub/boards/XilinxBoardStore/boards/Xilinx/vpk180/production/1.1/board.xml as part xcvp1802-lsvc4072-2mp-e-s specified in board_part file is either invalid or not available
WARNING: [Board 49-26] cannot add Board Part xilinx.com:vpk180:part0:1.2 available at /tools/Xilinx/2025.1/data/xhub/boards/XilinxBoardStore/boards/Xilinx/vpk180/production/1.2/board.xml as part xcvp1802-lsvc4072-2mp-e-s specified in board_part file is either invalid or not available
WARNING: [Board 49-26] cannot add Board Part xilinx.com:zcu208ld:part0:2.0 available at /tools/Xilinx/2025.1/data/xhub/boards/XilinxBoardStore/boards/Xilinx/zcu208ld/production/2.0/board.xml as part xczu58dr-fsvg1517-2-i specified in board_part file is either invalid or not available
WARNING: [Board 49-26] cannot add Board Part xilinx.com:zcu216ld:part0:2.0 available at /tools/Xilinx/2025.1/data/xhub/boards/XilinxBoardStore/boards/Xilinx/zcu216ld/production/2.0/board.xml as part xczu59dr-ffvf1760-2-i specified in board_part file is either invalid or not available
WARNING: [Board 49-26] cannot add Board Part xilinx.com:zcu670ld:part0:1.0 available at /tools/Xilinx/2025.1/data/xhub/boards/XilinxBoardStore/boards/Xilinx/zcu670ld/1.0/board.xml as part xczu57dr-fsve1156-2-i specified in board_part file is either invalid or not available
INFO: [IP_Flow 19-234] Refreshing IP repositories
INFO: [IP_Flow 19-1700] Loaded user IP repository '/home/thagenlo/Desktop/rfsoc_proj_NEW.xpr/rfsoc_proj/rfsoc_proj.ipdefs/iq_framer_1_0'.
INFO: [IP_Flow 19-1700] Loaded user IP repository '/home/thagenlo/Desktop/top_ip'.
INFO: [IP_Flow 19-1700] Loaded user IP repository '/home/thagenlo/Desktop/rfsoc_proj_NEW.xpr/rfsoc_proj/rfsoc_proj.ipdefs/mmio_interface_1_0'.
INFO: [IP_Flow 19-795] Syncing license key meta-data
WARNING: [filemgmt 56-199] Attempt to get parsing info during refresh. "On-the-fly" syntax checking information may be incorrect. [/home/thagenlo/Desktop/top_ip/src/cordic.sv:]
WARNING: [filemgmt 56-199] Attempt to get parsing info during refresh. "On-the-fly" syntax checking information may be incorrect. [/home/thagenlo/Desktop/top_ip/src/top.sv:]
WARNING: [filemgmt 56-199] Attempt to get parsing info during refresh. "On-the-fly" syntax checking information may be incorrect. [/home/thagenlo/Desktop/top_ip/src/cordic.sv:]
WARNING: [filemgmt 56-199] Attempt to get parsing info during refresh. "On-the-fly" syntax checking information may be incorrect. [/home/thagenlo/Desktop/top_ip/src/cordic.sv:]
update_compile_order -fileset sources_1
WARNING: [filemgmt 56-199] Attempt to get parsing info during refresh. "On-the-fly" syntax checking information may be incorrect. [/home/thagenlo/Desktop/top_ip/src/cordic.sv:]
WARNING: [filemgmt 56-199] Attempt to get parsing info during refresh. "On-the-fly" syntax checking information may be incorrect. [/home/thagenlo/Desktop/top_ip/src/top.sv:]
WARNING: [filemgmt 56-199] Attempt to get parsing info during refresh. "On-the-fly" syntax checking information may be incorrect. [/home/thagenlo/Desktop/top_ip/src/top.sv:]
WARNING: [filemgmt 56-199] Attempt to get parsing info during refresh. "On-the-fly" syntax checking information may be incorrect. [/home/thagenlo/Desktop/top_ip/src/top.sv:]
close_project
current_project rfsoc_proj
current_project top_v1_0_project
close_project
ipx::edit_ip_in_project -upgrade true -name mmio_interface_v1_0_project -directory /home/thagenlo/Desktop/rfsoc_proj_NEW.xpr/rfsoc_proj/rfsoc_proj.tmp/mmio_interface_v1_0_project /home/thagenlo/Desktop/rfsoc_proj_NEW.xpr/rfsoc_proj/rfsoc_proj.ipdefs/mmio_interface_1_0/component.xml
INFO: [IP_Flow 19-234] Refreshing IP repositories
INFO: [IP_Flow 19-1704] No user IP repositories specified
INFO: [IP_Flow 19-2313] Loaded Vivado IP repository '/tools/Xilinx/2025.1/Vivado/data/ip'.
WARNING: [Board 49-26] cannot add Board Part xilinx.com:emb-plus-vpr-4616:part0:1.0 available at /tools/Xilinx/2025.1/data/xhub/boards/XilinxBoardStore/boards/Xilinx/emb-plus-vpr-4616/1.0/board.xml as part xcve2302-sfva784-2mp-e-s specified in board_part file is either invalid or not available
WARNING: [Board 49-26] cannot add Board Part xilinx.com:emb-plus-vpr-4616:part0:1.1 available at /tools/Xilinx/2025.1/data/xhub/boards/XilinxBoardStore/boards/Xilinx/emb-plus-vpr-4616/1.1/board.xml as part xcve2302-sfva784-2mp-e-s specified in board_part file is either invalid or not available
WARNING: [Board 49-26] cannot add Board Part xilinx.com:v80:part0:1.0 available at /tools/Xilinx/2025.1/data/xhub/boards/XilinxBoardStore/boards/Xilinx/v80/1.0/board.xml as part xcv80-lsva4737-2mhp-e-s specified in board_part file is either invalid or not available
WARNING: [Board 49-26] cannot add Board Part xilinx.com:vck190:part0:2.2 available at /tools/Xilinx/2025.1/data/xhub/boards/XilinxBoardStore/boards/Xilinx/vck190/production/2.2/board.xml as part xcvc1902-vsva2197-2mp-e-s specified in board_part file is either invalid or not available
WARNING: [Board 49-26] cannot add Board Part xilinx.com:vck190:part0:3.0 available at /tools/Xilinx/2025.1/data/xhub/boards/XilinxBoardStore/boards/Xilinx/vck190/production/3.0/board.xml as part xcvc1902-vsva2197-2mp-e-s specified in board_part file is either invalid or not available
WARNING: [Board 49-26] cannot add Board Part xilinx.com:vck190:part0:3.1 available at /tools/Xilinx/2025.1/data/xhub/boards/XilinxBoardStore/boards/Xilinx/vck190/production/3.1/board.xml as part xcvc1902-vsva2197-2mp-e-s specified in board_part file is either invalid or not available
WARNING: [Board 49-26] cannot add Board Part xilinx.com:vck190:part0:3.2 available at /tools/Xilinx/2025.1/data/xhub/boards/XilinxBoardStore/boards/Xilinx/vck190/production/3.2/board.xml as part xcvc1902-vsva2197-2mp-e-s specified in board_part file is either invalid or not available
WARNING: [Board 49-26] cannot add Board Part xilinx.com:vck190:part0:3.3 available at /tools/Xilinx/2025.1/data/xhub/boards/XilinxBoardStore/boards/Xilinx/vck190/production/3.3/board.xml as part xcvc1902-vsva2197-2mp-e-s specified in board_part file is either invalid or not available
WARNING: [Board 49-26] cannot add Board Part xilinx.com:vck190:part0:3.4 available at /tools/Xilinx/2025.1/data/xhub/boards/XilinxBoardStore/boards/Xilinx/vck190/production/3.4/board.xml as part xcvc1902-vsva2197-2mp-e-s specified in board_part file is either invalid or not available
WARNING: [Board 49-26] cannot add Board Part xilinx.com:vck190_newl:part0:1.0 available at /tools/Xilinx/2025.1/data/xhub/boards/XilinxBoardStore/boards/Xilinx/vck190_newl/production/1.0/board.xml as part xcvc1902-vsva2197-2mp-e-s specified in board_part file is either invalid or not available
WARNING: [Board 49-26] cannot add Board Part xilinx.com:vck190_newl:part0:1.1 available at /tools/Xilinx/2025.1/data/xhub/boards/XilinxBoardStore/boards/Xilinx/vck190_newl/production/1.1/board.xml as part xcvc1902-vsva2197-2mp-e-s specified in board_part file is either invalid or not available
WARNING: [Board 49-26] cannot add Board Part xilinx.com:vck190_newl:part0:1.2 available at /tools/Xilinx/2025.1/data/xhub/boards/XilinxBoardStore/boards/Xilinx/vck190_newl/production/1.2/board.xml as part xcvc1902-vsva2197-2mp-e-s specified in board_part file is either invalid or not available
WARNING: [Board 49-26] cannot add Board Part xilinx.com:vck190_newl:part0:1.3 available at /tools/Xilinx/2025.1/data/xhub/boards/XilinxBoardStore/boards/Xilinx/vck190_newl/production/1.3/board.xml as part xcvc1902-vsva2197-2mp-e-s specified in board_part file is either invalid or not available
WARNING: [Board 49-26] cannot add Board Part xilinx.com:vek280:part0:1.0 available at /tools/Xilinx/2025.1/data/xhub/boards/XilinxBoardStore/boards/Xilinx/vek280/production/1.0/board.xml as part xcve2802-vsvh1760-2mp-e-s specified in board_part file is either invalid or not available
WARNING: [Board 49-26] cannot add Board Part xilinx.com:vek280:part0:1.1 available at /tools/Xilinx/2025.1/data/xhub/boards/XilinxBoardStore/boards/Xilinx/vek280/production/1.1/board.xml as part xcve2802-vsvh1760-2mp-e-s specified in board_part file is either invalid or not available
WARNING: [Board 49-26] cannot add Board Part xilinx.com:vek280:part0:1.2 available at /tools/Xilinx/2025.1/data/xhub/boards/XilinxBoardStore/boards/Xilinx/vek280/production/1.2/board.xml as part xcve2802-vsvh1760-2mp-e-s specified in board_part file is either invalid or not available
WARNING: [Board 49-26] cannot add Board Part xilinx.com:vek385:part0:1.0 available at /tools/Xilinx/2025.1/data/xhub/boards/XilinxBoardStore/boards/Xilinx/vek385/1.0/board.xml as part xc2ve3858-ssva2112-2mp-e-s specified in board_part file is either invalid or not available
WARNING: [Board 49-26] cannot add Board Part xilinx.com:vhk158:part0:1.0 available at /tools/Xilinx/2025.1/data/xhub/boards/XilinxBoardStore/boards/Xilinx/vhk158/production/1.0/board.xml as part xcvh1582-vsva3697-2mp-e-s specified in board_part file is either invalid or not available
WARNING: [Board 49-26] cannot add Board Part xilinx.com:vhk158:part0:1.1 available at /tools/Xilinx/2025.1/data/xhub/boards/XilinxBoardStore/boards/Xilinx/vhk158/production/1.1/board.xml as part xcvh1582-vsva3697-2mp-e-s specified in board_part file is either invalid or not available
WARNING: [Board 49-26] cannot add Board Part xilinx.com:vhk158:part0:1.2 available at /tools/Xilinx/2025.1/data/xhub/boards/XilinxBoardStore/boards/Xilinx/vhk158/production/1.2/board.xml as part xcvh1582-vsva3697-2mp-e-s specified in board_part file is either invalid or not available
WARNING: [Board 49-26] cannot add Board Part xilinx.com:vmk180:part0:2.2 available at /tools/Xilinx/2025.1/data/xhub/boards/XilinxBoardStore/boards/Xilinx/vmk180/production/2.2/board.xml as part xcvm1802-vsva2197-2mp-e-s specified in board_part file is either invalid or not available
WARNING: [Board 49-26] cannot add Board Part xilinx.com:vmk180:part0:3.0 available at /tools/Xilinx/2025.1/data/xhub/boards/XilinxBoardStore/boards/Xilinx/vmk180/production/3.0/board.xml as part xcvm1802-vsva2197-2mp-e-s specified in board_part file is either invalid or not available
WARNING: [Board 49-26] cannot add Board Part xilinx.com:vmk180:part0:3.1 available at /tools/Xilinx/2025.1/data/xhub/boards/XilinxBoardStore/boards/Xilinx/vmk180/production/3.1/board.xml as part xcvm1802-vsva2197-2mp-e-s specified in board_part file is either invalid or not available
WARNING: [Board 49-26] cannot add Board Part xilinx.com:vmk180:part0:3.2 available at /tools/Xilinx/2025.1/data/xhub/boards/XilinxBoardStore/boards/Xilinx/vmk180/production/3.2/board.xml as part xcvm1802-vsva2197-2mp-e-s specified in board_part file is either invalid or not available
WARNING: [Board 49-26] cannot add Board Part xilinx.com:vmk180:part0:3.3 available at /tools/Xilinx/2025.1/data/xhub/boards/XilinxBoardStore/boards/Xilinx/vmk180/production/3.3/board.xml as part xcvm1802-vsva2197-2mp-e-s specified in board_part file is either invalid or not available
WARNING: [Board 49-26] cannot add Board Part xilinx.com:vmk180_newl:part0:1.0 available at /tools/Xilinx/2025.1/data/xhub/boards/XilinxBoardStore/boards/Xilinx/vmk180_newl/production/1.0/board.xml as part xcvm1802-vsva2197-2mp-e-s specified in board_part file is either invalid or not available
WARNING: [Board 49-26] cannot add Board Part xilinx.com:vmk180_newl:part0:1.1 available at /tools/Xilinx/2025.1/data/xhub/boards/XilinxBoardStore/boards/Xilinx/vmk180_newl/production/1.1/board.xml as part xcvm1802-vsva2197-2mp-e-s specified in board_part file is either invalid or not available
WARNING: [Board 49-26] cannot add Board Part xilinx.com:vpk120:part0:1.0 available at /tools/Xilinx/2025.1/data/xhub/boards/XilinxBoardStore/boards/Xilinx/vpk120/production/1.0/board.xml as part xcvp1202-vsva2785-2mp-e-s specified in board_part file is either invalid or not available
WARNING: [Board 49-26] cannot add Board Part xilinx.com:vpk120:part0:1.1 available at /tools/Xilinx/2025.1/data/xhub/boards/XilinxBoardStore/boards/Xilinx/vpk120/production/1.1/board.xml as part xcvp1202-vsva2785-2mp-e-s specified in board_part file is either invalid or not available
WARNING: [Board 49-26] cannot add Board Part xilinx.com:vpk120:part0:1.2 available at /tools/Xilinx/2025.1/data/xhub/boards/XilinxBoardStore/boards/Xilinx/vpk120/production/1.2/board.xml as part xcvp1202-vsva2785-2mp-e-s specified in board_part file is either invalid or not available
WARNING: [Board 49-26] cannot add Board Part xilinx.com:vpk180:part0:1.0 available at /tools/Xilinx/2025.1/data/xhub/boards/XilinxBoardStore/boards/Xilinx/vpk180/production/1.0/board.xml as part xcvp1802-lsvc4072-2mp-e-s specified in board_part file is either invalid or not available
WARNING: [Board 49-26] cannot add Board Part xilinx.com:vpk180:part0:1.1 available at /tools/Xilinx/2025.1/data/xhub/boards/XilinxBoardStore/boards/Xilinx/vpk180/production/1.1/board.xml as part xcvp1802-lsvc4072-2mp-e-s specified in board_part file is either invalid or not available
WARNING: [Board 49-26] cannot add Board Part xilinx.com:vpk180:part0:1.2 available at /tools/Xilinx/2025.1/data/xhub/boards/XilinxBoardStore/boards/Xilinx/vpk180/production/1.2/board.xml as part xcvp1802-lsvc4072-2mp-e-s specified in board_part file is either invalid or not available
WARNING: [Board 49-26] cannot add Board Part xilinx.com:zcu208ld:part0:2.0 available at /tools/Xilinx/2025.1/data/xhub/boards/XilinxBoardStore/boards/Xilinx/zcu208ld/production/2.0/board.xml as part xczu58dr-fsvg1517-2-i specified in board_part file is either invalid or not available
WARNING: [Board 49-26] cannot add Board Part xilinx.com:zcu216ld:part0:2.0 available at /tools/Xilinx/2025.1/data/xhub/boards/XilinxBoardStore/boards/Xilinx/zcu216ld/production/2.0/board.xml as part xczu59dr-ffvf1760-2-i specified in board_part file is either invalid or not available
WARNING: [Board 49-26] cannot add Board Part xilinx.com:zcu670ld:part0:1.0 available at /tools/Xilinx/2025.1/data/xhub/boards/XilinxBoardStore/boards/Xilinx/zcu670ld/1.0/board.xml as part xczu57dr-fsve1156-2-i specified in board_part file is either invalid or not available
INFO: [IP_Flow 19-234] Refreshing IP repositories
INFO: [IP_Flow 19-1700] Loaded user IP repository '/home/thagenlo/Desktop/rfsoc_proj_NEW.xpr/rfsoc_proj/rfsoc_proj.ipdefs/iq_framer_1_0'.
INFO: [IP_Flow 19-1700] Loaded user IP repository '/home/thagenlo/Desktop/top_ip'.
INFO: [IP_Flow 19-1700] Loaded user IP repository '/home/thagenlo/Desktop/rfsoc_proj_NEW.xpr/rfsoc_proj/rfsoc_proj.ipdefs/mmio_interface_1_0'.
INFO: [IP_Flow 19-795] Syncing license key meta-data
update_compile_order -fileset sources_1
WARNING: [filemgmt 56-199] Attempt to get parsing info during refresh. "On-the-fly" syntax checking information may be incorrect. [/home/thagenlo/Desktop/rfsoc_proj_NEW.xpr/rfsoc_proj/rfsoc_proj.ipdefs/mmio_interface_1_0/hdl/mmio_interface.v:]
WARNING: [filemgmt 56-199] Attempt to get parsing info during refresh. "On-the-fly" syntax checking information may be incorrect. [/home/thagenlo/Desktop/rfsoc_proj_NEW.xpr/rfsoc_proj/rfsoc_proj.ipdefs/mmio_interface_1_0/hdl/mmio_interface_slave_lite_v1_0_S00_AXI.v:]
WARNING: [filemgmt 56-199] Attempt to get parsing info during refresh. "On-the-fly" syntax checking information may be incorrect. [/home/thagenlo/Desktop/rfsoc_proj_NEW.xpr/rfsoc_proj/rfsoc_proj.ipdefs/mmio_interface_1_0/hdl/mmio_interface_slave_lite_v1_0_S00_AXI.v:]
WARNING: [filemgmt 56-199] Attempt to get parsing info during refresh. "On-the-fly" syntax checking information may be incorrect. [/home/thagenlo/Desktop/rfsoc_proj_NEW.xpr/rfsoc_proj/rfsoc_proj.ipdefs/mmio_interface_1_0/hdl/mmio_interface_slave_lite_v1_0_S00_AXI.v:]
WARNING: [filemgmt 56-199] Attempt to get parsing info during refresh. "On-the-fly" syntax checking information may be incorrect. [/home/thagenlo/Desktop/rfsoc_proj_NEW.xpr/rfsoc_proj/rfsoc_proj.ipdefs/mmio_interface_1_0/hdl/mmio_interface.v:]
WARNING: [filemgmt 56-199] Attempt to get parsing info during refresh. "On-the-fly" syntax checking information may be incorrect. [/home/thagenlo/Desktop/rfsoc_proj_NEW.xpr/rfsoc_proj/rfsoc_proj.ipdefs/mmio_interface_1_0/hdl/mmio_interface_slave_lite_v1_0_S00_AXI.v:]
WARNING: [filemgmt 56-199] Attempt to get parsing info during refresh. "On-the-fly" syntax checking information may be incorrect. [/home/thagenlo/Desktop/rfsoc_proj_NEW.xpr/rfsoc_proj/rfsoc_proj.ipdefs/mmio_interface_1_0/hdl/mmio_interface_slave_lite_v1_0_S00_AXI.v:]
WARNING: [filemgmt 56-199] Attempt to get parsing info during refresh. "On-the-fly" syntax checking information may be incorrect. [/home/thagenlo/Desktop/rfsoc_proj_NEW.xpr/rfsoc_proj/rfsoc_proj.ipdefs/mmio_interface_1_0/hdl/mmio_interface_slave_lite_v1_0_S00_AXI.v:]
WARNING: [filemgmt 56-199] Attempt to get parsing info during refresh. "On-the-fly" syntax checking information may be incorrect. [/home/thagenlo/Desktop/rfsoc_proj_NEW.xpr/rfsoc_proj/rfsoc_proj.ipdefs/mmio_interface_1_0/hdl/mmio_interface.v:]
WARNING: [filemgmt 56-199] Attempt to get parsing info during refresh. "On-the-fly" syntax checking information may be incorrect. [/home/thagenlo/Desktop/rfsoc_proj_NEW.xpr/rfsoc_proj/rfsoc_proj.ipdefs/mmio_interface_1_0/hdl/mmio_interface_slave_lite_v1_0_S00_AXI.v:]
WARNING: [filemgmt 56-199] Attempt to get parsing info during refresh. "On-the-fly" syntax checking information may be incorrect. [/home/thagenlo/Desktop/rfsoc_proj_NEW.xpr/rfsoc_proj/rfsoc_proj.ipdefs/mmio_interface_1_0/hdl/mmio_interface_slave_lite_v1_0_S00_AXI.v:]
WARNING: [filemgmt 56-199] Attempt to get parsing info during refresh. "On-the-fly" syntax checking information may be incorrect. [/home/thagenlo/Desktop/rfsoc_proj_NEW.xpr/rfsoc_proj/rfsoc_proj.ipdefs/mmio_interface_1_0/hdl/mmio_interface_slave_lite_v1_0_S00_AXI.v:]
WARNING: [filemgmt 56-199] Attempt to get parsing info during refresh. "On-the-fly" syntax checking information may be incorrect. [/home/thagenlo/Desktop/rfsoc_proj_NEW.xpr/rfsoc_proj/rfsoc_proj.ipdefs/mmio_interface_1_0/hdl/mmio_interface.v:]
WARNING: [filemgmt 56-199] Attempt to get parsing info during refresh. "On-the-fly" syntax checking information may be incorrect. [/home/thagenlo/Desktop/rfsoc_proj_NEW.xpr/rfsoc_proj/rfsoc_proj.ipdefs/mmio_interface_1_0/hdl/mmio_interface_slave_lite_v1_0_S00_AXI.v:]
WARNING: [filemgmt 56-199] Attempt to get parsing info during refresh. "On-the-fly" syntax checking information may be incorrect. [/home/thagenlo/Desktop/rfsoc_proj_NEW.xpr/rfsoc_proj/rfsoc_proj.ipdefs/mmio_interface_1_0/hdl/mmio_interface_slave_lite_v1_0_S00_AXI.v:]
WARNING: [filemgmt 56-199] Attempt to get parsing info during refresh. "On-the-fly" syntax checking information may be incorrect. [/home/thagenlo/Desktop/rfsoc_proj_NEW.xpr/rfsoc_proj/rfsoc_proj.ipdefs/mmio_interface_1_0/hdl/mmio_interface_slave_lite_v1_0_S00_AXI.v:]
ipx::merge_project_changes files [ipx::current_core]
WARNING: [filemgmt 56-199] Attempt to get parsing info during refresh. "On-the-fly" syntax checking information may be incorrect. [/home/thagenlo/Desktop/rfsoc_proj_NEW.xpr/rfsoc_proj/rfsoc_proj.ipdefs/mmio_interface_1_0/hdl/mmio_interface.v:]
WARNING: [filemgmt 56-199] Attempt to get parsing info during refresh. "On-the-fly" syntax checking information may be incorrect. [/home/thagenlo/Desktop/rfsoc_proj_NEW.xpr/rfsoc_proj/rfsoc_proj.ipdefs/mmio_interface_1_0/hdl/mmio_interface_slave_lite_v1_0_S00_AXI.v:]
WARNING: [filemgmt 56-199] Attempt to get parsing info during refresh. "On-the-fly" syntax checking information may be incorrect. [/home/thagenlo/Desktop/rfsoc_proj_NEW.xpr/rfsoc_proj/rfsoc_proj.ipdefs/mmio_interface_1_0/hdl/mmio_interface_slave_lite_v1_0_S00_AXI.v:]
WARNING: [filemgmt 56-199] Attempt to get parsing info during refresh. "On-the-fly" syntax checking information may be incorrect. [/home/thagenlo/Desktop/rfsoc_proj_NEW.xpr/rfsoc_proj/rfsoc_proj.ipdefs/mmio_interface_1_0/hdl/mmio_interface_slave_lite_v1_0_S00_AXI.v:]
WARNING: [filemgmt 56-199] Attempt to get parsing info during refresh. "On-the-fly" syntax checking information may be incorrect. [/home/thagenlo/Desktop/rfsoc_proj_NEW.xpr/rfsoc_proj/rfsoc_proj.ipdefs/mmio_interface_1_0/hdl/mmio_interface.v:]
WARNING: [filemgmt 56-199] Attempt to get parsing info during refresh. "On-the-fly" syntax checking information may be incorrect. [/home/thagenlo/Desktop/rfsoc_proj_NEW.xpr/rfsoc_proj/rfsoc_proj.ipdefs/mmio_interface_1_0/hdl/mmio_interface_slave_lite_v1_0_S00_AXI.v:]
WARNING: [filemgmt 56-199] Attempt to get parsing info during refresh. "On-the-fly" syntax checking information may be incorrect. [/home/thagenlo/Desktop/rfsoc_proj_NEW.xpr/rfsoc_proj/rfsoc_proj.ipdefs/mmio_interface_1_0/hdl/mmio_interface_slave_lite_v1_0_S00_AXI.v:]
WARNING: [filemgmt 56-199] Attempt to get parsing info during refresh. "On-the-fly" syntax checking information may be incorrect. [/home/thagenlo/Desktop/rfsoc_proj_NEW.xpr/rfsoc_proj/rfsoc_proj.ipdefs/mmio_interface_1_0/hdl/mmio_interface_slave_lite_v1_0_S00_AXI.v:]
ipx::merge_project_changes files [ipx::current_core]
ipx::merge_project_changes hdl_parameters [ipx::current_core]
WARNING: [IP_Flow 19-4300] HDL parameter 'C_S00_AXI_DATA_WIDTH' has its value changed from '32' to '8'.
WARNING: [IP_Flow 19-4300] HDL parameter 'C_S00_AXI_ADDR_WIDTH' has its value changed from '5' to '4'.
INFO: [IP_Flow 19-3166] Bus Interface 'S00_AXI': References existing memory map 'S00_AXI'.
ERROR: [IP_Flow 19-3461] Value '8' is out of the range for parameter 'C S00 AXI DATA WIDTH(C_S00_AXI_DATA_WIDTH)' for IP 'mmio_interface_0' . Valid values are - 32
CRITICAL WARNING: [IP_Flow 19-5622] Failed to create IP instance 'mmio_interface_0'. Failed to customize IP instance 'mmio_interface_0'. Failed to load customization data
close_project
startgroup
create_bd_cell -type inline_hdl -vlnv xilinx.com:inline_hdl:ilslice:1.0 ilslice_0
endgroup
update_ip_catalog -rebuild -scan_changes
INFO: [IP_Flow 19-234] Refreshing IP repositories
INFO: [IP_Flow 19-1700] Loaded user IP repository '/home/thagenlo/Desktop/rfsoc_proj_NEW.xpr/rfsoc_proj/rfsoc_proj.ipdefs/iq_framer_1_0'.
INFO: [IP_Flow 19-1700] Loaded user IP repository '/home/thagenlo/Desktop/top_ip'.
INFO: [IP_Flow 19-1700] Loaded user IP repository '/home/thagenlo/Desktop/rfsoc_proj_NEW.xpr/rfsoc_proj/rfsoc_proj.ipdefs/mmio_interface_1_0'.
report_ip_status -name ip_status
upgrade_ip -vlnv user.org:user:mmio_interface:1.0 [get_ips  design_1_mmio_interface_0_0] -log ip_upgrade.log
Upgrading '/home/thagenlo/Desktop/rfsoc_proj_NEW.xpr/rfsoc_proj/rfsoc_proj.srcs/sources_1/bd/design_1/design_1.bd'
INFO: [IP_Flow 19-3420] Updated design_1_mmio_interface_0_0 to use current project options
Wrote  : </home/thagenlo/Desktop/rfsoc_proj_NEW.xpr/rfsoc_proj/rfsoc_proj.srcs/sources_1/bd/design_1/design_1.bd> 
Wrote  : </home/thagenlo/Desktop/rfsoc_proj_NEW.xpr/rfsoc_proj/rfsoc_proj.srcs/sources_1/bd/design_1/ui/bd_1f5defd0.ui> 
INFO: [Coretcl 2-1525] Wrote upgrade log to '/home/thagenlo/Desktop/rfsoc_proj_NEW.xpr/rfsoc_proj/ip_upgrade.log'.
export_ip_user_files -of_objects [get_ips design_1_mmio_interface_0_0] -no_script -sync -force -quiet
ipx::edit_ip_in_project -upgrade true -name mmio_interface_v1_0_project -directory /home/thagenlo/Desktop/rfsoc_proj_NEW.xpr/rfsoc_proj/rfsoc_proj.tmp/mmio_interface_v1_0_project /home/thagenlo/Desktop/rfsoc_proj_NEW.xpr/rfsoc_proj/rfsoc_proj.ipdefs/mmio_interface_1_0/component.xml
INFO: [IP_Flow 19-234] Refreshing IP repositories
INFO: [IP_Flow 19-1704] No user IP repositories specified
INFO: [IP_Flow 19-2313] Loaded Vivado IP repository '/tools/Xilinx/2025.1/Vivado/data/ip'.
WARNING: [Board 49-26] cannot add Board Part xilinx.com:emb-plus-vpr-4616:part0:1.0 available at /tools/Xilinx/2025.1/data/xhub/boards/XilinxBoardStore/boards/Xilinx/emb-plus-vpr-4616/1.0/board.xml as part xcve2302-sfva784-2mp-e-s specified in board_part file is either invalid or not available
WARNING: [Board 49-26] cannot add Board Part xilinx.com:emb-plus-vpr-4616:part0:1.1 available at /tools/Xilinx/2025.1/data/xhub/boards/XilinxBoardStore/boards/Xilinx/emb-plus-vpr-4616/1.1/board.xml as part xcve2302-sfva784-2mp-e-s specified in board_part file is either invalid or not available
WARNING: [Board 49-26] cannot add Board Part xilinx.com:v80:part0:1.0 available at /tools/Xilinx/2025.1/data/xhub/boards/XilinxBoardStore/boards/Xilinx/v80/1.0/board.xml as part xcv80-lsva4737-2mhp-e-s specified in board_part file is either invalid or not available
WARNING: [Board 49-26] cannot add Board Part xilinx.com:vck190:part0:2.2 available at /tools/Xilinx/2025.1/data/xhub/boards/XilinxBoardStore/boards/Xilinx/vck190/production/2.2/board.xml as part xcvc1902-vsva2197-2mp-e-s specified in board_part file is either invalid or not available
WARNING: [Board 49-26] cannot add Board Part xilinx.com:vck190:part0:3.0 available at /tools/Xilinx/2025.1/data/xhub/boards/XilinxBoardStore/boards/Xilinx/vck190/production/3.0/board.xml as part xcvc1902-vsva2197-2mp-e-s specified in board_part file is either invalid or not available
WARNING: [Board 49-26] cannot add Board Part xilinx.com:vck190:part0:3.1 available at /tools/Xilinx/2025.1/data/xhub/boards/XilinxBoardStore/boards/Xilinx/vck190/production/3.1/board.xml as part xcvc1902-vsva2197-2mp-e-s specified in board_part file is either invalid or not available
WARNING: [Board 49-26] cannot add Board Part xilinx.com:vck190:part0:3.2 available at /tools/Xilinx/2025.1/data/xhub/boards/XilinxBoardStore/boards/Xilinx/vck190/production/3.2/board.xml as part xcvc1902-vsva2197-2mp-e-s specified in board_part file is either invalid or not available
WARNING: [Board 49-26] cannot add Board Part xilinx.com:vck190:part0:3.3 available at /tools/Xilinx/2025.1/data/xhub/boards/XilinxBoardStore/boards/Xilinx/vck190/production/3.3/board.xml as part xcvc1902-vsva2197-2mp-e-s specified in board_part file is either invalid or not available
WARNING: [Board 49-26] cannot add Board Part xilinx.com:vck190:part0:3.4 available at /tools/Xilinx/2025.1/data/xhub/boards/XilinxBoardStore/boards/Xilinx/vck190/production/3.4/board.xml as part xcvc1902-vsva2197-2mp-e-s specified in board_part file is either invalid or not available
WARNING: [Board 49-26] cannot add Board Part xilinx.com:vck190_newl:part0:1.0 available at /tools/Xilinx/2025.1/data/xhub/boards/XilinxBoardStore/boards/Xilinx/vck190_newl/production/1.0/board.xml as part xcvc1902-vsva2197-2mp-e-s specified in board_part file is either invalid or not available
WARNING: [Board 49-26] cannot add Board Part xilinx.com:vck190_newl:part0:1.1 available at /tools/Xilinx/2025.1/data/xhub/boards/XilinxBoardStore/boards/Xilinx/vck190_newl/production/1.1/board.xml as part xcvc1902-vsva2197-2mp-e-s specified in board_part file is either invalid or not available
WARNING: [Board 49-26] cannot add Board Part xilinx.com:vck190_newl:part0:1.2 available at /tools/Xilinx/2025.1/data/xhub/boards/XilinxBoardStore/boards/Xilinx/vck190_newl/production/1.2/board.xml as part xcvc1902-vsva2197-2mp-e-s specified in board_part file is either invalid or not available
WARNING: [Board 49-26] cannot add Board Part xilinx.com:vck190_newl:part0:1.3 available at /tools/Xilinx/2025.1/data/xhub/boards/XilinxBoardStore/boards/Xilinx/vck190_newl/production/1.3/board.xml as part xcvc1902-vsva2197-2mp-e-s specified in board_part file is either invalid or not available
WARNING: [Board 49-26] cannot add Board Part xilinx.com:vek280:part0:1.0 available at /tools/Xilinx/2025.1/data/xhub/boards/XilinxBoardStore/boards/Xilinx/vek280/production/1.0/board.xml as part xcve2802-vsvh1760-2mp-e-s specified in board_part file is either invalid or not available
WARNING: [Board 49-26] cannot add Board Part xilinx.com:vek280:part0:1.1 available at /tools/Xilinx/2025.1/data/xhub/boards/XilinxBoardStore/boards/Xilinx/vek280/production/1.1/board.xml as part xcve2802-vsvh1760-2mp-e-s specified in board_part file is either invalid or not available
WARNING: [Board 49-26] cannot add Board Part xilinx.com:vek280:part0:1.2 available at /tools/Xilinx/2025.1/data/xhub/boards/XilinxBoardStore/boards/Xilinx/vek280/production/1.2/board.xml as part xcve2802-vsvh1760-2mp-e-s specified in board_part file is either invalid or not available
WARNING: [Board 49-26] cannot add Board Part xilinx.com:vek385:part0:1.0 available at /tools/Xilinx/2025.1/data/xhub/boards/XilinxBoardStore/boards/Xilinx/vek385/1.0/board.xml as part xc2ve3858-ssva2112-2mp-e-s specified in board_part file is either invalid or not available
WARNING: [Board 49-26] cannot add Board Part xilinx.com:vhk158:part0:1.0 available at /tools/Xilinx/2025.1/data/xhub/boards/XilinxBoardStore/boards/Xilinx/vhk158/production/1.0/board.xml as part xcvh1582-vsva3697-2mp-e-s specified in board_part file is either invalid or not available
WARNING: [Board 49-26] cannot add Board Part xilinx.com:vhk158:part0:1.1 available at /tools/Xilinx/2025.1/data/xhub/boards/XilinxBoardStore/boards/Xilinx/vhk158/production/1.1/board.xml as part xcvh1582-vsva3697-2mp-e-s specified in board_part file is either invalid or not available
WARNING: [Board 49-26] cannot add Board Part xilinx.com:vhk158:part0:1.2 available at /tools/Xilinx/2025.1/data/xhub/boards/XilinxBoardStore/boards/Xilinx/vhk158/production/1.2/board.xml as part xcvh1582-vsva3697-2mp-e-s specified in board_part file is either invalid or not available
WARNING: [Board 49-26] cannot add Board Part xilinx.com:vmk180:part0:2.2 available at /tools/Xilinx/2025.1/data/xhub/boards/XilinxBoardStore/boards/Xilinx/vmk180/production/2.2/board.xml as part xcvm1802-vsva2197-2mp-e-s specified in board_part file is either invalid or not available
WARNING: [Board 49-26] cannot add Board Part xilinx.com:vmk180:part0:3.0 available at /tools/Xilinx/2025.1/data/xhub/boards/XilinxBoardStore/boards/Xilinx/vmk180/production/3.0/board.xml as part xcvm1802-vsva2197-2mp-e-s specified in board_part file is either invalid or not available
WARNING: [Board 49-26] cannot add Board Part xilinx.com:vmk180:part0:3.1 available at /tools/Xilinx/2025.1/data/xhub/boards/XilinxBoardStore/boards/Xilinx/vmk180/production/3.1/board.xml as part xcvm1802-vsva2197-2mp-e-s specified in board_part file is either invalid or not available
WARNING: [Board 49-26] cannot add Board Part xilinx.com:vmk180:part0:3.2 available at /tools/Xilinx/2025.1/data/xhub/boards/XilinxBoardStore/boards/Xilinx/vmk180/production/3.2/board.xml as part xcvm1802-vsva2197-2mp-e-s specified in board_part file is either invalid or not available
WARNING: [Board 49-26] cannot add Board Part xilinx.com:vmk180:part0:3.3 available at /tools/Xilinx/2025.1/data/xhub/boards/XilinxBoardStore/boards/Xilinx/vmk180/production/3.3/board.xml as part xcvm1802-vsva2197-2mp-e-s specified in board_part file is either invalid or not available
WARNING: [Board 49-26] cannot add Board Part xilinx.com:vmk180_newl:part0:1.0 available at /tools/Xilinx/2025.1/data/xhub/boards/XilinxBoardStore/boards/Xilinx/vmk180_newl/production/1.0/board.xml as part xcvm1802-vsva2197-2mp-e-s specified in board_part file is either invalid or not available
WARNING: [Board 49-26] cannot add Board Part xilinx.com:vmk180_newl:part0:1.1 available at /tools/Xilinx/2025.1/data/xhub/boards/XilinxBoardStore/boards/Xilinx/vmk180_newl/production/1.1/board.xml as part xcvm1802-vsva2197-2mp-e-s specified in board_part file is either invalid or not available
WARNING: [Board 49-26] cannot add Board Part xilinx.com:vpk120:part0:1.0 available at /tools/Xilinx/2025.1/data/xhub/boards/XilinxBoardStore/boards/Xilinx/vpk120/production/1.0/board.xml as part xcvp1202-vsva2785-2mp-e-s specified in board_part file is either invalid or not available
WARNING: [Board 49-26] cannot add Board Part xilinx.com:vpk120:part0:1.1 available at /tools/Xilinx/2025.1/data/xhub/boards/XilinxBoardStore/boards/Xilinx/vpk120/production/1.1/board.xml as part xcvp1202-vsva2785-2mp-e-s specified in board_part file is either invalid or not available
WARNING: [Board 49-26] cannot add Board Part xilinx.com:vpk120:part0:1.2 available at /tools/Xilinx/2025.1/data/xhub/boards/XilinxBoardStore/boards/Xilinx/vpk120/production/1.2/board.xml as part xcvp1202-vsva2785-2mp-e-s specified in board_part file is either invalid or not available
WARNING: [Board 49-26] cannot add Board Part xilinx.com:vpk180:part0:1.0 available at /tools/Xilinx/2025.1/data/xhub/boards/XilinxBoardStore/boards/Xilinx/vpk180/production/1.0/board.xml as part xcvp1802-lsvc4072-2mp-e-s specified in board_part file is either invalid or not available
WARNING: [Board 49-26] cannot add Board Part xilinx.com:vpk180:part0:1.1 available at /tools/Xilinx/2025.1/data/xhub/boards/XilinxBoardStore/boards/Xilinx/vpk180/production/1.1/board.xml as part xcvp1802-lsvc4072-2mp-e-s specified in board_part file is either invalid or not available
WARNING: [Board 49-26] cannot add Board Part xilinx.com:vpk180:part0:1.2 available at /tools/Xilinx/2025.1/data/xhub/boards/XilinxBoardStore/boards/Xilinx/vpk180/production/1.2/board.xml as part xcvp1802-lsvc4072-2mp-e-s specified in board_part file is either invalid or not available
WARNING: [Board 49-26] cannot add Board Part xilinx.com:zcu208ld:part0:2.0 available at /tools/Xilinx/2025.1/data/xhub/boards/XilinxBoardStore/boards/Xilinx/zcu208ld/production/2.0/board.xml as part xczu58dr-fsvg1517-2-i specified in board_part file is either invalid or not available
WARNING: [Board 49-26] cannot add Board Part xilinx.com:zcu216ld:part0:2.0 available at /tools/Xilinx/2025.1/data/xhub/boards/XilinxBoardStore/boards/Xilinx/zcu216ld/production/2.0/board.xml as part xczu59dr-ffvf1760-2-i specified in board_part file is either invalid or not available
WARNING: [Board 49-26] cannot add Board Part xilinx.com:zcu670ld:part0:1.0 available at /tools/Xilinx/2025.1/data/xhub/boards/XilinxBoardStore/boards/Xilinx/zcu670ld/1.0/board.xml as part xczu57dr-fsve1156-2-i specified in board_part file is either invalid or not available
INFO: [IP_Flow 19-234] Refreshing IP repositories
INFO: [IP_Flow 19-1700] Loaded user IP repository '/home/thagenlo/Desktop/rfsoc_proj_NEW.xpr/rfsoc_proj/rfsoc_proj.ipdefs/iq_framer_1_0'.
INFO: [IP_Flow 19-1700] Loaded user IP repository '/home/thagenlo/Desktop/top_ip'.
INFO: [IP_Flow 19-1700] Loaded user IP repository '/home/thagenlo/Desktop/rfsoc_proj_NEW.xpr/rfsoc_proj/rfsoc_proj.ipdefs/mmio_interface_1_0'.
INFO: [IP_Flow 19-795] Syncing license key meta-data
update_compile_order -fileset sources_1
WARNING: [filemgmt 56-199] Attempt to get parsing info during refresh. "On-the-fly" syntax checking information may be incorrect. [/home/thagenlo/Desktop/rfsoc_proj_NEW.xpr/rfsoc_proj/rfsoc_proj.ipdefs/mmio_interface_1_0/hdl/mmio_interface.v:]
WARNING: [filemgmt 56-199] Attempt to get parsing info during refresh. "On-the-fly" syntax checking information may be incorrect. [/home/thagenlo/Desktop/rfsoc_proj_NEW.xpr/rfsoc_proj/rfsoc_proj.ipdefs/mmio_interface_1_0/hdl/mmio_interface_slave_lite_v1_0_S00_AXI.v:]
WARNING: [filemgmt 56-199] Attempt to get parsing info during refresh. "On-the-fly" syntax checking information may be incorrect. [/home/thagenlo/Desktop/rfsoc_proj_NEW.xpr/rfsoc_proj/rfsoc_proj.ipdefs/mmio_interface_1_0/hdl/mmio_interface_slave_lite_v1_0_S00_AXI.v:]
WARNING: [filemgmt 56-199] Attempt to get parsing info during refresh. "On-the-fly" syntax checking information may be incorrect. [/home/thagenlo/Desktop/rfsoc_proj_NEW.xpr/rfsoc_proj/rfsoc_proj.ipdefs/mmio_interface_1_0/hdl/mmio_interface_slave_lite_v1_0_S00_AXI.v:]
WARNING: [filemgmt 56-199] Attempt to get parsing info during refresh. "On-the-fly" syntax checking information may be incorrect. [/home/thagenlo/Desktop/rfsoc_proj_NEW.xpr/rfsoc_proj/rfsoc_proj.ipdefs/mmio_interface_1_0/hdl/mmio_interface.v:]
WARNING: [filemgmt 56-199] Attempt to get parsing info during refresh. "On-the-fly" syntax checking information may be incorrect. [/home/thagenlo/Desktop/rfsoc_proj_NEW.xpr/rfsoc_proj/rfsoc_proj.ipdefs/mmio_interface_1_0/hdl/mmio_interface_slave_lite_v1_0_S00_AXI.v:]
WARNING: [filemgmt 56-199] Attempt to get parsing info during refresh. "On-the-fly" syntax checking information may be incorrect. [/home/thagenlo/Desktop/rfsoc_proj_NEW.xpr/rfsoc_proj/rfsoc_proj.ipdefs/mmio_interface_1_0/hdl/mmio_interface.v:]
WARNING: [filemgmt 56-199] Attempt to get parsing info during refresh. "On-the-fly" syntax checking information may be incorrect. [/home/thagenlo/Desktop/rfsoc_proj_NEW.xpr/rfsoc_proj/rfsoc_proj.ipdefs/mmio_interface_1_0/hdl/mmio_interface.v:]
WARNING: [filemgmt 56-199] Attempt to get parsing info during refresh. "On-the-fly" syntax checking information may be incorrect. [/home/thagenlo/Desktop/rfsoc_proj_NEW.xpr/rfsoc_proj/rfsoc_proj.ipdefs/mmio_interface_1_0/hdl/mmio_interface.v:]
WARNING: [filemgmt 56-199] Attempt to get parsing info during refresh. "On-the-fly" syntax checking information may be incorrect. [/home/thagenlo/Desktop/rfsoc_proj_NEW.xpr/rfsoc_proj/rfsoc_proj.ipdefs/mmio_interface_1_0/hdl/mmio_interface_slave_lite_v1_0_S00_AXI.v:]
WARNING: [filemgmt 56-199] Attempt to get parsing info during refresh. "On-the-fly" syntax checking information may be incorrect. [/home/thagenlo/Desktop/rfsoc_proj_NEW.xpr/rfsoc_proj/rfsoc_proj.ipdefs/mmio_interface_1_0/hdl/mmio_interface.v:]
WARNING: [filemgmt 56-199] Attempt to get parsing info during refresh. "On-the-fly" syntax checking information may be incorrect. [/home/thagenlo/Desktop/rfsoc_proj_NEW.xpr/rfsoc_proj/rfsoc_proj.ipdefs/mmio_interface_1_0/hdl/mmio_interface.v:]
ipx::merge_project_changes files [ipx::current_core]
ipx::merge_project_changes hdl_parameters [ipx::current_core]
INFO: [IP_Flow 19-3166] Bus Interface 'S00_AXI': References existing memory map 'S00_AXI'.
ipx::update_checksums [ipx::current_core]
ipx::save_core [ipx::current_core]
WARNING: [filemgmt 56-199] Attempt to get parsing info during refresh. "On-the-fly" syntax checking information may be incorrect. [/home/thagenlo/Desktop/rfsoc_proj_NEW.xpr/rfsoc_proj/rfsoc_proj.ipdefs/mmio_interface_1_0/hdl/mmio_interface.v:]
WARNING: [filemgmt 56-199] Attempt to get parsing info during refresh. "On-the-fly" syntax checking information may be incorrect. [/home/thagenlo/Desktop/rfsoc_proj_NEW.xpr/rfsoc_proj/rfsoc_proj.ipdefs/mmio_interface_1_0/hdl/mmio_interface_slave_lite_v1_0_S00_AXI.v:]
WARNING: [filemgmt 56-199] Attempt to get parsing info during refresh. "On-the-fly" syntax checking information may be incorrect. [/home/thagenlo/Desktop/rfsoc_proj_NEW.xpr/rfsoc_proj/rfsoc_proj.ipdefs/mmio_interface_1_0/hdl/mmio_interface.v:]
WARNING: [filemgmt 56-199] Attempt to get parsing info during refresh. "On-the-fly" syntax checking information may be incorrect. [/home/thagenlo/Desktop/rfsoc_proj_NEW.xpr/rfsoc_proj/rfsoc_proj.ipdefs/mmio_interface_1_0/hdl/mmio_interface.v:]
set_property core_revision 4 [ipx::current_core]
ipx::update_source_project_archive -component [ipx::current_core]
ipx::create_xgui_files [ipx::current_core]
ipx::update_checksums [ipx::current_core]
ipx::check_integrity [ipx::current_core]
WARNING: [IP_Flow 19-11889] HDL Parameter 'C_S00_AXI_DATA_WIDTH (C S00 AXI DATA WIDTH)': Order is obsolete with XGUI version >= 2.0
WARNING: [IP_Flow 19-11889] HDL Parameter 'C_S00_AXI_ADDR_WIDTH (C S00 AXI ADDR WIDTH)': Order is obsolete with XGUI version >= 2.0
WARNING: [IP_Flow 19-11770] Clock interface 'S00_AXI_CLK' has no FREQ_HZ parameter.
INFO: [IP_Flow 19-2181] Payment is not required for this core.
WARNING: [IP_Flow 19-2187] The Product Guide file is missing.
INFO: [Ipptcl 7-1486] check_integrity: Integrity check passed.
ipx::save_core [ipx::current_core]
ipx::move_temp_component_back -component [ipx::current_core]
close_project -delete
update_ip_catalog -rebuild -repo_path /home/thagenlo/Desktop/rfsoc_proj_NEW.xpr/rfsoc_proj/rfsoc_proj.ipdefs/mmio_interface_1_0
INFO: [IP_Flow 19-725] Reloaded user IP repository '/home/thagenlo/Desktop/rfsoc_proj_NEW.xpr/rfsoc_proj/rfsoc_proj.ipdefs/mmio_interface_1_0'
report_ip_status -name ip_status 
upgrade_ip -vlnv user.org:user:mmio_interface:1.0 [get_ips  design_1_mmio_interface_0_0] -log ip_upgrade.log
Upgrading '/home/thagenlo/Desktop/rfsoc_proj_NEW.xpr/rfsoc_proj/rfsoc_proj.srcs/sources_1/bd/design_1/design_1.bd'
INFO: [IP_Flow 19-3422] Upgraded design_1_mmio_interface_0_0 (mmio_interface_v1.0 1.0) from revision 3 to revision 4
Wrote  : </home/thagenlo/Desktop/rfsoc_proj_NEW.xpr/rfsoc_proj/rfsoc_proj.srcs/sources_1/bd/design_1/design_1.bd> 
INFO: [Coretcl 2-1525] Wrote upgrade log to '/home/thagenlo/Desktop/rfsoc_proj_NEW.xpr/rfsoc_proj/ip_upgrade.log'.
export_ip_user_files -of_objects [get_ips design_1_mmio_interface_0_0] -no_script -sync -force -quiet
generate_target all [get_files  /home/thagenlo/Desktop/rfsoc_proj_NEW.xpr/rfsoc_proj/rfsoc_proj.srcs/sources_1/bd/design_1/design_1.bd]
WARNING: [BD 41-1629] Slave segment </zynq_ultra_ps_e_0/SAXIGP2/HP0_LPS_OCM> is excluded from all addressing paths.
WARNING: [BD 41-1629] Slave segment </zynq_ultra_ps_e_0/SAXIGP2/HP0_DDR_HIGH> is excluded from all addressing paths.
WARNING: [BD 41-3281] Instance '/axi_dma_0' is connected on both sides by SmartConnects and cannot automatically configure itself to match the endpoints. Please manually configure its AXI interfaces as required for the design.
WARNING: [BD 41-3281] Instance '/zynq_ultra_ps_e_0' is connected on both sides by SmartConnects and cannot automatically configure itself to match the endpoints. Please manually configure its AXI interfaces as required for the design.
Excluding slave segment /zynq_ultra_ps_e_0/SAXIGP2/HP0_DDR_HIGH from address space /axi_dma_0/Data_S2MM.
Excluding slave segment /zynq_ultra_ps_e_0/SAXIGP2/HP0_LPS_OCM from address space /axi_dma_0/Data_S2MM.
Excluding slave segment /zynq_ultra_ps_e_0/SAXIGP2/HP0_DDR_HIGH from address space /axi_dma_0/Data_S2MM.
Excluding slave segment /zynq_ultra_ps_e_0/SAXIGP2/HP0_LPS_OCM from address space /axi_dma_0/Data_S2MM.
Excluding slave segment /zynq_ultra_ps_e_0/SAXIGP2/HP0_DDR_HIGH from address space /axi_dma_0/Data_S2MM.
Excluding slave segment /zynq_ultra_ps_e_0/SAXIGP2/HP0_LPS_OCM from address space /axi_dma_0/Data_S2MM.
Excluding slave segment /zynq_ultra_ps_e_0/SAXIGP2/HP0_DDR_HIGH from address space /axi_dma_0/Data_S2MM.
Excluding slave segment /zynq_ultra_ps_e_0/SAXIGP2/HP0_LPS_OCM from address space /axi_dma_0/Data_S2MM.
INFO: [PSU-1]  DP_AUDIO clock source: RPLL is also being used by other peripheral clocks. Their outputs may get impacted if any driver changes DP_AUDIO PLL source to support runtime audio change 
WARNING: [PSU-2]  DP_VIDEO clock source: DPLL is also being used by other peripheral clocks. Their outputs may get impacted if any driver changes DP_VIDEO PLL source to support runtime resolution change 
CRITICAL WARNING: [PSU-3]  Setting of DDR Row Address Count (Parameter PSU__DDRC__ROW_ADDR_COUNT) to 17 is not valid when the value of Device Capacity (Parameter PSU__DDRC__DEVICE_CAPACITY) is set to 8192. The valid value for Row Address Count (Parameter PSU__DDRC__ROW_ADDR_COUNT) is 16. 
INFO: [PSU-1]  DP_AUDIO clock source: RPLL is also being used by other peripheral clocks. Their outputs may get impacted if any driver changes DP_AUDIO PLL source to support runtime audio change 
WARNING: [PSU-2]  DP_VIDEO clock source: DPLL is also being used by other peripheral clocks. Their outputs may get impacted if any driver changes DP_VIDEO PLL source to support runtime resolution change 
CRITICAL WARNING: [PSU-3]  Setting of DDR Row Address Count (Parameter PSU__DDRC__ROW_ADDR_COUNT) to 17 is not valid when the value of Device Capacity (Parameter PSU__DDRC__DEVICE_CAPACITY) is set to 8192. The valid value for Row Address Count (Parameter PSU__DDRC__ROW_ADDR_COUNT) is 16. 
INFO: [BD 5-943] Reserving offset range <0xA000_0000 [ 64K ]> from slave interface '/axi_smc/S00_AXI' to master interface '/axi_smc/M00_AXI'. This will be used by smartconnect on path for routing.
INFO: [BD 5-943] Reserving offset range <0xA004_0000 [ 256K ]> from slave interface '/axi_smc/S00_AXI' to master interface '/axi_smc/M01_AXI'. This will be used by smartconnect on path for routing.
INFO: [BD 5-943] Reserving offset range <0xA001_0000 [ 64K ]> from slave interface '/axi_smc/S00_AXI' to master interface '/axi_smc/M02_AXI'. This will be used by smartconnect on path for routing.
INFO: [xilinx.com:ip:smartconnect:1.0-1] design_1_axi_smc_0: SmartConnect design_1_axi_smc_0 is in Low-Area Mode.
INFO: [BD 5-943] Reserving offset range <0x0000_0000 [ 2G ]> from slave interface '/axi_smc_1/S00_AXI' to master interface '/axi_smc_1/M00_AXI'. This will be used by smartconnect on path for routing.
INFO: [xilinx.com:ip:smartconnect:1.0-1] design_1_axi_smc_1_0: SmartConnect design_1_axi_smc_1_0 is in High-performance Mode.
Excluding slave segment /zynq_ultra_ps_e_0/SAXIGP2/HP0_DDR_HIGH from address space /axi_dma_0/Data_S2MM.
Excluding slave segment /zynq_ultra_ps_e_0/SAXIGP2/HP0_LPS_OCM from address space /axi_dma_0/Data_S2MM.
Excluding slave segment /zynq_ultra_ps_e_0/SAXIGP2/HP0_DDR_HIGH from address space /axi_dma_0/Data_S2MM.
Excluding slave segment /zynq_ultra_ps_e_0/SAXIGP2/HP0_LPS_OCM from address space /axi_dma_0/Data_S2MM.
Excluding slave segment /zynq_ultra_ps_e_0/SAXIGP2/HP0_DDR_HIGH from address space /axi_dma_0/Data_S2MM.
Excluding slave segment /zynq_ultra_ps_e_0/SAXIGP2/HP0_LPS_OCM from address space /axi_dma_0/Data_S2MM.
INFO: [xilinx.com:ip:cic_compiler:4.0-913] /cic_compiler_0 Input_Data_Width has been set to manual on the GUI. It will not be updated during validation with a propagated value.
INFO: [xilinx.com:ip:fir_compiler:7.2-308] /fir_compiler_1 S_AXIS_DATA-TDATA: Validating field: chan_0_path_0(16:0): fix16_0 against /cic_compiler_1 M_AXIS_DATA-TDATA: chan_0(16:0): fix16_0.
INFO: [xilinx.com:ip:cic_compiler:4.0-913] /cic_compiler_1 Input_Data_Width has been set to manual on the GUI. It will not be updated during validation with a propagated value.
INFO: [xilinx.com:ip:fir_compiler:7.2-308] /fir_compiler_0 S_AXIS_DATA-TDATA: Validating field: chan_0_path_0(16:0): fix16_0 against /cic_compiler_0 M_AXIS_DATA-TDATA: chan_0(16:0): fix16_0.
WARNING: [BD 41-926] Following properties on interface pin /top_0/s00_axis have been updated from connected ip, but BD cell '/top_0' does not accept parameter changes, so they may not be synchronized with cell properties:
	TDATA_NUM_BYTES = 4

Please resolve any mismatches by directly setting properties on BD cell </top_0> to completely resolve these warnings.
WARNING: [BD 41-926] Following properties on interface pin /top_0/m00_axis have been updated from connected ip, but BD cell '/top_0' does not accept parameter changes, so they may not be synchronized with cell properties:
	TDATA_NUM_BYTES = 4

Please resolve any mismatches by directly setting properties on BD cell </top_0> to completely resolve these warnings.
WARNING: [BD 41-237] Bus Interface property AWUSER_WIDTH does not match between /zynq_ultra_ps_e_0/S_AXI_HP0_FPD(1) and /axi_smc_1/M00_AXI(0)
WARNING: [BD 41-237] Bus Interface property ARUSER_WIDTH does not match between /zynq_ultra_ps_e_0/S_AXI_HP0_FPD(1) and /axi_smc_1/M00_AXI(0)
CRITICAL WARNING: [BD 41-759] The input pins (listed below) are either not connected or do not have a source port, and they don't have a tie-off specified. These pins are tied-off to all 0's to avoid error in Implementation flow.
Please check your design and connect them as needed: 
/top_0/MMIO_thresholds
/ilslice_0/Din

WARNING: [BD 41-2671] The dangling interface net <m00_aw_node_M_AXIS_ARB> will not be written out to the BD file.
WARNING: [BD 41-2671] The dangling interface net <m01_aw_node_M_AXIS_ARB> will not be written out to the BD file.
WARNING: [BD 41-2671] The dangling interface net <m02_aw_node_M_AXIS_ARB> will not be written out to the BD file.
Wrote  : </home/thagenlo/Desktop/rfsoc_proj_NEW.xpr/rfsoc_proj/rfsoc_proj.srcs/sources_1/bd/design_1/design_1.bd> 
Verilog Output written to : /home/thagenlo/Desktop/rfsoc_proj_NEW.xpr/rfsoc_proj/rfsoc_proj.gen/sources_1/bd/design_1/synth/design_1.v
Verilog Output written to : /home/thagenlo/Desktop/rfsoc_proj_NEW.xpr/rfsoc_proj/rfsoc_proj.gen/sources_1/bd/design_1/sim/design_1.v
Verilog Output written to : /home/thagenlo/Desktop/rfsoc_proj_NEW.xpr/rfsoc_proj/rfsoc_proj.gen/sources_1/bd/design_1/hdl/design_1_wrapper.v
INFO: [xilinx.com:ip:zynq_ultra_ps_e:3.5-0] design_1_zynq_ultra_ps_e_0_0: 
Changes in your design (including the PCW configuration settings) are not automatically exported from Vivado to Amd's SDK, Petalinux or Yocto.
This is by design to avoid disrupting existing embedded development efforts. To have any changes of your design taking effect in the embedded software flow please export your
design by going through Vivado's main menu, click on File, then Export finally select Export Hardware, please ensure you click on the Include BitStream option.
The auto-generated HDF file is all you need to import in Amd's SDK, Petalinux or Yocto for your changes to be reflected in the Embedded Software Flow.
For more information, please consult PG201, section: Exporting PCW Settings to Embedded Software Flows
INFO: [PSU-0] Address Range of DDR (0x7ff00000 to 0x7fffffff) is reserved by PMU for internal purpose.
INFO: [IP_Flow 19-5611] Unable to find an associated reset port for the interface 'M_AXI_HPM0_FPD'. A default connection has been created.
INFO: [IP_Flow 19-5611] Unable to find an associated reset port for the interface 'M_AXI_HPM1_FPD'. A default connection has been created.
INFO: [IP_Flow 19-5611] Unable to find an associated reset port for the interface 'M_AXI_HPM0_LPD'. A default connection has been created.
INFO: [IP_Flow 19-5611] Unable to find an associated reset port for the interface 'S_AXI_HP0_FPD'. A default connection has been created.
INFO: [BD 41-1029] Generation completed for the IP Integrator block zynq_ultra_ps_e_0 .
WARNING: [BD 41-2384] Width mismatch when connecting pin: '/s00_nodes/s00_ar_node/s_sc_payld'(171) to pin: '/s00_nodes/S_SC_AR_payld'(167) - Only lower order bits will be connected.
WARNING: [BD 41-2384] Width mismatch when connecting pin: '/s00_nodes/s00_aw_node/s_sc_payld'(171) to pin: '/s00_nodes/S_SC_AW_payld'(167) - Only lower order bits will be connected.
WARNING: [BD 41-2384] Width mismatch when connecting pin: '/s01_nodes/s01_ar_node/s_sc_payld'(171) to pin: '/s01_nodes/S_SC_AR_payld'(167) - Only lower order bits will be connected.
WARNING: [BD 41-2384] Width mismatch when connecting pin: '/s01_nodes/s01_aw_node/s_sc_payld'(171) to pin: '/s01_nodes/S_SC_AW_payld'(167) - Only lower order bits will be connected.
WARNING: [BD 41-2384] Width mismatch when connecting pin: '/s02_nodes/s02_ar_node/s_sc_payld'(171) to pin: '/s02_nodes/S_SC_AR_payld'(167) - Only lower order bits will be connected.
WARNING: [BD 41-2384] Width mismatch when connecting pin: '/s02_nodes/s02_aw_node/s_sc_payld'(171) to pin: '/s02_nodes/S_SC_AW_payld'(167) - Only lower order bits will be connected.
WARNING: [BD 41-2384] Width mismatch when connecting pin: '/m00_nodes/m00_r_node/s_sc_payld'(154) to pin: '/m00_nodes/S_SC_R_payld'(152) - Only lower order bits will be connected.
WARNING: [BD 41-2384] Width mismatch when connecting pin: '/m00_nodes/m00_b_node/s_sc_payld'(12) to pin: '/m00_nodes/S_SC_B_payld'(10) - Only lower order bits will be connected.
WARNING: [BD 41-2384] Width mismatch when connecting pin: '/m01_nodes/m01_r_node/s_sc_payld'(154) to pin: '/m01_nodes/S_SC_R_payld'(152) - Only lower order bits will be connected.
WARNING: [BD 41-2384] Width mismatch when connecting pin: '/m01_nodes/m01_b_node/s_sc_payld'(12) to pin: '/m01_nodes/S_SC_B_payld'(10) - Only lower order bits will be connected.
WARNING: [BD 41-2384] Width mismatch when connecting pin: '/m02_nodes/m02_r_node/s_sc_payld'(154) to pin: '/m02_nodes/S_SC_R_payld'(152) - Only lower order bits will be connected.
WARNING: [BD 41-2384] Width mismatch when connecting pin: '/m02_nodes/m02_b_node/s_sc_payld'(12) to pin: '/m02_nodes/S_SC_B_payld'(10) - Only lower order bits will be connected.
WARNING: [BD 41-2384] Width mismatch when connecting pin: '/s00_axi2sc/s_sc_r_payld'(152) to pin: '/s00_nodes/M_SC_R_payld'(154) - Only lower order bits will be connected.
WARNING: [BD 41-2384] Width mismatch when connecting pin: '/s00_axi2sc/s_sc_b_payld'(10) to pin: '/s00_nodes/M_SC_B_payld'(12) - Only lower order bits will be connected.
WARNING: [BD 41-2384] Width mismatch when connecting pin: '/s01_axi2sc/s_sc_r_payld'(152) to pin: '/s01_nodes/M_SC_R_payld'(154) - Only lower order bits will be connected.
WARNING: [BD 41-2384] Width mismatch when connecting pin: '/s01_axi2sc/s_sc_b_payld'(10) to pin: '/s01_nodes/M_SC_B_payld'(12) - Only lower order bits will be connected.
WARNING: [BD 41-2384] Width mismatch when connecting pin: '/s02_axi2sc/s_sc_r_payld'(152) to pin: '/s02_nodes/M_SC_R_payld'(154) - Only lower order bits will be connected.
WARNING: [BD 41-2384] Width mismatch when connecting pin: '/s02_axi2sc/s_sc_b_payld'(10) to pin: '/s02_nodes/M_SC_B_payld'(12) - Only lower order bits will be connected.
WARNING: [BD 41-2384] Width mismatch when connecting pin: '/m00_sc2axi/s_sc_ar_payld'(167) to pin: '/m00_nodes/M_SC_AR_payld'(171) - Only lower order bits will be connected.
WARNING: [BD 41-2384] Width mismatch when connecting pin: '/m00_sc2axi/s_sc_aw_payld'(167) to pin: '/m00_nodes/M_SC_AW_payld'(171) - Only lower order bits will be connected.
WARNING: [BD 41-2384] Width mismatch when connecting pin: '/m01_sc2axi/s_sc_ar_payld'(167) to pin: '/m01_nodes/M_SC_AR_payld'(171) - Only lower order bits will be connected.
WARNING: [BD 41-2384] Width mismatch when connecting pin: '/m01_sc2axi/s_sc_aw_payld'(167) to pin: '/m01_nodes/M_SC_AW_payld'(171) - Only lower order bits will be connected.
WARNING: [BD 41-2384] Width mismatch when connecting pin: '/m02_sc2axi/s_sc_ar_payld'(167) to pin: '/m02_nodes/M_SC_AR_payld'(171) - Only lower order bits will be connected.
WARNING: [BD 41-2384] Width mismatch when connecting pin: '/m02_sc2axi/s_sc_aw_payld'(167) to pin: '/m02_nodes/M_SC_AW_payld'(171) - Only lower order bits will be connected.
WARNING: [BD 41-2384] Width mismatch when connecting pin: '/s00_nodes/s00_ar_node/s_sc_payld'(171) to pin: '/s00_nodes/S_SC_AR_payld'(167) - Only lower order bits will be connected.
WARNING: [BD 41-2384] Width mismatch when connecting pin: '/s00_nodes/s00_aw_node/s_sc_payld'(171) to pin: '/s00_nodes/S_SC_AW_payld'(167) - Only lower order bits will be connected.
WARNING: [BD 41-2384] Width mismatch when connecting pin: '/s01_nodes/s01_ar_node/s_sc_payld'(171) to pin: '/s01_nodes/S_SC_AR_payld'(167) - Only lower order bits will be connected.
WARNING: [BD 41-2384] Width mismatch when connecting pin: '/s01_nodes/s01_aw_node/s_sc_payld'(171) to pin: '/s01_nodes/S_SC_AW_payld'(167) - Only lower order bits will be connected.
WARNING: [BD 41-2384] Width mismatch when connecting pin: '/s02_nodes/s02_ar_node/s_sc_payld'(171) to pin: '/s02_nodes/S_SC_AR_payld'(167) - Only lower order bits will be connected.
WARNING: [BD 41-2384] Width mismatch when connecting pin: '/s02_nodes/s02_aw_node/s_sc_payld'(171) to pin: '/s02_nodes/S_SC_AW_payld'(167) - Only lower order bits will be connected.
WARNING: [BD 41-2384] Width mismatch when connecting pin: '/m00_nodes/m00_r_node/s_sc_payld'(154) to pin: '/m00_nodes/S_SC_R_payld'(152) - Only lower order bits will be connected.
WARNING: [BD 41-2384] Width mismatch when connecting pin: '/m00_nodes/m00_b_node/s_sc_payld'(12) to pin: '/m00_nodes/S_SC_B_payld'(10) - Only lower order bits will be connected.
WARNING: [BD 41-2384] Width mismatch when connecting pin: '/m01_nodes/m01_r_node/s_sc_payld'(154) to pin: '/m01_nodes/S_SC_R_payld'(152) - Only lower order bits will be connected.
WARNING: [BD 41-2384] Width mismatch when connecting pin: '/m01_nodes/m01_b_node/s_sc_payld'(12) to pin: '/m01_nodes/S_SC_B_payld'(10) - Only lower order bits will be connected.
WARNING: [BD 41-2384] Width mismatch when connecting pin: '/m02_nodes/m02_r_node/s_sc_payld'(154) to pin: '/m02_nodes/S_SC_R_payld'(152) - Only lower order bits will be connected.
WARNING: [BD 41-2384] Width mismatch when connecting pin: '/m02_nodes/m02_b_node/s_sc_payld'(12) to pin: '/m02_nodes/S_SC_B_payld'(10) - Only lower order bits will be connected.
WARNING: [BD 41-2384] Width mismatch when connecting pin: '/s00_axi2sc/s_sc_r_payld'(152) to pin: '/s00_nodes/M_SC_R_payld'(154) - Only lower order bits will be connected.
WARNING: [BD 41-2384] Width mismatch when connecting pin: '/s00_axi2sc/s_sc_b_payld'(10) to pin: '/s00_nodes/M_SC_B_payld'(12) - Only lower order bits will be connected.
WARNING: [BD 41-2384] Width mismatch when connecting pin: '/s01_axi2sc/s_sc_r_payld'(152) to pin: '/s01_nodes/M_SC_R_payld'(154) - Only lower order bits will be connected.
WARNING: [BD 41-2384] Width mismatch when connecting pin: '/s01_axi2sc/s_sc_b_payld'(10) to pin: '/s01_nodes/M_SC_B_payld'(12) - Only lower order bits will be connected.
WARNING: [BD 41-2384] Width mismatch when connecting pin: '/s02_axi2sc/s_sc_r_payld'(152) to pin: '/s02_nodes/M_SC_R_payld'(154) - Only lower order bits will be connected.
WARNING: [BD 41-2384] Width mismatch when connecting pin: '/s02_axi2sc/s_sc_b_payld'(10) to pin: '/s02_nodes/M_SC_B_payld'(12) - Only lower order bits will be connected.
WARNING: [BD 41-2384] Width mismatch when connecting pin: '/m00_sc2axi/s_sc_ar_payld'(167) to pin: '/m00_nodes/M_SC_AR_payld'(171) - Only lower order bits will be connected.
WARNING: [BD 41-2384] Width mismatch when connecting pin: '/m00_sc2axi/s_sc_aw_payld'(167) to pin: '/m00_nodes/M_SC_AW_payld'(171) - Only lower order bits will be connected.
WARNING: [BD 41-2384] Width mismatch when connecting pin: '/m01_sc2axi/s_sc_ar_payld'(167) to pin: '/m01_nodes/M_SC_AR_payld'(171) - Only lower order bits will be connected.
WARNING: [BD 41-2384] Width mismatch when connecting pin: '/m01_sc2axi/s_sc_aw_payld'(167) to pin: '/m01_nodes/M_SC_AW_payld'(171) - Only lower order bits will be connected.
WARNING: [BD 41-2384] Width mismatch when connecting pin: '/m02_sc2axi/s_sc_ar_payld'(167) to pin: '/m02_nodes/M_SC_AR_payld'(171) - Only lower order bits will be connected.
WARNING: [BD 41-2384] Width mismatch when connecting pin: '/m02_sc2axi/s_sc_aw_payld'(167) to pin: '/m02_nodes/M_SC_AW_payld'(171) - Only lower order bits will be connected.
Exporting to file /home/thagenlo/Desktop/rfsoc_proj_NEW.xpr/rfsoc_proj/rfsoc_proj.gen/sources_1/bd/design_1/ip/design_1_axi_smc_0/bd_0/hw_handoff/design_1_axi_smc_0.hwh
Generated Hardware Definition File /home/thagenlo/Desktop/rfsoc_proj_NEW.xpr/rfsoc_proj/rfsoc_proj.gen/sources_1/bd/design_1/ip/design_1_axi_smc_0/bd_0/synth/design_1_axi_smc_0.hwdef
INFO: [BD 41-1029] Generation completed for the IP Integrator block axi_smc .
Exporting to file /home/thagenlo/Desktop/rfsoc_proj_NEW.xpr/rfsoc_proj/rfsoc_proj.gen/sources_1/bd/design_1/ip/design_1_axi_smc_1_0/bd_0/hw_handoff/design_1_axi_smc_1_0.hwh
Generated Hardware Definition File /home/thagenlo/Desktop/rfsoc_proj_NEW.xpr/rfsoc_proj/rfsoc_proj.gen/sources_1/bd/design_1/ip/design_1_axi_smc_1_0/bd_0/synth/design_1_axi_smc_1_0.hwdef
INFO: [BD 41-1029] Generation completed for the IP Integrator block axi_smc_1 .
INFO: [BD 41-1029] Generation completed for the IP Integrator block mmio_interface_0 .
INFO: [BD 41-1029] Generation completed for the IP Integrator block top_0 .
Exporting to file /home/thagenlo/Desktop/rfsoc_proj_NEW.xpr/rfsoc_proj/rfsoc_proj.gen/sources_1/bd/design_1/hw_handoff/design_1.hwh
Generated Hardware Definition File /home/thagenlo/Desktop/rfsoc_proj_NEW.xpr/rfsoc_proj/rfsoc_proj.gen/sources_1/bd/design_1/synth/design_1.hwdef
generate_target: Time (s): cpu = 00:00:32 ; elapsed = 00:00:31 . Memory (MB): peak = 11262.477 ; gain = 0.000 ; free physical = 654 ; free virtual = 12942
catch { config_ip_cache -export [get_ips -all design_1_zynq_ultra_ps_e_0_0] }
catch { config_ip_cache -export [get_ips -all design_1_axi_smc_0] }
catch { config_ip_cache -export [get_ips -all design_1_axi_smc_1_0] }
INFO: [IP_Flow 19-4993] Using cached IP synthesis design for IP design_1_axi_smc_1_0, cache-ID = e93bc6a3389c4536; cache size = 78.452 MB.
catch { config_ip_cache -export [get_ips -all design_1_mmio_interface_0_0] }
catch { config_ip_cache -export [get_ips -all design_1_top_0_0] }
export_ip_user_files -of_objects [get_files /home/thagenlo/Desktop/rfsoc_proj_NEW.xpr/rfsoc_proj/rfsoc_proj.srcs/sources_1/bd/design_1/design_1.bd] -no_script -sync -force -quiet
create_ip_run [get_files -of_objects [get_fileset sources_1] /home/thagenlo/Desktop/rfsoc_proj_NEW.xpr/rfsoc_proj/rfsoc_proj.srcs/sources_1/bd/design_1/design_1.bd]
launch_runs design_1_axi_smc_0_synth_1 design_1_mmio_interface_0_0_synth_1 design_1_top_0_0_synth_1 design_1_zynq_ultra_ps_e_0_0_synth_1 -jobs 8
[Tue Dec  9 12:55:12 2025] Launched design_1_axi_smc_0_synth_1, design_1_mmio_interface_0_0_synth_1, design_1_top_0_0_synth_1, design_1_zynq_ultra_ps_e_0_0_synth_1...
Run output will be captured here:
design_1_axi_smc_0_synth_1: /home/thagenlo/Desktop/rfsoc_proj_NEW.xpr/rfsoc_proj/rfsoc_proj.runs/design_1_axi_smc_0_synth_1/runme.log
design_1_mmio_interface_0_0_synth_1: /home/thagenlo/Desktop/rfsoc_proj_NEW.xpr/rfsoc_proj/rfsoc_proj.runs/design_1_mmio_interface_0_0_synth_1/runme.log
design_1_top_0_0_synth_1: /home/thagenlo/Desktop/rfsoc_proj_NEW.xpr/rfsoc_proj/rfsoc_proj.runs/design_1_top_0_0_synth_1/runme.log
design_1_zynq_ultra_ps_e_0_0_synth_1: /home/thagenlo/Desktop/rfsoc_proj_NEW.xpr/rfsoc_proj/rfsoc_proj.runs/design_1_zynq_ultra_ps_e_0_0_synth_1/runme.log
export_simulation -lib_map_path [list {modelsim=/home/thagenlo/Desktop/rfsoc_proj_NEW.xpr/rfsoc_proj/rfsoc_proj.cache/compile_simlib/modelsim} {questa=/home/thagenlo/Desktop/rfsoc_proj_NEW.xpr/rfsoc_proj/rfsoc_proj.cache/compile_simlib/questa} {xcelium=/home/thagenlo/Desktop/rfsoc_proj_NEW.xpr/rfsoc_proj/rfsoc_proj.cache/compile_simlib/xcelium} {vcs=/home/thagenlo/Desktop/rfsoc_proj_NEW.xpr/rfsoc_proj/rfsoc_proj.cache/compile_simlib/vcs} {riviera=/home/thagenlo/Desktop/rfsoc_proj_NEW.xpr/rfsoc_proj/rfsoc_proj.cache/compile_simlib/riviera}] -of_objects [get_files /home/thagenlo/Desktop/rfsoc_proj_NEW.xpr/rfsoc_proj/rfsoc_proj.srcs/sources_1/bd/design_1/design_1.bd] -directory /home/thagenlo/Desktop/rfsoc_proj_NEW.xpr/rfsoc_proj/rfsoc_proj.ip_user_files/sim_scripts -ip_user_files_dir /home/thagenlo/Desktop/rfsoc_proj_NEW.xpr/rfsoc_proj/rfsoc_proj.ip_user_files -ipstatic_source_dir /home/thagenlo/Desktop/rfsoc_proj_NEW.xpr/rfsoc_proj/rfsoc_proj.ip_user_files/ipstatic -use_ip_compiled_libs -force -quiet
set_property -dict [list \
  CONFIG.DIN_FROM {127} \
  CONFIG.DIN_WIDTH {256} \
] [get_bd_cells ilslice_0]
connect_bd_net [get_bd_pins mmio_interface_0/command] [get_bd_pins ilslice_0/Din]
connect_bd_net [get_bd_pins ilslice_0/Dout] [get_bd_pins top_0/MMIO_thresholds]
save_bd_design
Wrote  : </home/thagenlo/Desktop/rfsoc_proj_NEW.xpr/rfsoc_proj/rfsoc_proj.srcs/sources_1/bd/design_1/design_1.bd> 
Wrote  : </home/thagenlo/Desktop/rfsoc_proj_NEW.xpr/rfsoc_proj/rfsoc_proj.srcs/sources_1/bd/design_1/ui/bd_1f5defd0.ui> 
startgroup
create_bd_cell -type ip -vlnv xilinx.com:ip:ila:6.2 ila_0
INFO: [xilinx.com:ip:ila:6.2-6] /ila_0: AMD recommends using the System ILA IP in IP Integrator. The System ILA IP is functionally equivalent to an ILA and offers additional benefits in debugging interfaces both within IP Integrator and the Hardware Manager. Consult the Programming and Debug User Guide UG908 for further details.
endgroup
WARNING: [IP_Flow 19-4067] Ignoring invalid widget type specified checkbox.Providing a default widget
set_property -dict [list \
  CONFIG.C_DATA_DEPTH {32768} \
  CONFIG.C_MONITOR_TYPE {Native} \
  CONFIG.C_NUM_OF_PROBES {5} \
] [get_bd_cells ila_0]
connect_bd_net [get_bd_pins ila_0/clk] [get_bd_pins zynq_ultra_ps_e_0/pl_clk0]
connect_bd_net [get_bd_pins top_0/pixel] [get_bd_pins ila_0/probe0]
connect_bd_net [get_bd_pins ila_0/probe1] [get_bd_pins top_0/state]
connect_bd_net [get_bd_pins ila_0/probe2] [get_bd_pins top_0/oddeven]
connect_bd_net [get_bd_pins ila_0/probe3] [get_bd_pins top_0/trigger]
connect_bd_net [get_bd_pins ila_0/probe4] [get_bd_pins top_0/sample_count]
save_bd_design
Wrote  : </home/thagenlo/Desktop/rfsoc_proj_NEW.xpr/rfsoc_proj/rfsoc_proj.srcs/sources_1/bd/design_1/design_1.bd> 
Wrote  : </home/thagenlo/Desktop/rfsoc_proj_NEW.xpr/rfsoc_proj/rfsoc_proj.srcs/sources_1/bd/design_1/ui/bd_1f5defd0.ui> 
report_ip_status -name ip_status 
reset_run design_1_axi_smc_0_synth_1
reset_run design_1_mmio_interface_0_0_synth_1
launch_runs impl_1 -to_step write_bitstream -jobs 8
CRITICAL WARNING: [filemgmt 20-730] Could not find a top module in the fileset sources_1.
Resolution: With the gui up, review the source files in the Sources window. Use Add Sources to add any needed sources. If the files are disabled, enable them. You can also select the file and choose Set Used In from the pop-up menu. Review if they are being used at the proper points of the flow.
WARNING: [BD 41-1629] Slave segment </zynq_ultra_ps_e_0/SAXIGP2/HP0_LPS_OCM> is excluded from all addressing paths.
WARNING: [BD 41-1629] Slave segment </zynq_ultra_ps_e_0/SAXIGP2/HP0_DDR_HIGH> is excluded from all addressing paths.
WARNING: [BD 41-3281] Instance '/axi_dma_0' is connected on both sides by SmartConnects and cannot automatically configure itself to match the endpoints. Please manually configure its AXI interfaces as required for the design.
WARNING: [BD 41-3281] Instance '/zynq_ultra_ps_e_0' is connected on both sides by SmartConnects and cannot automatically configure itself to match the endpoints. Please manually configure its AXI interfaces as required for the design.
Excluding slave segment /zynq_ultra_ps_e_0/SAXIGP2/HP0_DDR_HIGH from address space /axi_dma_0/Data_S2MM.
Excluding slave segment /zynq_ultra_ps_e_0/SAXIGP2/HP0_LPS_OCM from address space /axi_dma_0/Data_S2MM.
Excluding slave segment /zynq_ultra_ps_e_0/SAXIGP2/HP0_DDR_HIGH from address space /axi_dma_0/Data_S2MM.
Excluding slave segment /zynq_ultra_ps_e_0/SAXIGP2/HP0_LPS_OCM from address space /axi_dma_0/Data_S2MM.
Excluding slave segment /zynq_ultra_ps_e_0/SAXIGP2/HP0_DDR_HIGH from address space /axi_dma_0/Data_S2MM.
Excluding slave segment /zynq_ultra_ps_e_0/SAXIGP2/HP0_LPS_OCM from address space /axi_dma_0/Data_S2MM.
Excluding slave segment /zynq_ultra_ps_e_0/SAXIGP2/HP0_DDR_HIGH from address space /axi_dma_0/Data_S2MM.
Excluding slave segment /zynq_ultra_ps_e_0/SAXIGP2/HP0_LPS_OCM from address space /axi_dma_0/Data_S2MM.
INFO: [BD 5-943] Reserving offset range <0xA000_0000 [ 64K ]> from slave interface '/axi_smc/S00_AXI' to master interface '/axi_smc/M00_AXI'. This will be used by smartconnect on path for routing.
INFO: [BD 5-943] Reserving offset range <0xA004_0000 [ 256K ]> from slave interface '/axi_smc/S00_AXI' to master interface '/axi_smc/M01_AXI'. This will be used by smartconnect on path for routing.
INFO: [BD 5-943] Reserving offset range <0xA001_0000 [ 64K ]> from slave interface '/axi_smc/S00_AXI' to master interface '/axi_smc/M02_AXI'. This will be used by smartconnect on path for routing.
INFO: [xilinx.com:ip:smartconnect:1.0-1] design_1_axi_smc_0: SmartConnect design_1_axi_smc_0 is in Low-Area Mode.
INFO: [BD 5-943] Reserving offset range <0x0000_0000 [ 2G ]> from slave interface '/axi_smc_1/S00_AXI' to master interface '/axi_smc_1/M00_AXI'. This will be used by smartconnect on path for routing.
INFO: [xilinx.com:ip:smartconnect:1.0-1] design_1_axi_smc_1_0: SmartConnect design_1_axi_smc_1_0 is in High-performance Mode.
Excluding slave segment /zynq_ultra_ps_e_0/SAXIGP2/HP0_DDR_HIGH from address space /axi_dma_0/Data_S2MM.
Excluding slave segment /zynq_ultra_ps_e_0/SAXIGP2/HP0_LPS_OCM from address space /axi_dma_0/Data_S2MM.
Excluding slave segment /zynq_ultra_ps_e_0/SAXIGP2/HP0_DDR_HIGH from address space /axi_dma_0/Data_S2MM.
Excluding slave segment /zynq_ultra_ps_e_0/SAXIGP2/HP0_LPS_OCM from address space /axi_dma_0/Data_S2MM.
INFO: [xilinx.com:ip:cic_compiler:4.0-913] /cic_compiler_0 Input_Data_Width has been set to manual on the GUI. It will not be updated during validation with a propagated value.
INFO: [xilinx.com:ip:fir_compiler:7.2-308] /fir_compiler_1 S_AXIS_DATA-TDATA: Validating field: chan_0_path_0(16:0): fix16_0 against /cic_compiler_1 M_AXIS_DATA-TDATA: chan_0(16:0): fix16_0.
INFO: [xilinx.com:ip:cic_compiler:4.0-913] /cic_compiler_1 Input_Data_Width has been set to manual on the GUI. It will not be updated during validation with a propagated value.
INFO: [xilinx.com:ip:fir_compiler:7.2-308] /fir_compiler_0 S_AXIS_DATA-TDATA: Validating field: chan_0_path_0(16:0): fix16_0 against /cic_compiler_0 M_AXIS_DATA-TDATA: chan_0(16:0): fix16_0.
WARNING: [BD 41-237] Bus Interface property AWUSER_WIDTH does not match between /zynq_ultra_ps_e_0/S_AXI_HP0_FPD(1) and /axi_smc_1/M00_AXI(0)
WARNING: [BD 41-237] Bus Interface property ARUSER_WIDTH does not match between /zynq_ultra_ps_e_0/S_AXI_HP0_FPD(1) and /axi_smc_1/M00_AXI(0)
WARNING: [BD 41-2671] The dangling interface net <m00_aw_node_M_AXIS_ARB> will not be written out to the BD file.
WARNING: [BD 41-2671] The dangling interface net <m01_aw_node_M_AXIS_ARB> will not be written out to the BD file.
WARNING: [BD 41-2671] The dangling interface net <m02_aw_node_M_AXIS_ARB> will not be written out to the BD file.
Wrote  : </home/thagenlo/Desktop/rfsoc_proj_NEW.xpr/rfsoc_proj/rfsoc_proj.srcs/sources_1/bd/design_1/design_1.bd> 
Verilog Output written to : /home/thagenlo/Desktop/rfsoc_proj_NEW.xpr/rfsoc_proj/rfsoc_proj.gen/sources_1/bd/design_1/synth/design_1.v
Verilog Output written to : /home/thagenlo/Desktop/rfsoc_proj_NEW.xpr/rfsoc_proj/rfsoc_proj.gen/sources_1/bd/design_1/sim/design_1.v
Verilog Output written to : /home/thagenlo/Desktop/rfsoc_proj_NEW.xpr/rfsoc_proj/rfsoc_proj.gen/sources_1/bd/design_1/hdl/design_1_wrapper.v
Exporting to file /home/thagenlo/Desktop/rfsoc_proj_NEW.xpr/rfsoc_proj/rfsoc_proj.gen/sources_1/bd/design_1/ip/design_1_axi_smc_0/bd_0/hw_handoff/design_1_axi_smc_0.hwh
Generated Hardware Definition File /home/thagenlo/Desktop/rfsoc_proj_NEW.xpr/rfsoc_proj/rfsoc_proj.gen/sources_1/bd/design_1/ip/design_1_axi_smc_0/bd_0/synth/design_1_axi_smc_0.hwdef
INFO: [BD 41-1029] Generation completed for the IP Integrator block axi_smc .
Exporting to file /home/thagenlo/Desktop/rfsoc_proj_NEW.xpr/rfsoc_proj/rfsoc_proj.gen/sources_1/bd/design_1/ip/design_1_axi_smc_1_0/bd_0/hw_handoff/design_1_axi_smc_1_0.hwh
Generated Hardware Definition File /home/thagenlo/Desktop/rfsoc_proj_NEW.xpr/rfsoc_proj/rfsoc_proj.gen/sources_1/bd/design_1/ip/design_1_axi_smc_1_0/bd_0/synth/design_1_axi_smc_1_0.hwdef
INFO: [BD 41-1029] Generation completed for the IP Integrator block axi_smc_1 .
WARNING: [IP_Flow 19-4994] Overwriting existing constraint file '/home/thagenlo/Desktop/rfsoc_proj_NEW.xpr/rfsoc_proj/rfsoc_proj.gen/sources_1/bd/design_1/ip/design_1_ila_0_0/design_1_ila_0_0_ooc.xdc'
INFO: [BD 41-1029] Generation completed for the IP Integrator block ila_0 .
Exporting to file /home/thagenlo/Desktop/rfsoc_proj_NEW.xpr/rfsoc_proj/rfsoc_proj.gen/sources_1/bd/design_1/hw_handoff/design_1.hwh
Generated Hardware Definition File /home/thagenlo/Desktop/rfsoc_proj_NEW.xpr/rfsoc_proj/rfsoc_proj.gen/sources_1/bd/design_1/synth/design_1.hwdef
INFO: [IP_Flow 19-4993] Using cached IP synthesis design for IP design_1_axi_smc_0, cache-ID = c3f79869b6e1fe1e; cache size = 105.000 MB.
INFO: [IP_Flow 19-4993] Using cached IP synthesis design for IP design_1_axi_smc_1_0, cache-ID = e93bc6a3389c4536; cache size = 105.000 MB.
[Tue Dec  9 12:58:23 2025] Launched design_1_mmio_interface_0_0_synth_1, design_1_ila_0_0_synth_1, synth_1...
Run output will be captured here:
design_1_mmio_interface_0_0_synth_1: /home/thagenlo/Desktop/rfsoc_proj_NEW.xpr/rfsoc_proj/rfsoc_proj.runs/design_1_mmio_interface_0_0_synth_1/runme.log
design_1_ila_0_0_synth_1: /home/thagenlo/Desktop/rfsoc_proj_NEW.xpr/rfsoc_proj/rfsoc_proj.runs/design_1_ila_0_0_synth_1/runme.log
synth_1: /home/thagenlo/Desktop/rfsoc_proj_NEW.xpr/rfsoc_proj/rfsoc_proj.runs/synth_1/runme.log
[Tue Dec  9 12:58:23 2025] Launched impl_1...
Run output will be captured here: /home/thagenlo/Desktop/rfsoc_proj_NEW.xpr/rfsoc_proj/rfsoc_proj.runs/impl_1/runme.log
launch_runs: Time (s): cpu = 00:00:24 ; elapsed = 00:00:25 . Memory (MB): peak = 11958.555 ; gain = 64.945 ; free physical = 10479 ; free virtual = 13093
regenerate_bd_layout
report_ip_status -name ip_status 
ipx::edit_ip_in_project -upgrade true -name mmio_interface_v1_0_project -directory /home/thagenlo/Desktop/rfsoc_proj_NEW.xpr/rfsoc_proj/rfsoc_proj.tmp/mmio_interface_v1_0_project /home/thagenlo/Desktop/rfsoc_proj_NEW.xpr/rfsoc_proj/rfsoc_proj.ipdefs/mmio_interface_1_0/component.xml
INFO: [IP_Flow 19-234] Refreshing IP repositories
INFO: [IP_Flow 19-1704] No user IP repositories specified
INFO: [IP_Flow 19-2313] Loaded Vivado IP repository '/tools/Xilinx/2025.1/Vivado/data/ip'.
WARNING: [Board 49-26] cannot add Board Part xilinx.com:emb-plus-vpr-4616:part0:1.0 available at /tools/Xilinx/2025.1/data/xhub/boards/XilinxBoardStore/boards/Xilinx/emb-plus-vpr-4616/1.0/board.xml as part xcve2302-sfva784-2mp-e-s specified in board_part file is either invalid or not available
WARNING: [Board 49-26] cannot add Board Part xilinx.com:emb-plus-vpr-4616:part0:1.1 available at /tools/Xilinx/2025.1/data/xhub/boards/XilinxBoardStore/boards/Xilinx/emb-plus-vpr-4616/1.1/board.xml as part xcve2302-sfva784-2mp-e-s specified in board_part file is either invalid or not available
WARNING: [Board 49-26] cannot add Board Part xilinx.com:v80:part0:1.0 available at /tools/Xilinx/2025.1/data/xhub/boards/XilinxBoardStore/boards/Xilinx/v80/1.0/board.xml as part xcv80-lsva4737-2mhp-e-s specified in board_part file is either invalid or not available
WARNING: [Board 49-26] cannot add Board Part xilinx.com:vck190:part0:2.2 available at /tools/Xilinx/2025.1/data/xhub/boards/XilinxBoardStore/boards/Xilinx/vck190/production/2.2/board.xml as part xcvc1902-vsva2197-2mp-e-s specified in board_part file is either invalid or not available
WARNING: [Board 49-26] cannot add Board Part xilinx.com:vck190:part0:3.0 available at /tools/Xilinx/2025.1/data/xhub/boards/XilinxBoardStore/boards/Xilinx/vck190/production/3.0/board.xml as part xcvc1902-vsva2197-2mp-e-s specified in board_part file is either invalid or not available
WARNING: [Board 49-26] cannot add Board Part xilinx.com:vck190:part0:3.1 available at /tools/Xilinx/2025.1/data/xhub/boards/XilinxBoardStore/boards/Xilinx/vck190/production/3.1/board.xml as part xcvc1902-vsva2197-2mp-e-s specified in board_part file is either invalid or not available
WARNING: [Board 49-26] cannot add Board Part xilinx.com:vck190:part0:3.2 available at /tools/Xilinx/2025.1/data/xhub/boards/XilinxBoardStore/boards/Xilinx/vck190/production/3.2/board.xml as part xcvc1902-vsva2197-2mp-e-s specified in board_part file is either invalid or not available
WARNING: [Board 49-26] cannot add Board Part xilinx.com:vck190:part0:3.3 available at /tools/Xilinx/2025.1/data/xhub/boards/XilinxBoardStore/boards/Xilinx/vck190/production/3.3/board.xml as part xcvc1902-vsva2197-2mp-e-s specified in board_part file is either invalid or not available
WARNING: [Board 49-26] cannot add Board Part xilinx.com:vck190:part0:3.4 available at /tools/Xilinx/2025.1/data/xhub/boards/XilinxBoardStore/boards/Xilinx/vck190/production/3.4/board.xml as part xcvc1902-vsva2197-2mp-e-s specified in board_part file is either invalid or not available
WARNING: [Board 49-26] cannot add Board Part xilinx.com:vck190_newl:part0:1.0 available at /tools/Xilinx/2025.1/data/xhub/boards/XilinxBoardStore/boards/Xilinx/vck190_newl/production/1.0/board.xml as part xcvc1902-vsva2197-2mp-e-s specified in board_part file is either invalid or not available
WARNING: [Board 49-26] cannot add Board Part xilinx.com:vck190_newl:part0:1.1 available at /tools/Xilinx/2025.1/data/xhub/boards/XilinxBoardStore/boards/Xilinx/vck190_newl/production/1.1/board.xml as part xcvc1902-vsva2197-2mp-e-s specified in board_part file is either invalid or not available
WARNING: [Board 49-26] cannot add Board Part xilinx.com:vck190_newl:part0:1.2 available at /tools/Xilinx/2025.1/data/xhub/boards/XilinxBoardStore/boards/Xilinx/vck190_newl/production/1.2/board.xml as part xcvc1902-vsva2197-2mp-e-s specified in board_part file is either invalid or not available
WARNING: [Board 49-26] cannot add Board Part xilinx.com:vck190_newl:part0:1.3 available at /tools/Xilinx/2025.1/data/xhub/boards/XilinxBoardStore/boards/Xilinx/vck190_newl/production/1.3/board.xml as part xcvc1902-vsva2197-2mp-e-s specified in board_part file is either invalid or not available
WARNING: [Board 49-26] cannot add Board Part xilinx.com:vek280:part0:1.0 available at /tools/Xilinx/2025.1/data/xhub/boards/XilinxBoardStore/boards/Xilinx/vek280/production/1.0/board.xml as part xcve2802-vsvh1760-2mp-e-s specified in board_part file is either invalid or not available
WARNING: [Board 49-26] cannot add Board Part xilinx.com:vek280:part0:1.1 available at /tools/Xilinx/2025.1/data/xhub/boards/XilinxBoardStore/boards/Xilinx/vek280/production/1.1/board.xml as part xcve2802-vsvh1760-2mp-e-s specified in board_part file is either invalid or not available
WARNING: [Board 49-26] cannot add Board Part xilinx.com:vek280:part0:1.2 available at /tools/Xilinx/2025.1/data/xhub/boards/XilinxBoardStore/boards/Xilinx/vek280/production/1.2/board.xml as part xcve2802-vsvh1760-2mp-e-s specified in board_part file is either invalid or not available
WARNING: [Board 49-26] cannot add Board Part xilinx.com:vek385:part0:1.0 available at /tools/Xilinx/2025.1/data/xhub/boards/XilinxBoardStore/boards/Xilinx/vek385/1.0/board.xml as part xc2ve3858-ssva2112-2mp-e-s specified in board_part file is either invalid or not available
WARNING: [Board 49-26] cannot add Board Part xilinx.com:vhk158:part0:1.0 available at /tools/Xilinx/2025.1/data/xhub/boards/XilinxBoardStore/boards/Xilinx/vhk158/production/1.0/board.xml as part xcvh1582-vsva3697-2mp-e-s specified in board_part file is either invalid or not available
WARNING: [Board 49-26] cannot add Board Part xilinx.com:vhk158:part0:1.1 available at /tools/Xilinx/2025.1/data/xhub/boards/XilinxBoardStore/boards/Xilinx/vhk158/production/1.1/board.xml as part xcvh1582-vsva3697-2mp-e-s specified in board_part file is either invalid or not available
WARNING: [Board 49-26] cannot add Board Part xilinx.com:vhk158:part0:1.2 available at /tools/Xilinx/2025.1/data/xhub/boards/XilinxBoardStore/boards/Xilinx/vhk158/production/1.2/board.xml as part xcvh1582-vsva3697-2mp-e-s specified in board_part file is either invalid or not available
WARNING: [Board 49-26] cannot add Board Part xilinx.com:vmk180:part0:2.2 available at /tools/Xilinx/2025.1/data/xhub/boards/XilinxBoardStore/boards/Xilinx/vmk180/production/2.2/board.xml as part xcvm1802-vsva2197-2mp-e-s specified in board_part file is either invalid or not available
WARNING: [Board 49-26] cannot add Board Part xilinx.com:vmk180:part0:3.0 available at /tools/Xilinx/2025.1/data/xhub/boards/XilinxBoardStore/boards/Xilinx/vmk180/production/3.0/board.xml as part xcvm1802-vsva2197-2mp-e-s specified in board_part file is either invalid or not available
WARNING: [Board 49-26] cannot add Board Part xilinx.com:vmk180:part0:3.1 available at /tools/Xilinx/2025.1/data/xhub/boards/XilinxBoardStore/boards/Xilinx/vmk180/production/3.1/board.xml as part xcvm1802-vsva2197-2mp-e-s specified in board_part file is either invalid or not available
WARNING: [Board 49-26] cannot add Board Part xilinx.com:vmk180:part0:3.2 available at /tools/Xilinx/2025.1/data/xhub/boards/XilinxBoardStore/boards/Xilinx/vmk180/production/3.2/board.xml as part xcvm1802-vsva2197-2mp-e-s specified in board_part file is either invalid or not available
WARNING: [Board 49-26] cannot add Board Part xilinx.com:vmk180:part0:3.3 available at /tools/Xilinx/2025.1/data/xhub/boards/XilinxBoardStore/boards/Xilinx/vmk180/production/3.3/board.xml as part xcvm1802-vsva2197-2mp-e-s specified in board_part file is either invalid or not available
WARNING: [Board 49-26] cannot add Board Part xilinx.com:vmk180_newl:part0:1.0 available at /tools/Xilinx/2025.1/data/xhub/boards/XilinxBoardStore/boards/Xilinx/vmk180_newl/production/1.0/board.xml as part xcvm1802-vsva2197-2mp-e-s specified in board_part file is either invalid or not available
WARNING: [Board 49-26] cannot add Board Part xilinx.com:vmk180_newl:part0:1.1 available at /tools/Xilinx/2025.1/data/xhub/boards/XilinxBoardStore/boards/Xilinx/vmk180_newl/production/1.1/board.xml as part xcvm1802-vsva2197-2mp-e-s specified in board_part file is either invalid or not available
WARNING: [Board 49-26] cannot add Board Part xilinx.com:vpk120:part0:1.0 available at /tools/Xilinx/2025.1/data/xhub/boards/XilinxBoardStore/boards/Xilinx/vpk120/production/1.0/board.xml as part xcvp1202-vsva2785-2mp-e-s specified in board_part file is either invalid or not available
WARNING: [Board 49-26] cannot add Board Part xilinx.com:vpk120:part0:1.1 available at /tools/Xilinx/2025.1/data/xhub/boards/XilinxBoardStore/boards/Xilinx/vpk120/production/1.1/board.xml as part xcvp1202-vsva2785-2mp-e-s specified in board_part file is either invalid or not available
WARNING: [Board 49-26] cannot add Board Part xilinx.com:vpk120:part0:1.2 available at /tools/Xilinx/2025.1/data/xhub/boards/XilinxBoardStore/boards/Xilinx/vpk120/production/1.2/board.xml as part xcvp1202-vsva2785-2mp-e-s specified in board_part file is either invalid or not available
WARNING: [Board 49-26] cannot add Board Part xilinx.com:vpk180:part0:1.0 available at /tools/Xilinx/2025.1/data/xhub/boards/XilinxBoardStore/boards/Xilinx/vpk180/production/1.0/board.xml as part xcvp1802-lsvc4072-2mp-e-s specified in board_part file is either invalid or not available
WARNING: [Board 49-26] cannot add Board Part xilinx.com:vpk180:part0:1.1 available at /tools/Xilinx/2025.1/data/xhub/boards/XilinxBoardStore/boards/Xilinx/vpk180/production/1.1/board.xml as part xcvp1802-lsvc4072-2mp-e-s specified in board_part file is either invalid or not available
WARNING: [Board 49-26] cannot add Board Part xilinx.com:vpk180:part0:1.2 available at /tools/Xilinx/2025.1/data/xhub/boards/XilinxBoardStore/boards/Xilinx/vpk180/production/1.2/board.xml as part xcvp1802-lsvc4072-2mp-e-s specified in board_part file is either invalid or not available
WARNING: [Board 49-26] cannot add Board Part xilinx.com:zcu208ld:part0:2.0 available at /tools/Xilinx/2025.1/data/xhub/boards/XilinxBoardStore/boards/Xilinx/zcu208ld/production/2.0/board.xml as part xczu58dr-fsvg1517-2-i specified in board_part file is either invalid or not available
WARNING: [Board 49-26] cannot add Board Part xilinx.com:zcu216ld:part0:2.0 available at /tools/Xilinx/2025.1/data/xhub/boards/XilinxBoardStore/boards/Xilinx/zcu216ld/production/2.0/board.xml as part xczu59dr-ffvf1760-2-i specified in board_part file is either invalid or not available
WARNING: [Board 49-26] cannot add Board Part xilinx.com:zcu670ld:part0:1.0 available at /tools/Xilinx/2025.1/data/xhub/boards/XilinxBoardStore/boards/Xilinx/zcu670ld/1.0/board.xml as part xczu57dr-fsve1156-2-i specified in board_part file is either invalid or not available
INFO: [IP_Flow 19-234] Refreshing IP repositories
INFO: [IP_Flow 19-1700] Loaded user IP repository '/home/thagenlo/Desktop/rfsoc_proj_NEW.xpr/rfsoc_proj/rfsoc_proj.ipdefs/iq_framer_1_0'.
INFO: [IP_Flow 19-1700] Loaded user IP repository '/home/thagenlo/Desktop/top_ip'.
INFO: [IP_Flow 19-1700] Loaded user IP repository '/home/thagenlo/Desktop/rfsoc_proj_NEW.xpr/rfsoc_proj/rfsoc_proj.ipdefs/mmio_interface_1_0'.
INFO: [IP_Flow 19-795] Syncing license key meta-data
update_compile_order -fileset sources_1
set_property core_revision 5 [ipx::current_core]
ipx::update_source_project_archive -component [ipx::current_core]
ipx::create_xgui_files [ipx::current_core]
ipx::update_checksums [ipx::current_core]
ipx::check_integrity [ipx::current_core]
WARNING: [IP_Flow 19-11889] HDL Parameter 'C_S00_AXI_DATA_WIDTH (C S00 AXI DATA WIDTH)': Order is obsolete with XGUI version >= 2.0
WARNING: [IP_Flow 19-11889] HDL Parameter 'C_S00_AXI_ADDR_WIDTH (C S00 AXI ADDR WIDTH)': Order is obsolete with XGUI version >= 2.0
WARNING: [IP_Flow 19-11770] Clock interface 'S00_AXI_CLK' has no FREQ_HZ parameter.
INFO: [IP_Flow 19-2181] Payment is not required for this core.
WARNING: [IP_Flow 19-2187] The Product Guide file is missing.
INFO: [Ipptcl 7-1486] check_integrity: Integrity check passed.
ipx::save_core [ipx::current_core]
ipx::move_temp_component_back -component [ipx::current_core]
close_project -delete
update_ip_catalog -rebuild -repo_path /home/thagenlo/Desktop/rfsoc_proj_NEW.xpr/rfsoc_proj/rfsoc_proj.ipdefs/mmio_interface_1_0
INFO: [IP_Flow 19-725] Reloaded user IP repository '/home/thagenlo/Desktop/rfsoc_proj_NEW.xpr/rfsoc_proj/rfsoc_proj.ipdefs/mmio_interface_1_0'
report_ip_status -name ip_status 
upgrade_ip -vlnv user.org:user:mmio_interface:1.0 [get_ips  design_1_mmio_interface_0_0] -log ip_upgrade.log
Upgrading '/home/thagenlo/Desktop/rfsoc_proj_NEW.xpr/rfsoc_proj/rfsoc_proj.srcs/sources_1/bd/design_1/design_1.bd'
INFO: [IP_Flow 19-3422] Upgraded design_1_mmio_interface_0_0 (mmio_interface_v1.0 1.0) from revision 4 to revision 5
Wrote  : </home/thagenlo/Desktop/rfsoc_proj_NEW.xpr/rfsoc_proj/rfsoc_proj.srcs/sources_1/bd/design_1/design_1.bd> 
Wrote  : </home/thagenlo/Desktop/rfsoc_proj_NEW.xpr/rfsoc_proj/rfsoc_proj.srcs/sources_1/bd/design_1/ui/bd_1f5defd0.ui> 
INFO: [Coretcl 2-1525] Wrote upgrade log to '/home/thagenlo/Desktop/rfsoc_proj_NEW.xpr/rfsoc_proj/ip_upgrade.log'.
export_ip_user_files -of_objects [get_ips design_1_mmio_interface_0_0] -no_script -sync -force -quiet
generate_target all [get_files  /home/thagenlo/Desktop/rfsoc_proj_NEW.xpr/rfsoc_proj/rfsoc_proj.srcs/sources_1/bd/design_1/design_1.bd]
WARNING: [BD 41-1629] Slave segment </zynq_ultra_ps_e_0/SAXIGP2/HP0_LPS_OCM> is excluded from all addressing paths.
WARNING: [BD 41-1629] Slave segment </zynq_ultra_ps_e_0/SAXIGP2/HP0_DDR_HIGH> is excluded from all addressing paths.
WARNING: [BD 41-3281] Instance '/axi_dma_0' is connected on both sides by SmartConnects and cannot automatically configure itself to match the endpoints. Please manually configure its AXI interfaces as required for the design.
WARNING: [BD 41-3281] Instance '/zynq_ultra_ps_e_0' is connected on both sides by SmartConnects and cannot automatically configure itself to match the endpoints. Please manually configure its AXI interfaces as required for the design.
Excluding slave segment /zynq_ultra_ps_e_0/SAXIGP2/HP0_DDR_HIGH from address space /axi_dma_0/Data_S2MM.
Excluding slave segment /zynq_ultra_ps_e_0/SAXIGP2/HP0_LPS_OCM from address space /axi_dma_0/Data_S2MM.
Excluding slave segment /zynq_ultra_ps_e_0/SAXIGP2/HP0_DDR_HIGH from address space /axi_dma_0/Data_S2MM.
Excluding slave segment /zynq_ultra_ps_e_0/SAXIGP2/HP0_LPS_OCM from address space /axi_dma_0/Data_S2MM.
Excluding slave segment /zynq_ultra_ps_e_0/SAXIGP2/HP0_DDR_HIGH from address space /axi_dma_0/Data_S2MM.
Excluding slave segment /zynq_ultra_ps_e_0/SAXIGP2/HP0_LPS_OCM from address space /axi_dma_0/Data_S2MM.
Excluding slave segment /zynq_ultra_ps_e_0/SAXIGP2/HP0_DDR_HIGH from address space /axi_dma_0/Data_S2MM.
Excluding slave segment /zynq_ultra_ps_e_0/SAXIGP2/HP0_LPS_OCM from address space /axi_dma_0/Data_S2MM.
INFO: [BD 5-943] Reserving offset range <0xA000_0000 [ 64K ]> from slave interface '/axi_smc/S00_AXI' to master interface '/axi_smc/M00_AXI'. This will be used by smartconnect on path for routing.
INFO: [BD 5-943] Reserving offset range <0xA004_0000 [ 256K ]> from slave interface '/axi_smc/S00_AXI' to master interface '/axi_smc/M01_AXI'. This will be used by smartconnect on path for routing.
INFO: [BD 5-943] Reserving offset range <0xA001_0000 [ 64K ]> from slave interface '/axi_smc/S00_AXI' to master interface '/axi_smc/M02_AXI'. This will be used by smartconnect on path for routing.
INFO: [xilinx.com:ip:smartconnect:1.0-1] design_1_axi_smc_0: SmartConnect design_1_axi_smc_0 is in Low-Area Mode.
INFO: [BD 5-943] Reserving offset range <0x0000_0000 [ 2G ]> from slave interface '/axi_smc_1/S00_AXI' to master interface '/axi_smc_1/M00_AXI'. This will be used by smartconnect on path for routing.
INFO: [xilinx.com:ip:smartconnect:1.0-1] design_1_axi_smc_1_0: SmartConnect design_1_axi_smc_1_0 is in High-performance Mode.
Excluding slave segment /zynq_ultra_ps_e_0/SAXIGP2/HP0_DDR_HIGH from address space /axi_dma_0/Data_S2MM.
Excluding slave segment /zynq_ultra_ps_e_0/SAXIGP2/HP0_LPS_OCM from address space /axi_dma_0/Data_S2MM.
Excluding slave segment /zynq_ultra_ps_e_0/SAXIGP2/HP0_DDR_HIGH from address space /axi_dma_0/Data_S2MM.
Excluding slave segment /zynq_ultra_ps_e_0/SAXIGP2/HP0_LPS_OCM from address space /axi_dma_0/Data_S2MM.
INFO: [xilinx.com:ip:cic_compiler:4.0-913] /cic_compiler_0 Input_Data_Width has been set to manual on the GUI. It will not be updated during validation with a propagated value.
INFO: [xilinx.com:ip:fir_compiler:7.2-308] /fir_compiler_1 S_AXIS_DATA-TDATA: Validating field: chan_0_path_0(16:0): fix16_0 against /cic_compiler_1 M_AXIS_DATA-TDATA: chan_0(16:0): fix16_0.
INFO: [xilinx.com:ip:cic_compiler:4.0-913] /cic_compiler_1 Input_Data_Width has been set to manual on the GUI. It will not be updated during validation with a propagated value.
INFO: [xilinx.com:ip:fir_compiler:7.2-308] /fir_compiler_0 S_AXIS_DATA-TDATA: Validating field: chan_0_path_0(16:0): fix16_0 against /cic_compiler_0 M_AXIS_DATA-TDATA: chan_0(16:0): fix16_0.
WARNING: [BD 41-237] Bus Interface property AWUSER_WIDTH does not match between /zynq_ultra_ps_e_0/S_AXI_HP0_FPD(1) and /axi_smc_1/M00_AXI(0)
WARNING: [BD 41-237] Bus Interface property ARUSER_WIDTH does not match between /zynq_ultra_ps_e_0/S_AXI_HP0_FPD(1) and /axi_smc_1/M00_AXI(0)
WARNING: [BD 41-2671] The dangling interface net <m00_aw_node_M_AXIS_ARB> will not be written out to the BD file.
WARNING: [BD 41-2671] The dangling interface net <m01_aw_node_M_AXIS_ARB> will not be written out to the BD file.
WARNING: [BD 41-2671] The dangling interface net <m02_aw_node_M_AXIS_ARB> will not be written out to the BD file.
Wrote  : </home/thagenlo/Desktop/rfsoc_proj_NEW.xpr/rfsoc_proj/rfsoc_proj.srcs/sources_1/bd/design_1/design_1.bd> 
Verilog Output written to : /home/thagenlo/Desktop/rfsoc_proj_NEW.xpr/rfsoc_proj/rfsoc_proj.gen/sources_1/bd/design_1/synth/design_1.v
Verilog Output written to : /home/thagenlo/Desktop/rfsoc_proj_NEW.xpr/rfsoc_proj/rfsoc_proj.gen/sources_1/bd/design_1/sim/design_1.v
Verilog Output written to : /home/thagenlo/Desktop/rfsoc_proj_NEW.xpr/rfsoc_proj/rfsoc_proj.gen/sources_1/bd/design_1/hdl/design_1_wrapper.v
Exporting to file /home/thagenlo/Desktop/rfsoc_proj_NEW.xpr/rfsoc_proj/rfsoc_proj.gen/sources_1/bd/design_1/ip/design_1_axi_smc_0/bd_0/hw_handoff/design_1_axi_smc_0.hwh
Generated Hardware Definition File /home/thagenlo/Desktop/rfsoc_proj_NEW.xpr/rfsoc_proj/rfsoc_proj.gen/sources_1/bd/design_1/ip/design_1_axi_smc_0/bd_0/synth/design_1_axi_smc_0.hwdef
INFO: [BD 41-1029] Generation completed for the IP Integrator block axi_smc .
Exporting to file /home/thagenlo/Desktop/rfsoc_proj_NEW.xpr/rfsoc_proj/rfsoc_proj.gen/sources_1/bd/design_1/ip/design_1_axi_smc_1_0/bd_0/hw_handoff/design_1_axi_smc_1_0.hwh
Generated Hardware Definition File /home/thagenlo/Desktop/rfsoc_proj_NEW.xpr/rfsoc_proj/rfsoc_proj.gen/sources_1/bd/design_1/ip/design_1_axi_smc_1_0/bd_0/synth/design_1_axi_smc_1_0.hwdef
INFO: [BD 41-1029] Generation completed for the IP Integrator block axi_smc_1 .
INFO: [BD 41-1029] Generation completed for the IP Integrator block mmio_interface_0 .
Exporting to file /home/thagenlo/Desktop/rfsoc_proj_NEW.xpr/rfsoc_proj/rfsoc_proj.gen/sources_1/bd/design_1/hw_handoff/design_1.hwh
Generated Hardware Definition File /home/thagenlo/Desktop/rfsoc_proj_NEW.xpr/rfsoc_proj/rfsoc_proj.gen/sources_1/bd/design_1/synth/design_1.hwdef
generate_target: Time (s): cpu = 00:00:22 ; elapsed = 00:00:21 . Memory (MB): peak = 12181.637 ; gain = 0.000 ; free physical = 10177 ; free virtual = 12981
catch { config_ip_cache -export [get_ips -all design_1_axi_smc_0] }
INFO: [IP_Flow 19-4993] Using cached IP synthesis design for IP design_1_axi_smc_0, cache-ID = c3f79869b6e1fe1e; cache size = 114.630 MB.
catch { config_ip_cache -export [get_ips -all design_1_axi_smc_1_0] }
INFO: [IP_Flow 19-4993] Using cached IP synthesis design for IP design_1_axi_smc_1_0, cache-ID = e93bc6a3389c4536; cache size = 114.630 MB.
catch { config_ip_cache -export [get_ips -all design_1_mmio_interface_0_0] }
export_ip_user_files -of_objects [get_files /home/thagenlo/Desktop/rfsoc_proj_NEW.xpr/rfsoc_proj/rfsoc_proj.srcs/sources_1/bd/design_1/design_1.bd] -no_script -sync -force -quiet
create_ip_run [get_files -of_objects [get_fileset sources_1] /home/thagenlo/Desktop/rfsoc_proj_NEW.xpr/rfsoc_proj/rfsoc_proj.srcs/sources_1/bd/design_1/design_1.bd]
launch_runs design_1_mmio_interface_0_0_synth_1 -jobs 8
[Tue Dec  9 13:05:11 2025] Launched design_1_mmio_interface_0_0_synth_1...
Run output will be captured here: /home/thagenlo/Desktop/rfsoc_proj_NEW.xpr/rfsoc_proj/rfsoc_proj.runs/design_1_mmio_interface_0_0_synth_1/runme.log
export_simulation -lib_map_path [list {modelsim=/home/thagenlo/Desktop/rfsoc_proj_NEW.xpr/rfsoc_proj/rfsoc_proj.cache/compile_simlib/modelsim} {questa=/home/thagenlo/Desktop/rfsoc_proj_NEW.xpr/rfsoc_proj/rfsoc_proj.cache/compile_simlib/questa} {xcelium=/home/thagenlo/Desktop/rfsoc_proj_NEW.xpr/rfsoc_proj/rfsoc_proj.cache/compile_simlib/xcelium} {vcs=/home/thagenlo/Desktop/rfsoc_proj_NEW.xpr/rfsoc_proj/rfsoc_proj.cache/compile_simlib/vcs} {riviera=/home/thagenlo/Desktop/rfsoc_proj_NEW.xpr/rfsoc_proj/rfsoc_proj.cache/compile_simlib/riviera}] -of_objects [get_files /home/thagenlo/Desktop/rfsoc_proj_NEW.xpr/rfsoc_proj/rfsoc_proj.srcs/sources_1/bd/design_1/design_1.bd] -directory /home/thagenlo/Desktop/rfsoc_proj_NEW.xpr/rfsoc_proj/rfsoc_proj.ip_user_files/sim_scripts -ip_user_files_dir /home/thagenlo/Desktop/rfsoc_proj_NEW.xpr/rfsoc_proj/rfsoc_proj.ip_user_files -ipstatic_source_dir /home/thagenlo/Desktop/rfsoc_proj_NEW.xpr/rfsoc_proj/rfsoc_proj.ip_user_files/ipstatic -use_ip_compiled_libs -force -quiet
report_ip_status -name ip_status 
reset_run synth_1
INFO: [Project 1-1161] Replacing file /home/thagenlo/Desktop/rfsoc_proj_NEW.xpr/rfsoc_proj/rfsoc_proj.srcs/utils_1/imports/synth_1/design_1_wrapper.dcp with file /home/thagenlo/Desktop/rfsoc_proj_NEW.xpr/rfsoc_proj/rfsoc_proj.runs/synth_1/design_1_wrapper.dcp
reset_run design_1_mmio_interface_0_0_synth_1
launch_runs impl_1 -to_step write_bitstream -jobs 8
CRITICAL WARNING: [filemgmt 20-730] Could not find a top module in the fileset sources_1.
Resolution: With the gui up, review the source files in the Sources window. Use Add Sources to add any needed sources. If the files are disabled, enable them. You can also select the file and choose Set Used In from the pop-up menu. Review if they are being used at the proper points of the flow.
[Tue Dec  9 13:06:45 2025] Launched design_1_mmio_interface_0_0_synth_1, synth_1...
Run output will be captured here:
design_1_mmio_interface_0_0_synth_1: /home/thagenlo/Desktop/rfsoc_proj_NEW.xpr/rfsoc_proj/rfsoc_proj.runs/design_1_mmio_interface_0_0_synth_1/runme.log
synth_1: /home/thagenlo/Desktop/rfsoc_proj_NEW.xpr/rfsoc_proj/rfsoc_proj.runs/synth_1/runme.log
[Tue Dec  9 13:06:45 2025] Launched impl_1...
Run output will be captured here: /home/thagenlo/Desktop/rfsoc_proj_NEW.xpr/rfsoc_proj/rfsoc_proj.runs/impl_1/runme.log
reset_run synth_1
reset_run design_1_mmio_interface_0_0_synth_1
make_wrapper -files [get_files /home/thagenlo/Desktop/rfsoc_proj_NEW.xpr/rfsoc_proj/rfsoc_proj.srcs/sources_1/bd/design_1/design_1.bd] -top
add_files -norecurse /home/thagenlo/Desktop/rfsoc_proj_NEW.xpr/rfsoc_proj/rfsoc_proj.gen/sources_1/bd/design_1/hdl/design_1_wrapper.v
update_compile_order -fileset sources_1
launch_runs impl_1 -to_step write_bitstream -jobs 8
[Tue Dec  9 13:08:26 2025] Launched design_1_mmio_interface_0_0_synth_1, synth_1...
Run output will be captured here:
design_1_mmio_interface_0_0_synth_1: /home/thagenlo/Desktop/rfsoc_proj_NEW.xpr/rfsoc_proj/rfsoc_proj.runs/design_1_mmio_interface_0_0_synth_1/runme.log
synth_1: /home/thagenlo/Desktop/rfsoc_proj_NEW.xpr/rfsoc_proj/rfsoc_proj.runs/synth_1/runme.log
[Tue Dec  9 13:08:26 2025] Launched impl_1...
Run output will be captured here: /home/thagenlo/Desktop/rfsoc_proj_NEW.xpr/rfsoc_proj/rfsoc_proj.runs/impl_1/runme.log
ipx::edit_ip_in_project -upgrade true -name mmio_interface_v1_0_project -directory /home/thagenlo/Desktop/rfsoc_proj_NEW.xpr/rfsoc_proj/rfsoc_proj.tmp/mmio_interface_v1_0_project /home/thagenlo/Desktop/rfsoc_proj_NEW.xpr/rfsoc_proj/rfsoc_proj.ipdefs/mmio_interface_1_0/component.xml
INFO: [IP_Flow 19-234] Refreshing IP repositories
INFO: [IP_Flow 19-1704] No user IP repositories specified
INFO: [IP_Flow 19-2313] Loaded Vivado IP repository '/tools/Xilinx/2025.1/Vivado/data/ip'.
WARNING: [Board 49-26] cannot add Board Part xilinx.com:emb-plus-vpr-4616:part0:1.0 available at /tools/Xilinx/2025.1/data/xhub/boards/XilinxBoardStore/boards/Xilinx/emb-plus-vpr-4616/1.0/board.xml as part xcve2302-sfva784-2mp-e-s specified in board_part file is either invalid or not available
WARNING: [Board 49-26] cannot add Board Part xilinx.com:emb-plus-vpr-4616:part0:1.1 available at /tools/Xilinx/2025.1/data/xhub/boards/XilinxBoardStore/boards/Xilinx/emb-plus-vpr-4616/1.1/board.xml as part xcve2302-sfva784-2mp-e-s specified in board_part file is either invalid or not available
WARNING: [Board 49-26] cannot add Board Part xilinx.com:v80:part0:1.0 available at /tools/Xilinx/2025.1/data/xhub/boards/XilinxBoardStore/boards/Xilinx/v80/1.0/board.xml as part xcv80-lsva4737-2mhp-e-s specified in board_part file is either invalid or not available
WARNING: [Board 49-26] cannot add Board Part xilinx.com:vck190:part0:2.2 available at /tools/Xilinx/2025.1/data/xhub/boards/XilinxBoardStore/boards/Xilinx/vck190/production/2.2/board.xml as part xcvc1902-vsva2197-2mp-e-s specified in board_part file is either invalid or not available
WARNING: [Board 49-26] cannot add Board Part xilinx.com:vck190:part0:3.0 available at /tools/Xilinx/2025.1/data/xhub/boards/XilinxBoardStore/boards/Xilinx/vck190/production/3.0/board.xml as part xcvc1902-vsva2197-2mp-e-s specified in board_part file is either invalid or not available
WARNING: [Board 49-26] cannot add Board Part xilinx.com:vck190:part0:3.1 available at /tools/Xilinx/2025.1/data/xhub/boards/XilinxBoardStore/boards/Xilinx/vck190/production/3.1/board.xml as part xcvc1902-vsva2197-2mp-e-s specified in board_part file is either invalid or not available
WARNING: [Board 49-26] cannot add Board Part xilinx.com:vck190:part0:3.2 available at /tools/Xilinx/2025.1/data/xhub/boards/XilinxBoardStore/boards/Xilinx/vck190/production/3.2/board.xml as part xcvc1902-vsva2197-2mp-e-s specified in board_part file is either invalid or not available
WARNING: [Board 49-26] cannot add Board Part xilinx.com:vck190:part0:3.3 available at /tools/Xilinx/2025.1/data/xhub/boards/XilinxBoardStore/boards/Xilinx/vck190/production/3.3/board.xml as part xcvc1902-vsva2197-2mp-e-s specified in board_part file is either invalid or not available
WARNING: [Board 49-26] cannot add Board Part xilinx.com:vck190:part0:3.4 available at /tools/Xilinx/2025.1/data/xhub/boards/XilinxBoardStore/boards/Xilinx/vck190/production/3.4/board.xml as part xcvc1902-vsva2197-2mp-e-s specified in board_part file is either invalid or not available
WARNING: [Board 49-26] cannot add Board Part xilinx.com:vck190_newl:part0:1.0 available at /tools/Xilinx/2025.1/data/xhub/boards/XilinxBoardStore/boards/Xilinx/vck190_newl/production/1.0/board.xml as part xcvc1902-vsva2197-2mp-e-s specified in board_part file is either invalid or not available
WARNING: [Board 49-26] cannot add Board Part xilinx.com:vck190_newl:part0:1.1 available at /tools/Xilinx/2025.1/data/xhub/boards/XilinxBoardStore/boards/Xilinx/vck190_newl/production/1.1/board.xml as part xcvc1902-vsva2197-2mp-e-s specified in board_part file is either invalid or not available
WARNING: [Board 49-26] cannot add Board Part xilinx.com:vck190_newl:part0:1.2 available at /tools/Xilinx/2025.1/data/xhub/boards/XilinxBoardStore/boards/Xilinx/vck190_newl/production/1.2/board.xml as part xcvc1902-vsva2197-2mp-e-s specified in board_part file is either invalid or not available
WARNING: [Board 49-26] cannot add Board Part xilinx.com:vck190_newl:part0:1.3 available at /tools/Xilinx/2025.1/data/xhub/boards/XilinxBoardStore/boards/Xilinx/vck190_newl/production/1.3/board.xml as part xcvc1902-vsva2197-2mp-e-s specified in board_part file is either invalid or not available
WARNING: [Board 49-26] cannot add Board Part xilinx.com:vek280:part0:1.0 available at /tools/Xilinx/2025.1/data/xhub/boards/XilinxBoardStore/boards/Xilinx/vek280/production/1.0/board.xml as part xcve2802-vsvh1760-2mp-e-s specified in board_part file is either invalid or not available
WARNING: [Board 49-26] cannot add Board Part xilinx.com:vek280:part0:1.1 available at /tools/Xilinx/2025.1/data/xhub/boards/XilinxBoardStore/boards/Xilinx/vek280/production/1.1/board.xml as part xcve2802-vsvh1760-2mp-e-s specified in board_part file is either invalid or not available
WARNING: [Board 49-26] cannot add Board Part xilinx.com:vek280:part0:1.2 available at /tools/Xilinx/2025.1/data/xhub/boards/XilinxBoardStore/boards/Xilinx/vek280/production/1.2/board.xml as part xcve2802-vsvh1760-2mp-e-s specified in board_part file is either invalid or not available
WARNING: [Board 49-26] cannot add Board Part xilinx.com:vek385:part0:1.0 available at /tools/Xilinx/2025.1/data/xhub/boards/XilinxBoardStore/boards/Xilinx/vek385/1.0/board.xml as part xc2ve3858-ssva2112-2mp-e-s specified in board_part file is either invalid or not available
WARNING: [Board 49-26] cannot add Board Part xilinx.com:vhk158:part0:1.0 available at /tools/Xilinx/2025.1/data/xhub/boards/XilinxBoardStore/boards/Xilinx/vhk158/production/1.0/board.xml as part xcvh1582-vsva3697-2mp-e-s specified in board_part file is either invalid or not available
WARNING: [Board 49-26] cannot add Board Part xilinx.com:vhk158:part0:1.1 available at /tools/Xilinx/2025.1/data/xhub/boards/XilinxBoardStore/boards/Xilinx/vhk158/production/1.1/board.xml as part xcvh1582-vsva3697-2mp-e-s specified in board_part file is either invalid or not available
WARNING: [Board 49-26] cannot add Board Part xilinx.com:vhk158:part0:1.2 available at /tools/Xilinx/2025.1/data/xhub/boards/XilinxBoardStore/boards/Xilinx/vhk158/production/1.2/board.xml as part xcvh1582-vsva3697-2mp-e-s specified in board_part file is either invalid or not available
WARNING: [Board 49-26] cannot add Board Part xilinx.com:vmk180:part0:2.2 available at /tools/Xilinx/2025.1/data/xhub/boards/XilinxBoardStore/boards/Xilinx/vmk180/production/2.2/board.xml as part xcvm1802-vsva2197-2mp-e-s specified in board_part file is either invalid or not available
WARNING: [Board 49-26] cannot add Board Part xilinx.com:vmk180:part0:3.0 available at /tools/Xilinx/2025.1/data/xhub/boards/XilinxBoardStore/boards/Xilinx/vmk180/production/3.0/board.xml as part xcvm1802-vsva2197-2mp-e-s specified in board_part file is either invalid or not available
WARNING: [Board 49-26] cannot add Board Part xilinx.com:vmk180:part0:3.1 available at /tools/Xilinx/2025.1/data/xhub/boards/XilinxBoardStore/boards/Xilinx/vmk180/production/3.1/board.xml as part xcvm1802-vsva2197-2mp-e-s specified in board_part file is either invalid or not available
WARNING: [Board 49-26] cannot add Board Part xilinx.com:vmk180:part0:3.2 available at /tools/Xilinx/2025.1/data/xhub/boards/XilinxBoardStore/boards/Xilinx/vmk180/production/3.2/board.xml as part xcvm1802-vsva2197-2mp-e-s specified in board_part file is either invalid or not available
WARNING: [Board 49-26] cannot add Board Part xilinx.com:vmk180:part0:3.3 available at /tools/Xilinx/2025.1/data/xhub/boards/XilinxBoardStore/boards/Xilinx/vmk180/production/3.3/board.xml as part xcvm1802-vsva2197-2mp-e-s specified in board_part file is either invalid or not available
WARNING: [Board 49-26] cannot add Board Part xilinx.com:vmk180_newl:part0:1.0 available at /tools/Xilinx/2025.1/data/xhub/boards/XilinxBoardStore/boards/Xilinx/vmk180_newl/production/1.0/board.xml as part xcvm1802-vsva2197-2mp-e-s specified in board_part file is either invalid or not available
WARNING: [Board 49-26] cannot add Board Part xilinx.com:vmk180_newl:part0:1.1 available at /tools/Xilinx/2025.1/data/xhub/boards/XilinxBoardStore/boards/Xilinx/vmk180_newl/production/1.1/board.xml as part xcvm1802-vsva2197-2mp-e-s specified in board_part file is either invalid or not available
WARNING: [Board 49-26] cannot add Board Part xilinx.com:vpk120:part0:1.0 available at /tools/Xilinx/2025.1/data/xhub/boards/XilinxBoardStore/boards/Xilinx/vpk120/production/1.0/board.xml as part xcvp1202-vsva2785-2mp-e-s specified in board_part file is either invalid or not available
WARNING: [Board 49-26] cannot add Board Part xilinx.com:vpk120:part0:1.1 available at /tools/Xilinx/2025.1/data/xhub/boards/XilinxBoardStore/boards/Xilinx/vpk120/production/1.1/board.xml as part xcvp1202-vsva2785-2mp-e-s specified in board_part file is either invalid or not available
WARNING: [Board 49-26] cannot add Board Part xilinx.com:vpk120:part0:1.2 available at /tools/Xilinx/2025.1/data/xhub/boards/XilinxBoardStore/boards/Xilinx/vpk120/production/1.2/board.xml as part xcvp1202-vsva2785-2mp-e-s specified in board_part file is either invalid or not available
WARNING: [Board 49-26] cannot add Board Part xilinx.com:vpk180:part0:1.0 available at /tools/Xilinx/2025.1/data/xhub/boards/XilinxBoardStore/boards/Xilinx/vpk180/production/1.0/board.xml as part xcvp1802-lsvc4072-2mp-e-s specified in board_part file is either invalid or not available
WARNING: [Board 49-26] cannot add Board Part xilinx.com:vpk180:part0:1.1 available at /tools/Xilinx/2025.1/data/xhub/boards/XilinxBoardStore/boards/Xilinx/vpk180/production/1.1/board.xml as part xcvp1802-lsvc4072-2mp-e-s specified in board_part file is either invalid or not available
WARNING: [Board 49-26] cannot add Board Part xilinx.com:vpk180:part0:1.2 available at /tools/Xilinx/2025.1/data/xhub/boards/XilinxBoardStore/boards/Xilinx/vpk180/production/1.2/board.xml as part xcvp1802-lsvc4072-2mp-e-s specified in board_part file is either invalid or not available
WARNING: [Board 49-26] cannot add Board Part xilinx.com:zcu208ld:part0:2.0 available at /tools/Xilinx/2025.1/data/xhub/boards/XilinxBoardStore/boards/Xilinx/zcu208ld/production/2.0/board.xml as part xczu58dr-fsvg1517-2-i specified in board_part file is either invalid or not available
WARNING: [Board 49-26] cannot add Board Part xilinx.com:zcu216ld:part0:2.0 available at /tools/Xilinx/2025.1/data/xhub/boards/XilinxBoardStore/boards/Xilinx/zcu216ld/production/2.0/board.xml as part xczu59dr-ffvf1760-2-i specified in board_part file is either invalid or not available
WARNING: [Board 49-26] cannot add Board Part xilinx.com:zcu670ld:part0:1.0 available at /tools/Xilinx/2025.1/data/xhub/boards/XilinxBoardStore/boards/Xilinx/zcu670ld/1.0/board.xml as part xczu57dr-fsve1156-2-i specified in board_part file is either invalid or not available
INFO: [IP_Flow 19-234] Refreshing IP repositories
INFO: [IP_Flow 19-1700] Loaded user IP repository '/home/thagenlo/Desktop/rfsoc_proj_NEW.xpr/rfsoc_proj/rfsoc_proj.ipdefs/iq_framer_1_0'.
INFO: [IP_Flow 19-1700] Loaded user IP repository '/home/thagenlo/Desktop/top_ip'.
INFO: [IP_Flow 19-1700] Loaded user IP repository '/home/thagenlo/Desktop/rfsoc_proj_NEW.xpr/rfsoc_proj/rfsoc_proj.ipdefs/mmio_interface_1_0'.
INFO: [IP_Flow 19-795] Syncing license key meta-data
update_compile_order -fileset sources_1
ipx::merge_project_changes files [ipx::current_core]
set_property core_revision 6 [ipx::current_core]
ipx::update_source_project_archive -component [ipx::current_core]
ipx::create_xgui_files [ipx::current_core]
ipx::update_checksums [ipx::current_core]
ipx::check_integrity [ipx::current_core]
WARNING: [IP_Flow 19-11889] HDL Parameter 'C_S00_AXI_DATA_WIDTH (C S00 AXI DATA WIDTH)': Order is obsolete with XGUI version >= 2.0
WARNING: [IP_Flow 19-11889] HDL Parameter 'C_S00_AXI_ADDR_WIDTH (C S00 AXI ADDR WIDTH)': Order is obsolete with XGUI version >= 2.0
WARNING: [IP_Flow 19-11770] Clock interface 'S00_AXI_CLK' has no FREQ_HZ parameter.
INFO: [IP_Flow 19-2181] Payment is not required for this core.
WARNING: [IP_Flow 19-2187] The Product Guide file is missing.
INFO: [Ipptcl 7-1486] check_integrity: Integrity check passed.
ipx::save_core [ipx::current_core]
ipx::move_temp_component_back -component [ipx::current_core]
close_project -delete
update_ip_catalog -rebuild -repo_path /home/thagenlo/Desktop/rfsoc_proj_NEW.xpr/rfsoc_proj/rfsoc_proj.ipdefs/mmio_interface_1_0
INFO: [IP_Flow 19-725] Reloaded user IP repository '/home/thagenlo/Desktop/rfsoc_proj_NEW.xpr/rfsoc_proj/rfsoc_proj.ipdefs/mmio_interface_1_0'
report_ip_status -name ip_status 
upgrade_ip -vlnv user.org:user:mmio_interface:1.0 [get_ips  design_1_mmio_interface_0_0] -log ip_upgrade.log
Upgrading '/home/thagenlo/Desktop/rfsoc_proj_NEW.xpr/rfsoc_proj/rfsoc_proj.srcs/sources_1/bd/design_1/design_1.bd'
INFO: [IP_Flow 19-3422] Upgraded design_1_mmio_interface_0_0 (mmio_interface_v1.0 1.0) from revision 5 to revision 6
Wrote  : </home/thagenlo/Desktop/rfsoc_proj_NEW.xpr/rfsoc_proj/rfsoc_proj.srcs/sources_1/bd/design_1/design_1.bd> 
Wrote  : </home/thagenlo/Desktop/rfsoc_proj_NEW.xpr/rfsoc_proj/rfsoc_proj.srcs/sources_1/bd/design_1/ui/bd_1f5defd0.ui> 
INFO: [Coretcl 2-1525] Wrote upgrade log to '/home/thagenlo/Desktop/rfsoc_proj_NEW.xpr/rfsoc_proj/ip_upgrade.log'.
export_ip_user_files -of_objects [get_ips design_1_mmio_interface_0_0] -no_script -sync -force -quiet
generate_target all [get_files  /home/thagenlo/Desktop/rfsoc_proj_NEW.xpr/rfsoc_proj/rfsoc_proj.srcs/sources_1/bd/design_1/design_1.bd]
WARNING: [BD 41-1629] Slave segment </zynq_ultra_ps_e_0/SAXIGP2/HP0_LPS_OCM> is excluded from all addressing paths.
WARNING: [BD 41-1629] Slave segment </zynq_ultra_ps_e_0/SAXIGP2/HP0_DDR_HIGH> is excluded from all addressing paths.
WARNING: [BD 41-3281] Instance '/axi_dma_0' is connected on both sides by SmartConnects and cannot automatically configure itself to match the endpoints. Please manually configure its AXI interfaces as required for the design.
WARNING: [BD 41-3281] Instance '/zynq_ultra_ps_e_0' is connected on both sides by SmartConnects and cannot automatically configure itself to match the endpoints. Please manually configure its AXI interfaces as required for the design.
Excluding slave segment /zynq_ultra_ps_e_0/SAXIGP2/HP0_DDR_HIGH from address space /axi_dma_0/Data_S2MM.
Excluding slave segment /zynq_ultra_ps_e_0/SAXIGP2/HP0_LPS_OCM from address space /axi_dma_0/Data_S2MM.
Excluding slave segment /zynq_ultra_ps_e_0/SAXIGP2/HP0_DDR_HIGH from address space /axi_dma_0/Data_S2MM.
Excluding slave segment /zynq_ultra_ps_e_0/SAXIGP2/HP0_LPS_OCM from address space /axi_dma_0/Data_S2MM.
Excluding slave segment /zynq_ultra_ps_e_0/SAXIGP2/HP0_DDR_HIGH from address space /axi_dma_0/Data_S2MM.
Excluding slave segment /zynq_ultra_ps_e_0/SAXIGP2/HP0_LPS_OCM from address space /axi_dma_0/Data_S2MM.
Excluding slave segment /zynq_ultra_ps_e_0/SAXIGP2/HP0_DDR_HIGH from address space /axi_dma_0/Data_S2MM.
Excluding slave segment /zynq_ultra_ps_e_0/SAXIGP2/HP0_LPS_OCM from address space /axi_dma_0/Data_S2MM.
INFO: [BD 5-943] Reserving offset range <0xA000_0000 [ 64K ]> from slave interface '/axi_smc/S00_AXI' to master interface '/axi_smc/M00_AXI'. This will be used by smartconnect on path for routing.
INFO: [BD 5-943] Reserving offset range <0xA004_0000 [ 256K ]> from slave interface '/axi_smc/S00_AXI' to master interface '/axi_smc/M01_AXI'. This will be used by smartconnect on path for routing.
INFO: [BD 5-943] Reserving offset range <0xA001_0000 [ 64K ]> from slave interface '/axi_smc/S00_AXI' to master interface '/axi_smc/M02_AXI'. This will be used by smartconnect on path for routing.
INFO: [xilinx.com:ip:smartconnect:1.0-1] design_1_axi_smc_0: SmartConnect design_1_axi_smc_0 is in Low-Area Mode.
INFO: [BD 5-943] Reserving offset range <0x0000_0000 [ 2G ]> from slave interface '/axi_smc_1/S00_AXI' to master interface '/axi_smc_1/M00_AXI'. This will be used by smartconnect on path for routing.
INFO: [xilinx.com:ip:smartconnect:1.0-1] design_1_axi_smc_1_0: SmartConnect design_1_axi_smc_1_0 is in High-performance Mode.
Excluding slave segment /zynq_ultra_ps_e_0/SAXIGP2/HP0_DDR_HIGH from address space /axi_dma_0/Data_S2MM.
Excluding slave segment /zynq_ultra_ps_e_0/SAXIGP2/HP0_LPS_OCM from address space /axi_dma_0/Data_S2MM.
Excluding slave segment /zynq_ultra_ps_e_0/SAXIGP2/HP0_DDR_HIGH from address space /axi_dma_0/Data_S2MM.
Excluding slave segment /zynq_ultra_ps_e_0/SAXIGP2/HP0_LPS_OCM from address space /axi_dma_0/Data_S2MM.
INFO: [xilinx.com:ip:cic_compiler:4.0-913] /cic_compiler_0 Input_Data_Width has been set to manual on the GUI. It will not be updated during validation with a propagated value.
INFO: [xilinx.com:ip:fir_compiler:7.2-308] /fir_compiler_1 S_AXIS_DATA-TDATA: Validating field: chan_0_path_0(16:0): fix16_0 against /cic_compiler_1 M_AXIS_DATA-TDATA: chan_0(16:0): fix16_0.
INFO: [xilinx.com:ip:cic_compiler:4.0-913] /cic_compiler_1 Input_Data_Width has been set to manual on the GUI. It will not be updated during validation with a propagated value.
INFO: [xilinx.com:ip:fir_compiler:7.2-308] /fir_compiler_0 S_AXIS_DATA-TDATA: Validating field: chan_0_path_0(16:0): fix16_0 against /cic_compiler_0 M_AXIS_DATA-TDATA: chan_0(16:0): fix16_0.
WARNING: [BD 41-237] Bus Interface property AWUSER_WIDTH does not match between /zynq_ultra_ps_e_0/S_AXI_HP0_FPD(1) and /axi_smc_1/M00_AXI(0)
WARNING: [BD 41-237] Bus Interface property ARUSER_WIDTH does not match between /zynq_ultra_ps_e_0/S_AXI_HP0_FPD(1) and /axi_smc_1/M00_AXI(0)
WARNING: [BD 41-2671] The dangling interface net <m00_aw_node_M_AXIS_ARB> will not be written out to the BD file.
WARNING: [BD 41-2671] The dangling interface net <m01_aw_node_M_AXIS_ARB> will not be written out to the BD file.
WARNING: [BD 41-2671] The dangling interface net <m02_aw_node_M_AXIS_ARB> will not be written out to the BD file.
Wrote  : </home/thagenlo/Desktop/rfsoc_proj_NEW.xpr/rfsoc_proj/rfsoc_proj.srcs/sources_1/bd/design_1/design_1.bd> 
Verilog Output written to : /home/thagenlo/Desktop/rfsoc_proj_NEW.xpr/rfsoc_proj/rfsoc_proj.gen/sources_1/bd/design_1/synth/design_1.v
Verilog Output written to : /home/thagenlo/Desktop/rfsoc_proj_NEW.xpr/rfsoc_proj/rfsoc_proj.gen/sources_1/bd/design_1/sim/design_1.v
Verilog Output written to : /home/thagenlo/Desktop/rfsoc_proj_NEW.xpr/rfsoc_proj/rfsoc_proj.gen/sources_1/bd/design_1/hdl/design_1_wrapper.v
Exporting to file /home/thagenlo/Desktop/rfsoc_proj_NEW.xpr/rfsoc_proj/rfsoc_proj.gen/sources_1/bd/design_1/ip/design_1_axi_smc_0/bd_0/hw_handoff/design_1_axi_smc_0.hwh
Generated Hardware Definition File /home/thagenlo/Desktop/rfsoc_proj_NEW.xpr/rfsoc_proj/rfsoc_proj.gen/sources_1/bd/design_1/ip/design_1_axi_smc_0/bd_0/synth/design_1_axi_smc_0.hwdef
INFO: [BD 41-1029] Generation completed for the IP Integrator block axi_smc .
Exporting to file /home/thagenlo/Desktop/rfsoc_proj_NEW.xpr/rfsoc_proj/rfsoc_proj.gen/sources_1/bd/design_1/ip/design_1_axi_smc_1_0/bd_0/hw_handoff/design_1_axi_smc_1_0.hwh
Generated Hardware Definition File /home/thagenlo/Desktop/rfsoc_proj_NEW.xpr/rfsoc_proj/rfsoc_proj.gen/sources_1/bd/design_1/ip/design_1_axi_smc_1_0/bd_0/synth/design_1_axi_smc_1_0.hwdef
INFO: [BD 41-1029] Generation completed for the IP Integrator block axi_smc_1 .
INFO: [BD 41-1029] Generation completed for the IP Integrator block mmio_interface_0 .
Exporting to file /home/thagenlo/Desktop/rfsoc_proj_NEW.xpr/rfsoc_proj/rfsoc_proj.gen/sources_1/bd/design_1/hw_handoff/design_1.hwh
Generated Hardware Definition File /home/thagenlo/Desktop/rfsoc_proj_NEW.xpr/rfsoc_proj/rfsoc_proj.gen/sources_1/bd/design_1/synth/design_1.hwdef
generate_target: Time (s): cpu = 00:00:22 ; elapsed = 00:00:21 . Memory (MB): peak = 12490.664 ; gain = 0.000 ; free physical = 9751 ; free virtual = 12735
catch { config_ip_cache -export [get_ips -all design_1_axi_smc_0] }
INFO: [IP_Flow 19-4993] Using cached IP synthesis design for IP design_1_axi_smc_0, cache-ID = c3f79869b6e1fe1e; cache size = 114.630 MB.
catch { config_ip_cache -export [get_ips -all design_1_axi_smc_1_0] }
INFO: [IP_Flow 19-4993] Using cached IP synthesis design for IP design_1_axi_smc_1_0, cache-ID = e93bc6a3389c4536; cache size = 114.630 MB.
catch { config_ip_cache -export [get_ips -all design_1_mmio_interface_0_0] }
export_ip_user_files -of_objects [get_files /home/thagenlo/Desktop/rfsoc_proj_NEW.xpr/rfsoc_proj/rfsoc_proj.srcs/sources_1/bd/design_1/design_1.bd] -no_script -sync -force -quiet
create_ip_run [get_files -of_objects [get_fileset sources_1] /home/thagenlo/Desktop/rfsoc_proj_NEW.xpr/rfsoc_proj/rfsoc_proj.srcs/sources_1/bd/design_1/design_1.bd]
launch_runs design_1_mmio_interface_0_0_synth_1 -jobs 8
[Tue Dec  9 13:12:10 2025] Launched design_1_mmio_interface_0_0_synth_1...
Run output will be captured here: /home/thagenlo/Desktop/rfsoc_proj_NEW.xpr/rfsoc_proj/rfsoc_proj.runs/design_1_mmio_interface_0_0_synth_1/runme.log
export_simulation -lib_map_path [list {modelsim=/home/thagenlo/Desktop/rfsoc_proj_NEW.xpr/rfsoc_proj/rfsoc_proj.cache/compile_simlib/modelsim} {questa=/home/thagenlo/Desktop/rfsoc_proj_NEW.xpr/rfsoc_proj/rfsoc_proj.cache/compile_simlib/questa} {xcelium=/home/thagenlo/Desktop/rfsoc_proj_NEW.xpr/rfsoc_proj/rfsoc_proj.cache/compile_simlib/xcelium} {vcs=/home/thagenlo/Desktop/rfsoc_proj_NEW.xpr/rfsoc_proj/rfsoc_proj.cache/compile_simlib/vcs} {riviera=/home/thagenlo/Desktop/rfsoc_proj_NEW.xpr/rfsoc_proj/rfsoc_proj.cache/compile_simlib/riviera}] -of_objects [get_files /home/thagenlo/Desktop/rfsoc_proj_NEW.xpr/rfsoc_proj/rfsoc_proj.srcs/sources_1/bd/design_1/design_1.bd] -directory /home/thagenlo/Desktop/rfsoc_proj_NEW.xpr/rfsoc_proj/rfsoc_proj.ip_user_files/sim_scripts -ip_user_files_dir /home/thagenlo/Desktop/rfsoc_proj_NEW.xpr/rfsoc_proj/rfsoc_proj.ip_user_files -ipstatic_source_dir /home/thagenlo/Desktop/rfsoc_proj_NEW.xpr/rfsoc_proj/rfsoc_proj.ip_user_files/ipstatic -use_ip_compiled_libs -force -quiet
reset_run synth_1
reset_run design_1_mmio_interface_0_0_synth_1
launch_runs impl_1 -to_step write_bitstream -jobs 8
[Tue Dec  9 13:13:06 2025] Launched design_1_mmio_interface_0_0_synth_1, synth_1...
Run output will be captured here:
design_1_mmio_interface_0_0_synth_1: /home/thagenlo/Desktop/rfsoc_proj_NEW.xpr/rfsoc_proj/rfsoc_proj.runs/design_1_mmio_interface_0_0_synth_1/runme.log
synth_1: /home/thagenlo/Desktop/rfsoc_proj_NEW.xpr/rfsoc_proj/rfsoc_proj.runs/synth_1/runme.log
[Tue Dec  9 13:13:06 2025] Launched impl_1...
Run output will be captured here: /home/thagenlo/Desktop/rfsoc_proj_NEW.xpr/rfsoc_proj/rfsoc_proj.runs/impl_1/runme.log
ipx::edit_ip_in_project -upgrade true -name mmio_interface_v1_0_project -directory /home/thagenlo/Desktop/rfsoc_proj_NEW.xpr/rfsoc_proj/rfsoc_proj.tmp/mmio_interface_v1_0_project /home/thagenlo/Desktop/rfsoc_proj_NEW.xpr/rfsoc_proj/rfsoc_proj.ipdefs/mmio_interface_1_0/component.xml
INFO: [IP_Flow 19-234] Refreshing IP repositories
INFO: [IP_Flow 19-1704] No user IP repositories specified
INFO: [IP_Flow 19-2313] Loaded Vivado IP repository '/tools/Xilinx/2025.1/Vivado/data/ip'.
WARNING: [Board 49-26] cannot add Board Part xilinx.com:emb-plus-vpr-4616:part0:1.0 available at /tools/Xilinx/2025.1/data/xhub/boards/XilinxBoardStore/boards/Xilinx/emb-plus-vpr-4616/1.0/board.xml as part xcve2302-sfva784-2mp-e-s specified in board_part file is either invalid or not available
WARNING: [Board 49-26] cannot add Board Part xilinx.com:emb-plus-vpr-4616:part0:1.1 available at /tools/Xilinx/2025.1/data/xhub/boards/XilinxBoardStore/boards/Xilinx/emb-plus-vpr-4616/1.1/board.xml as part xcve2302-sfva784-2mp-e-s specified in board_part file is either invalid or not available
WARNING: [Board 49-26] cannot add Board Part xilinx.com:v80:part0:1.0 available at /tools/Xilinx/2025.1/data/xhub/boards/XilinxBoardStore/boards/Xilinx/v80/1.0/board.xml as part xcv80-lsva4737-2mhp-e-s specified in board_part file is either invalid or not available
WARNING: [Board 49-26] cannot add Board Part xilinx.com:vck190:part0:2.2 available at /tools/Xilinx/2025.1/data/xhub/boards/XilinxBoardStore/boards/Xilinx/vck190/production/2.2/board.xml as part xcvc1902-vsva2197-2mp-e-s specified in board_part file is either invalid or not available
WARNING: [Board 49-26] cannot add Board Part xilinx.com:vck190:part0:3.0 available at /tools/Xilinx/2025.1/data/xhub/boards/XilinxBoardStore/boards/Xilinx/vck190/production/3.0/board.xml as part xcvc1902-vsva2197-2mp-e-s specified in board_part file is either invalid or not available
WARNING: [Board 49-26] cannot add Board Part xilinx.com:vck190:part0:3.1 available at /tools/Xilinx/2025.1/data/xhub/boards/XilinxBoardStore/boards/Xilinx/vck190/production/3.1/board.xml as part xcvc1902-vsva2197-2mp-e-s specified in board_part file is either invalid or not available
WARNING: [Board 49-26] cannot add Board Part xilinx.com:vck190:part0:3.2 available at /tools/Xilinx/2025.1/data/xhub/boards/XilinxBoardStore/boards/Xilinx/vck190/production/3.2/board.xml as part xcvc1902-vsva2197-2mp-e-s specified in board_part file is either invalid or not available
WARNING: [Board 49-26] cannot add Board Part xilinx.com:vck190:part0:3.3 available at /tools/Xilinx/2025.1/data/xhub/boards/XilinxBoardStore/boards/Xilinx/vck190/production/3.3/board.xml as part xcvc1902-vsva2197-2mp-e-s specified in board_part file is either invalid or not available
WARNING: [Board 49-26] cannot add Board Part xilinx.com:vck190:part0:3.4 available at /tools/Xilinx/2025.1/data/xhub/boards/XilinxBoardStore/boards/Xilinx/vck190/production/3.4/board.xml as part xcvc1902-vsva2197-2mp-e-s specified in board_part file is either invalid or not available
WARNING: [Board 49-26] cannot add Board Part xilinx.com:vck190_newl:part0:1.0 available at /tools/Xilinx/2025.1/data/xhub/boards/XilinxBoardStore/boards/Xilinx/vck190_newl/production/1.0/board.xml as part xcvc1902-vsva2197-2mp-e-s specified in board_part file is either invalid or not available
WARNING: [Board 49-26] cannot add Board Part xilinx.com:vck190_newl:part0:1.1 available at /tools/Xilinx/2025.1/data/xhub/boards/XilinxBoardStore/boards/Xilinx/vck190_newl/production/1.1/board.xml as part xcvc1902-vsva2197-2mp-e-s specified in board_part file is either invalid or not available
WARNING: [Board 49-26] cannot add Board Part xilinx.com:vck190_newl:part0:1.2 available at /tools/Xilinx/2025.1/data/xhub/boards/XilinxBoardStore/boards/Xilinx/vck190_newl/production/1.2/board.xml as part xcvc1902-vsva2197-2mp-e-s specified in board_part file is either invalid or not available
WARNING: [Board 49-26] cannot add Board Part xilinx.com:vck190_newl:part0:1.3 available at /tools/Xilinx/2025.1/data/xhub/boards/XilinxBoardStore/boards/Xilinx/vck190_newl/production/1.3/board.xml as part xcvc1902-vsva2197-2mp-e-s specified in board_part file is either invalid or not available
WARNING: [Board 49-26] cannot add Board Part xilinx.com:vek280:part0:1.0 available at /tools/Xilinx/2025.1/data/xhub/boards/XilinxBoardStore/boards/Xilinx/vek280/production/1.0/board.xml as part xcve2802-vsvh1760-2mp-e-s specified in board_part file is either invalid or not available
WARNING: [Board 49-26] cannot add Board Part xilinx.com:vek280:part0:1.1 available at /tools/Xilinx/2025.1/data/xhub/boards/XilinxBoardStore/boards/Xilinx/vek280/production/1.1/board.xml as part xcve2802-vsvh1760-2mp-e-s specified in board_part file is either invalid or not available
WARNING: [Board 49-26] cannot add Board Part xilinx.com:vek280:part0:1.2 available at /tools/Xilinx/2025.1/data/xhub/boards/XilinxBoardStore/boards/Xilinx/vek280/production/1.2/board.xml as part xcve2802-vsvh1760-2mp-e-s specified in board_part file is either invalid or not available
WARNING: [Board 49-26] cannot add Board Part xilinx.com:vek385:part0:1.0 available at /tools/Xilinx/2025.1/data/xhub/boards/XilinxBoardStore/boards/Xilinx/vek385/1.0/board.xml as part xc2ve3858-ssva2112-2mp-e-s specified in board_part file is either invalid or not available
WARNING: [Board 49-26] cannot add Board Part xilinx.com:vhk158:part0:1.0 available at /tools/Xilinx/2025.1/data/xhub/boards/XilinxBoardStore/boards/Xilinx/vhk158/production/1.0/board.xml as part xcvh1582-vsva3697-2mp-e-s specified in board_part file is either invalid or not available
WARNING: [Board 49-26] cannot add Board Part xilinx.com:vhk158:part0:1.1 available at /tools/Xilinx/2025.1/data/xhub/boards/XilinxBoardStore/boards/Xilinx/vhk158/production/1.1/board.xml as part xcvh1582-vsva3697-2mp-e-s specified in board_part file is either invalid or not available
WARNING: [Board 49-26] cannot add Board Part xilinx.com:vhk158:part0:1.2 available at /tools/Xilinx/2025.1/data/xhub/boards/XilinxBoardStore/boards/Xilinx/vhk158/production/1.2/board.xml as part xcvh1582-vsva3697-2mp-e-s specified in board_part file is either invalid or not available
WARNING: [Board 49-26] cannot add Board Part xilinx.com:vmk180:part0:2.2 available at /tools/Xilinx/2025.1/data/xhub/boards/XilinxBoardStore/boards/Xilinx/vmk180/production/2.2/board.xml as part xcvm1802-vsva2197-2mp-e-s specified in board_part file is either invalid or not available
WARNING: [Board 49-26] cannot add Board Part xilinx.com:vmk180:part0:3.0 available at /tools/Xilinx/2025.1/data/xhub/boards/XilinxBoardStore/boards/Xilinx/vmk180/production/3.0/board.xml as part xcvm1802-vsva2197-2mp-e-s specified in board_part file is either invalid or not available
WARNING: [Board 49-26] cannot add Board Part xilinx.com:vmk180:part0:3.1 available at /tools/Xilinx/2025.1/data/xhub/boards/XilinxBoardStore/boards/Xilinx/vmk180/production/3.1/board.xml as part xcvm1802-vsva2197-2mp-e-s specified in board_part file is either invalid or not available
WARNING: [Board 49-26] cannot add Board Part xilinx.com:vmk180:part0:3.2 available at /tools/Xilinx/2025.1/data/xhub/boards/XilinxBoardStore/boards/Xilinx/vmk180/production/3.2/board.xml as part xcvm1802-vsva2197-2mp-e-s specified in board_part file is either invalid or not available
WARNING: [Board 49-26] cannot add Board Part xilinx.com:vmk180:part0:3.3 available at /tools/Xilinx/2025.1/data/xhub/boards/XilinxBoardStore/boards/Xilinx/vmk180/production/3.3/board.xml as part xcvm1802-vsva2197-2mp-e-s specified in board_part file is either invalid or not available
WARNING: [Board 49-26] cannot add Board Part xilinx.com:vmk180_newl:part0:1.0 available at /tools/Xilinx/2025.1/data/xhub/boards/XilinxBoardStore/boards/Xilinx/vmk180_newl/production/1.0/board.xml as part xcvm1802-vsva2197-2mp-e-s specified in board_part file is either invalid or not available
WARNING: [Board 49-26] cannot add Board Part xilinx.com:vmk180_newl:part0:1.1 available at /tools/Xilinx/2025.1/data/xhub/boards/XilinxBoardStore/boards/Xilinx/vmk180_newl/production/1.1/board.xml as part xcvm1802-vsva2197-2mp-e-s specified in board_part file is either invalid or not available
WARNING: [Board 49-26] cannot add Board Part xilinx.com:vpk120:part0:1.0 available at /tools/Xilinx/2025.1/data/xhub/boards/XilinxBoardStore/boards/Xilinx/vpk120/production/1.0/board.xml as part xcvp1202-vsva2785-2mp-e-s specified in board_part file is either invalid or not available
WARNING: [Board 49-26] cannot add Board Part xilinx.com:vpk120:part0:1.1 available at /tools/Xilinx/2025.1/data/xhub/boards/XilinxBoardStore/boards/Xilinx/vpk120/production/1.1/board.xml as part xcvp1202-vsva2785-2mp-e-s specified in board_part file is either invalid or not available
WARNING: [Board 49-26] cannot add Board Part xilinx.com:vpk120:part0:1.2 available at /tools/Xilinx/2025.1/data/xhub/boards/XilinxBoardStore/boards/Xilinx/vpk120/production/1.2/board.xml as part xcvp1202-vsva2785-2mp-e-s specified in board_part file is either invalid or not available
WARNING: [Board 49-26] cannot add Board Part xilinx.com:vpk180:part0:1.0 available at /tools/Xilinx/2025.1/data/xhub/boards/XilinxBoardStore/boards/Xilinx/vpk180/production/1.0/board.xml as part xcvp1802-lsvc4072-2mp-e-s specified in board_part file is either invalid or not available
WARNING: [Board 49-26] cannot add Board Part xilinx.com:vpk180:part0:1.1 available at /tools/Xilinx/2025.1/data/xhub/boards/XilinxBoardStore/boards/Xilinx/vpk180/production/1.1/board.xml as part xcvp1802-lsvc4072-2mp-e-s specified in board_part file is either invalid or not available
WARNING: [Board 49-26] cannot add Board Part xilinx.com:vpk180:part0:1.2 available at /tools/Xilinx/2025.1/data/xhub/boards/XilinxBoardStore/boards/Xilinx/vpk180/production/1.2/board.xml as part xcvp1802-lsvc4072-2mp-e-s specified in board_part file is either invalid or not available
WARNING: [Board 49-26] cannot add Board Part xilinx.com:zcu208ld:part0:2.0 available at /tools/Xilinx/2025.1/data/xhub/boards/XilinxBoardStore/boards/Xilinx/zcu208ld/production/2.0/board.xml as part xczu58dr-fsvg1517-2-i specified in board_part file is either invalid or not available
WARNING: [Board 49-26] cannot add Board Part xilinx.com:zcu216ld:part0:2.0 available at /tools/Xilinx/2025.1/data/xhub/boards/XilinxBoardStore/boards/Xilinx/zcu216ld/production/2.0/board.xml as part xczu59dr-ffvf1760-2-i specified in board_part file is either invalid or not available
WARNING: [Board 49-26] cannot add Board Part xilinx.com:zcu670ld:part0:1.0 available at /tools/Xilinx/2025.1/data/xhub/boards/XilinxBoardStore/boards/Xilinx/zcu670ld/1.0/board.xml as part xczu57dr-fsve1156-2-i specified in board_part file is either invalid or not available
INFO: [IP_Flow 19-234] Refreshing IP repositories
INFO: [IP_Flow 19-1700] Loaded user IP repository '/home/thagenlo/Desktop/rfsoc_proj_NEW.xpr/rfsoc_proj/rfsoc_proj.ipdefs/iq_framer_1_0'.
INFO: [IP_Flow 19-1700] Loaded user IP repository '/home/thagenlo/Desktop/top_ip'.
INFO: [IP_Flow 19-1700] Loaded user IP repository '/home/thagenlo/Desktop/rfsoc_proj_NEW.xpr/rfsoc_proj/rfsoc_proj.ipdefs/mmio_interface_1_0'.
INFO: [IP_Flow 19-795] Syncing license key meta-data
update_compile_order -fileset sources_1
close_project
report_ip_status -name ip_status 
reset_run synth_1
reset_run design_1_mmio_interface_0_0_synth_1
launch_runs impl_1 -to_step write_bitstream -jobs 8
[Tue Dec  9 13:17:50 2025] Launched design_1_mmio_interface_0_0_synth_1, synth_1...
Run output will be captured here:
design_1_mmio_interface_0_0_synth_1: /home/thagenlo/Desktop/rfsoc_proj_NEW.xpr/rfsoc_proj/rfsoc_proj.runs/design_1_mmio_interface_0_0_synth_1/runme.log
synth_1: /home/thagenlo/Desktop/rfsoc_proj_NEW.xpr/rfsoc_proj/rfsoc_proj.runs/synth_1/runme.log
[Tue Dec  9 13:17:50 2025] Launched impl_1...
Run output will be captured here: /home/thagenlo/Desktop/rfsoc_proj_NEW.xpr/rfsoc_proj/rfsoc_proj.runs/impl_1/runme.log
open_bd_design {/home/thagenlo/Desktop/rfsoc_proj_NEW.xpr/rfsoc_proj/rfsoc_proj.srcs/sources_1/bd/design_1/design_1.bd}
ipx::edit_ip_in_project -upgrade true -name mmio_interface_v1_0_project -directory /home/thagenlo/Desktop/rfsoc_proj_NEW.xpr/rfsoc_proj/rfsoc_proj.tmp/mmio_interface_v1_0_project /home/thagenlo/Desktop/rfsoc_proj_NEW.xpr/rfsoc_proj/rfsoc_proj.ipdefs/mmio_interface_1_0/component.xml
INFO: [IP_Flow 19-234] Refreshing IP repositories
INFO: [IP_Flow 19-1704] No user IP repositories specified
INFO: [IP_Flow 19-2313] Loaded Vivado IP repository '/tools/Xilinx/2025.1/Vivado/data/ip'.
WARNING: [Board 49-26] cannot add Board Part xilinx.com:emb-plus-vpr-4616:part0:1.0 available at /tools/Xilinx/2025.1/data/xhub/boards/XilinxBoardStore/boards/Xilinx/emb-plus-vpr-4616/1.0/board.xml as part xcve2302-sfva784-2mp-e-s specified in board_part file is either invalid or not available
WARNING: [Board 49-26] cannot add Board Part xilinx.com:emb-plus-vpr-4616:part0:1.1 available at /tools/Xilinx/2025.1/data/xhub/boards/XilinxBoardStore/boards/Xilinx/emb-plus-vpr-4616/1.1/board.xml as part xcve2302-sfva784-2mp-e-s specified in board_part file is either invalid or not available
WARNING: [Board 49-26] cannot add Board Part xilinx.com:v80:part0:1.0 available at /tools/Xilinx/2025.1/data/xhub/boards/XilinxBoardStore/boards/Xilinx/v80/1.0/board.xml as part xcv80-lsva4737-2mhp-e-s specified in board_part file is either invalid or not available
WARNING: [Board 49-26] cannot add Board Part xilinx.com:vck190:part0:2.2 available at /tools/Xilinx/2025.1/data/xhub/boards/XilinxBoardStore/boards/Xilinx/vck190/production/2.2/board.xml as part xcvc1902-vsva2197-2mp-e-s specified in board_part file is either invalid or not available
WARNING: [Board 49-26] cannot add Board Part xilinx.com:vck190:part0:3.0 available at /tools/Xilinx/2025.1/data/xhub/boards/XilinxBoardStore/boards/Xilinx/vck190/production/3.0/board.xml as part xcvc1902-vsva2197-2mp-e-s specified in board_part file is either invalid or not available
WARNING: [Board 49-26] cannot add Board Part xilinx.com:vck190:part0:3.1 available at /tools/Xilinx/2025.1/data/xhub/boards/XilinxBoardStore/boards/Xilinx/vck190/production/3.1/board.xml as part xcvc1902-vsva2197-2mp-e-s specified in board_part file is either invalid or not available
WARNING: [Board 49-26] cannot add Board Part xilinx.com:vck190:part0:3.2 available at /tools/Xilinx/2025.1/data/xhub/boards/XilinxBoardStore/boards/Xilinx/vck190/production/3.2/board.xml as part xcvc1902-vsva2197-2mp-e-s specified in board_part file is either invalid or not available
WARNING: [Board 49-26] cannot add Board Part xilinx.com:vck190:part0:3.3 available at /tools/Xilinx/2025.1/data/xhub/boards/XilinxBoardStore/boards/Xilinx/vck190/production/3.3/board.xml as part xcvc1902-vsva2197-2mp-e-s specified in board_part file is either invalid or not available
WARNING: [Board 49-26] cannot add Board Part xilinx.com:vck190:part0:3.4 available at /tools/Xilinx/2025.1/data/xhub/boards/XilinxBoardStore/boards/Xilinx/vck190/production/3.4/board.xml as part xcvc1902-vsva2197-2mp-e-s specified in board_part file is either invalid or not available
WARNING: [Board 49-26] cannot add Board Part xilinx.com:vck190_newl:part0:1.0 available at /tools/Xilinx/2025.1/data/xhub/boards/XilinxBoardStore/boards/Xilinx/vck190_newl/production/1.0/board.xml as part xcvc1902-vsva2197-2mp-e-s specified in board_part file is either invalid or not available
WARNING: [Board 49-26] cannot add Board Part xilinx.com:vck190_newl:part0:1.1 available at /tools/Xilinx/2025.1/data/xhub/boards/XilinxBoardStore/boards/Xilinx/vck190_newl/production/1.1/board.xml as part xcvc1902-vsva2197-2mp-e-s specified in board_part file is either invalid or not available
WARNING: [Board 49-26] cannot add Board Part xilinx.com:vck190_newl:part0:1.2 available at /tools/Xilinx/2025.1/data/xhub/boards/XilinxBoardStore/boards/Xilinx/vck190_newl/production/1.2/board.xml as part xcvc1902-vsva2197-2mp-e-s specified in board_part file is either invalid or not available
WARNING: [Board 49-26] cannot add Board Part xilinx.com:vck190_newl:part0:1.3 available at /tools/Xilinx/2025.1/data/xhub/boards/XilinxBoardStore/boards/Xilinx/vck190_newl/production/1.3/board.xml as part xcvc1902-vsva2197-2mp-e-s specified in board_part file is either invalid or not available
WARNING: [Board 49-26] cannot add Board Part xilinx.com:vek280:part0:1.0 available at /tools/Xilinx/2025.1/data/xhub/boards/XilinxBoardStore/boards/Xilinx/vek280/production/1.0/board.xml as part xcve2802-vsvh1760-2mp-e-s specified in board_part file is either invalid or not available
WARNING: [Board 49-26] cannot add Board Part xilinx.com:vek280:part0:1.1 available at /tools/Xilinx/2025.1/data/xhub/boards/XilinxBoardStore/boards/Xilinx/vek280/production/1.1/board.xml as part xcve2802-vsvh1760-2mp-e-s specified in board_part file is either invalid or not available
WARNING: [Board 49-26] cannot add Board Part xilinx.com:vek280:part0:1.2 available at /tools/Xilinx/2025.1/data/xhub/boards/XilinxBoardStore/boards/Xilinx/vek280/production/1.2/board.xml as part xcve2802-vsvh1760-2mp-e-s specified in board_part file is either invalid or not available
WARNING: [Board 49-26] cannot add Board Part xilinx.com:vek385:part0:1.0 available at /tools/Xilinx/2025.1/data/xhub/boards/XilinxBoardStore/boards/Xilinx/vek385/1.0/board.xml as part xc2ve3858-ssva2112-2mp-e-s specified in board_part file is either invalid or not available
WARNING: [Board 49-26] cannot add Board Part xilinx.com:vhk158:part0:1.0 available at /tools/Xilinx/2025.1/data/xhub/boards/XilinxBoardStore/boards/Xilinx/vhk158/production/1.0/board.xml as part xcvh1582-vsva3697-2mp-e-s specified in board_part file is either invalid or not available
WARNING: [Board 49-26] cannot add Board Part xilinx.com:vhk158:part0:1.1 available at /tools/Xilinx/2025.1/data/xhub/boards/XilinxBoardStore/boards/Xilinx/vhk158/production/1.1/board.xml as part xcvh1582-vsva3697-2mp-e-s specified in board_part file is either invalid or not available
WARNING: [Board 49-26] cannot add Board Part xilinx.com:vhk158:part0:1.2 available at /tools/Xilinx/2025.1/data/xhub/boards/XilinxBoardStore/boards/Xilinx/vhk158/production/1.2/board.xml as part xcvh1582-vsva3697-2mp-e-s specified in board_part file is either invalid or not available
WARNING: [Board 49-26] cannot add Board Part xilinx.com:vmk180:part0:2.2 available at /tools/Xilinx/2025.1/data/xhub/boards/XilinxBoardStore/boards/Xilinx/vmk180/production/2.2/board.xml as part xcvm1802-vsva2197-2mp-e-s specified in board_part file is either invalid or not available
WARNING: [Board 49-26] cannot add Board Part xilinx.com:vmk180:part0:3.0 available at /tools/Xilinx/2025.1/data/xhub/boards/XilinxBoardStore/boards/Xilinx/vmk180/production/3.0/board.xml as part xcvm1802-vsva2197-2mp-e-s specified in board_part file is either invalid or not available
WARNING: [Board 49-26] cannot add Board Part xilinx.com:vmk180:part0:3.1 available at /tools/Xilinx/2025.1/data/xhub/boards/XilinxBoardStore/boards/Xilinx/vmk180/production/3.1/board.xml as part xcvm1802-vsva2197-2mp-e-s specified in board_part file is either invalid or not available
WARNING: [Board 49-26] cannot add Board Part xilinx.com:vmk180:part0:3.2 available at /tools/Xilinx/2025.1/data/xhub/boards/XilinxBoardStore/boards/Xilinx/vmk180/production/3.2/board.xml as part xcvm1802-vsva2197-2mp-e-s specified in board_part file is either invalid or not available
WARNING: [Board 49-26] cannot add Board Part xilinx.com:vmk180:part0:3.3 available at /tools/Xilinx/2025.1/data/xhub/boards/XilinxBoardStore/boards/Xilinx/vmk180/production/3.3/board.xml as part xcvm1802-vsva2197-2mp-e-s specified in board_part file is either invalid or not available
WARNING: [Board 49-26] cannot add Board Part xilinx.com:vmk180_newl:part0:1.0 available at /tools/Xilinx/2025.1/data/xhub/boards/XilinxBoardStore/boards/Xilinx/vmk180_newl/production/1.0/board.xml as part xcvm1802-vsva2197-2mp-e-s specified in board_part file is either invalid or not available
WARNING: [Board 49-26] cannot add Board Part xilinx.com:vmk180_newl:part0:1.1 available at /tools/Xilinx/2025.1/data/xhub/boards/XilinxBoardStore/boards/Xilinx/vmk180_newl/production/1.1/board.xml as part xcvm1802-vsva2197-2mp-e-s specified in board_part file is either invalid or not available
WARNING: [Board 49-26] cannot add Board Part xilinx.com:vpk120:part0:1.0 available at /tools/Xilinx/2025.1/data/xhub/boards/XilinxBoardStore/boards/Xilinx/vpk120/production/1.0/board.xml as part xcvp1202-vsva2785-2mp-e-s specified in board_part file is either invalid or not available
WARNING: [Board 49-26] cannot add Board Part xilinx.com:vpk120:part0:1.1 available at /tools/Xilinx/2025.1/data/xhub/boards/XilinxBoardStore/boards/Xilinx/vpk120/production/1.1/board.xml as part xcvp1202-vsva2785-2mp-e-s specified in board_part file is either invalid or not available
WARNING: [Board 49-26] cannot add Board Part xilinx.com:vpk120:part0:1.2 available at /tools/Xilinx/2025.1/data/xhub/boards/XilinxBoardStore/boards/Xilinx/vpk120/production/1.2/board.xml as part xcvp1202-vsva2785-2mp-e-s specified in board_part file is either invalid or not available
WARNING: [Board 49-26] cannot add Board Part xilinx.com:vpk180:part0:1.0 available at /tools/Xilinx/2025.1/data/xhub/boards/XilinxBoardStore/boards/Xilinx/vpk180/production/1.0/board.xml as part xcvp1802-lsvc4072-2mp-e-s specified in board_part file is either invalid or not available
WARNING: [Board 49-26] cannot add Board Part xilinx.com:vpk180:part0:1.1 available at /tools/Xilinx/2025.1/data/xhub/boards/XilinxBoardStore/boards/Xilinx/vpk180/production/1.1/board.xml as part xcvp1802-lsvc4072-2mp-e-s specified in board_part file is either invalid or not available
WARNING: [Board 49-26] cannot add Board Part xilinx.com:vpk180:part0:1.2 available at /tools/Xilinx/2025.1/data/xhub/boards/XilinxBoardStore/boards/Xilinx/vpk180/production/1.2/board.xml as part xcvp1802-lsvc4072-2mp-e-s specified in board_part file is either invalid or not available
WARNING: [Board 49-26] cannot add Board Part xilinx.com:zcu208ld:part0:2.0 available at /tools/Xilinx/2025.1/data/xhub/boards/XilinxBoardStore/boards/Xilinx/zcu208ld/production/2.0/board.xml as part xczu58dr-fsvg1517-2-i specified in board_part file is either invalid or not available
WARNING: [Board 49-26] cannot add Board Part xilinx.com:zcu216ld:part0:2.0 available at /tools/Xilinx/2025.1/data/xhub/boards/XilinxBoardStore/boards/Xilinx/zcu216ld/production/2.0/board.xml as part xczu59dr-ffvf1760-2-i specified in board_part file is either invalid or not available
WARNING: [Board 49-26] cannot add Board Part xilinx.com:zcu670ld:part0:1.0 available at /tools/Xilinx/2025.1/data/xhub/boards/XilinxBoardStore/boards/Xilinx/zcu670ld/1.0/board.xml as part xczu57dr-fsve1156-2-i specified in board_part file is either invalid or not available
INFO: [IP_Flow 19-234] Refreshing IP repositories
INFO: [IP_Flow 19-1700] Loaded user IP repository '/home/thagenlo/Desktop/rfsoc_proj_NEW.xpr/rfsoc_proj/rfsoc_proj.ipdefs/iq_framer_1_0'.
INFO: [IP_Flow 19-1700] Loaded user IP repository '/home/thagenlo/Desktop/top_ip'.
INFO: [IP_Flow 19-1700] Loaded user IP repository '/home/thagenlo/Desktop/rfsoc_proj_NEW.xpr/rfsoc_proj/rfsoc_proj.ipdefs/mmio_interface_1_0'.
INFO: [IP_Flow 19-795] Syncing license key meta-data
update_compile_order -fileset sources_1
WARNING: [filemgmt 56-199] Attempt to get parsing info during refresh. "On-the-fly" syntax checking information may be incorrect. [/home/thagenlo/Desktop/rfsoc_proj_NEW.xpr/rfsoc_proj/rfsoc_proj.ipdefs/mmio_interface_1_0/hdl/mmio_interface.v:]
WARNING: [filemgmt 56-199] Attempt to get parsing info during refresh. "On-the-fly" syntax checking information may be incorrect. [/home/thagenlo/Desktop/rfsoc_proj_NEW.xpr/rfsoc_proj/rfsoc_proj.ipdefs/mmio_interface_1_0/hdl/mmio_interface_slave_lite_v1_0_S00_AXI.v:]
WARNING: [filemgmt 56-199] Attempt to get parsing info during refresh. "On-the-fly" syntax checking information may be incorrect. [/home/thagenlo/Desktop/rfsoc_proj_NEW.xpr/rfsoc_proj/rfsoc_proj.ipdefs/mmio_interface_1_0/hdl/mmio_interface_slave_lite_v1_0_S00_AXI.v:]
WARNING: [filemgmt 56-199] Attempt to get parsing info during refresh. "On-the-fly" syntax checking information may be incorrect. [/home/thagenlo/Desktop/rfsoc_proj_NEW.xpr/rfsoc_proj/rfsoc_proj.ipdefs/mmio_interface_1_0/hdl/mmio_interface_slave_lite_v1_0_S00_AXI.v:]
ipx::merge_project_changes files [ipx::current_core]
set_property core_revision 7 [ipx::current_core]
ipx::update_source_project_archive -component [ipx::current_core]
ipx::create_xgui_files [ipx::current_core]
ipx::update_checksums [ipx::current_core]
ipx::check_integrity [ipx::current_core]
WARNING: [IP_Flow 19-11889] HDL Parameter 'C_S00_AXI_DATA_WIDTH (C S00 AXI DATA WIDTH)': Order is obsolete with XGUI version >= 2.0
WARNING: [IP_Flow 19-11889] HDL Parameter 'C_S00_AXI_ADDR_WIDTH (C S00 AXI ADDR WIDTH)': Order is obsolete with XGUI version >= 2.0
WARNING: [IP_Flow 19-11770] Clock interface 'S00_AXI_CLK' has no FREQ_HZ parameter.
INFO: [IP_Flow 19-2181] Payment is not required for this core.
WARNING: [IP_Flow 19-2187] The Product Guide file is missing.
INFO: [Ipptcl 7-1486] check_integrity: Integrity check passed.
ipx::save_core [ipx::current_core]
WARNING: [filemgmt 56-199] Attempt to get parsing info during refresh. "On-the-fly" syntax checking information may be incorrect. [/home/thagenlo/Desktop/rfsoc_proj_NEW.xpr/rfsoc_proj/rfsoc_proj.ipdefs/mmio_interface_1_0/hdl/mmio_interface.v:]
WARNING: [filemgmt 56-199] Attempt to get parsing info during refresh. "On-the-fly" syntax checking information may be incorrect. [/home/thagenlo/Desktop/rfsoc_proj_NEW.xpr/rfsoc_proj/rfsoc_proj.ipdefs/mmio_interface_1_0/hdl/mmio_interface_slave_lite_v1_0_S00_AXI.v:]
WARNING: [filemgmt 56-199] Attempt to get parsing info during refresh. "On-the-fly" syntax checking information may be incorrect. [/home/thagenlo/Desktop/rfsoc_proj_NEW.xpr/rfsoc_proj/rfsoc_proj.ipdefs/mmio_interface_1_0/hdl/mmio_interface.v:]
WARNING: [filemgmt 56-199] Attempt to get parsing info during refresh. "On-the-fly" syntax checking information may be incorrect. [/home/thagenlo/Desktop/rfsoc_proj_NEW.xpr/rfsoc_proj/rfsoc_proj.ipdefs/mmio_interface_1_0/hdl/mmio_interface.v:]
ipx::move_temp_component_back -component [ipx::current_core]
close_project -delete
update_ip_catalog -rebuild -repo_path /home/thagenlo/Desktop/rfsoc_proj_NEW.xpr/rfsoc_proj/rfsoc_proj.ipdefs/mmio_interface_1_0
INFO: [IP_Flow 19-725] Reloaded user IP repository '/home/thagenlo/Desktop/rfsoc_proj_NEW.xpr/rfsoc_proj/rfsoc_proj.ipdefs/mmio_interface_1_0'
report_ip_status -name ip_status 
upgrade_ip -vlnv user.org:user:mmio_interface:1.0 [get_ips  design_1_mmio_interface_0_0] -log ip_upgrade.log
Upgrading '/home/thagenlo/Desktop/rfsoc_proj_NEW.xpr/rfsoc_proj/rfsoc_proj.srcs/sources_1/bd/design_1/design_1.bd'
INFO: [IP_Flow 19-3422] Upgraded design_1_mmio_interface_0_0 (mmio_interface_v1.0 1.0) from revision 6 to revision 7
Wrote  : </home/thagenlo/Desktop/rfsoc_proj_NEW.xpr/rfsoc_proj/rfsoc_proj.srcs/sources_1/bd/design_1/design_1.bd> 
Wrote  : </home/thagenlo/Desktop/rfsoc_proj_NEW.xpr/rfsoc_proj/rfsoc_proj.srcs/sources_1/bd/design_1/ui/bd_1f5defd0.ui> 
INFO: [Coretcl 2-1525] Wrote upgrade log to '/home/thagenlo/Desktop/rfsoc_proj_NEW.xpr/rfsoc_proj/ip_upgrade.log'.
export_ip_user_files -of_objects [get_ips design_1_mmio_interface_0_0] -no_script -sync -force -quiet
generate_target all [get_files  /home/thagenlo/Desktop/rfsoc_proj_NEW.xpr/rfsoc_proj/rfsoc_proj.srcs/sources_1/bd/design_1/design_1.bd]
WARNING: [BD 41-1629] Slave segment </zynq_ultra_ps_e_0/SAXIGP2/HP0_LPS_OCM> is excluded from all addressing paths.
WARNING: [BD 41-1629] Slave segment </zynq_ultra_ps_e_0/SAXIGP2/HP0_DDR_HIGH> is excluded from all addressing paths.
WARNING: [BD 41-3281] Instance '/axi_dma_0' is connected on both sides by SmartConnects and cannot automatically configure itself to match the endpoints. Please manually configure its AXI interfaces as required for the design.
WARNING: [BD 41-3281] Instance '/zynq_ultra_ps_e_0' is connected on both sides by SmartConnects and cannot automatically configure itself to match the endpoints. Please manually configure its AXI interfaces as required for the design.
Excluding slave segment /zynq_ultra_ps_e_0/SAXIGP2/HP0_DDR_HIGH from address space /axi_dma_0/Data_S2MM.
Excluding slave segment /zynq_ultra_ps_e_0/SAXIGP2/HP0_LPS_OCM from address space /axi_dma_0/Data_S2MM.
Excluding slave segment /zynq_ultra_ps_e_0/SAXIGP2/HP0_DDR_HIGH from address space /axi_dma_0/Data_S2MM.
Excluding slave segment /zynq_ultra_ps_e_0/SAXIGP2/HP0_LPS_OCM from address space /axi_dma_0/Data_S2MM.
Excluding slave segment /zynq_ultra_ps_e_0/SAXIGP2/HP0_DDR_HIGH from address space /axi_dma_0/Data_S2MM.
Excluding slave segment /zynq_ultra_ps_e_0/SAXIGP2/HP0_LPS_OCM from address space /axi_dma_0/Data_S2MM.
Excluding slave segment /zynq_ultra_ps_e_0/SAXIGP2/HP0_DDR_HIGH from address space /axi_dma_0/Data_S2MM.
Excluding slave segment /zynq_ultra_ps_e_0/SAXIGP2/HP0_LPS_OCM from address space /axi_dma_0/Data_S2MM.
INFO: [BD 5-943] Reserving offset range <0xA000_0000 [ 64K ]> from slave interface '/axi_smc/S00_AXI' to master interface '/axi_smc/M00_AXI'. This will be used by smartconnect on path for routing.
INFO: [BD 5-943] Reserving offset range <0xA004_0000 [ 256K ]> from slave interface '/axi_smc/S00_AXI' to master interface '/axi_smc/M01_AXI'. This will be used by smartconnect on path for routing.
INFO: [BD 5-943] Reserving offset range <0xA001_0000 [ 64K ]> from slave interface '/axi_smc/S00_AXI' to master interface '/axi_smc/M02_AXI'. This will be used by smartconnect on path for routing.
INFO: [xilinx.com:ip:smartconnect:1.0-1] design_1_axi_smc_0: SmartConnect design_1_axi_smc_0 is in Low-Area Mode.
INFO: [BD 5-943] Reserving offset range <0x0000_0000 [ 2G ]> from slave interface '/axi_smc_1/S00_AXI' to master interface '/axi_smc_1/M00_AXI'. This will be used by smartconnect on path for routing.
INFO: [xilinx.com:ip:smartconnect:1.0-1] design_1_axi_smc_1_0: SmartConnect design_1_axi_smc_1_0 is in High-performance Mode.
Excluding slave segment /zynq_ultra_ps_e_0/SAXIGP2/HP0_DDR_HIGH from address space /axi_dma_0/Data_S2MM.
Excluding slave segment /zynq_ultra_ps_e_0/SAXIGP2/HP0_LPS_OCM from address space /axi_dma_0/Data_S2MM.
Excluding slave segment /zynq_ultra_ps_e_0/SAXIGP2/HP0_DDR_HIGH from address space /axi_dma_0/Data_S2MM.
Excluding slave segment /zynq_ultra_ps_e_0/SAXIGP2/HP0_LPS_OCM from address space /axi_dma_0/Data_S2MM.
INFO: [xilinx.com:ip:cic_compiler:4.0-913] /cic_compiler_0 Input_Data_Width has been set to manual on the GUI. It will not be updated during validation with a propagated value.
INFO: [xilinx.com:ip:fir_compiler:7.2-308] /fir_compiler_1 S_AXIS_DATA-TDATA: Validating field: chan_0_path_0(16:0): fix16_0 against /cic_compiler_1 M_AXIS_DATA-TDATA: chan_0(16:0): fix16_0.
INFO: [xilinx.com:ip:cic_compiler:4.0-913] /cic_compiler_1 Input_Data_Width has been set to manual on the GUI. It will not be updated during validation with a propagated value.
INFO: [xilinx.com:ip:fir_compiler:7.2-308] /fir_compiler_0 S_AXIS_DATA-TDATA: Validating field: chan_0_path_0(16:0): fix16_0 against /cic_compiler_0 M_AXIS_DATA-TDATA: chan_0(16:0): fix16_0.
WARNING: [BD 41-237] Bus Interface property AWUSER_WIDTH does not match between /zynq_ultra_ps_e_0/S_AXI_HP0_FPD(1) and /axi_smc_1/M00_AXI(0)
WARNING: [BD 41-237] Bus Interface property ARUSER_WIDTH does not match between /zynq_ultra_ps_e_0/S_AXI_HP0_FPD(1) and /axi_smc_1/M00_AXI(0)
WARNING: [BD 41-2671] The dangling interface net <m00_aw_node_M_AXIS_ARB> will not be written out to the BD file.
WARNING: [BD 41-2671] The dangling interface net <m01_aw_node_M_AXIS_ARB> will not be written out to the BD file.
WARNING: [BD 41-2671] The dangling interface net <m02_aw_node_M_AXIS_ARB> will not be written out to the BD file.
Wrote  : </home/thagenlo/Desktop/rfsoc_proj_NEW.xpr/rfsoc_proj/rfsoc_proj.srcs/sources_1/bd/design_1/design_1.bd> 
Verilog Output written to : /home/thagenlo/Desktop/rfsoc_proj_NEW.xpr/rfsoc_proj/rfsoc_proj.gen/sources_1/bd/design_1/synth/design_1.v
Verilog Output written to : /home/thagenlo/Desktop/rfsoc_proj_NEW.xpr/rfsoc_proj/rfsoc_proj.gen/sources_1/bd/design_1/sim/design_1.v
Verilog Output written to : /home/thagenlo/Desktop/rfsoc_proj_NEW.xpr/rfsoc_proj/rfsoc_proj.gen/sources_1/bd/design_1/hdl/design_1_wrapper.v
Exporting to file /home/thagenlo/Desktop/rfsoc_proj_NEW.xpr/rfsoc_proj/rfsoc_proj.gen/sources_1/bd/design_1/ip/design_1_axi_smc_0/bd_0/hw_handoff/design_1_axi_smc_0.hwh
Generated Hardware Definition File /home/thagenlo/Desktop/rfsoc_proj_NEW.xpr/rfsoc_proj/rfsoc_proj.gen/sources_1/bd/design_1/ip/design_1_axi_smc_0/bd_0/synth/design_1_axi_smc_0.hwdef
INFO: [BD 41-1029] Generation completed for the IP Integrator block axi_smc .
Exporting to file /home/thagenlo/Desktop/rfsoc_proj_NEW.xpr/rfsoc_proj/rfsoc_proj.gen/sources_1/bd/design_1/ip/design_1_axi_smc_1_0/bd_0/hw_handoff/design_1_axi_smc_1_0.hwh
Generated Hardware Definition File /home/thagenlo/Desktop/rfsoc_proj_NEW.xpr/rfsoc_proj/rfsoc_proj.gen/sources_1/bd/design_1/ip/design_1_axi_smc_1_0/bd_0/synth/design_1_axi_smc_1_0.hwdef
INFO: [BD 41-1029] Generation completed for the IP Integrator block axi_smc_1 .
INFO: [BD 41-1029] Generation completed for the IP Integrator block mmio_interface_0 .
Exporting to file /home/thagenlo/Desktop/rfsoc_proj_NEW.xpr/rfsoc_proj/rfsoc_proj.gen/sources_1/bd/design_1/hw_handoff/design_1.hwh
Generated Hardware Definition File /home/thagenlo/Desktop/rfsoc_proj_NEW.xpr/rfsoc_proj/rfsoc_proj.gen/sources_1/bd/design_1/synth/design_1.hwdef
generate_target: Time (s): cpu = 00:00:22 ; elapsed = 00:00:22 . Memory (MB): peak = 12773.676 ; gain = 0.000 ; free physical = 9554 ; free virtual = 12581
catch { config_ip_cache -export [get_ips -all design_1_axi_smc_0] }
INFO: [IP_Flow 19-4993] Using cached IP synthesis design for IP design_1_axi_smc_0, cache-ID = c3f79869b6e1fe1e; cache size = 114.630 MB.
catch { config_ip_cache -export [get_ips -all design_1_axi_smc_1_0] }
INFO: [IP_Flow 19-4993] Using cached IP synthesis design for IP design_1_axi_smc_1_0, cache-ID = e93bc6a3389c4536; cache size = 114.630 MB.
catch { config_ip_cache -export [get_ips -all design_1_mmio_interface_0_0] }
export_ip_user_files -of_objects [get_files /home/thagenlo/Desktop/rfsoc_proj_NEW.xpr/rfsoc_proj/rfsoc_proj.srcs/sources_1/bd/design_1/design_1.bd] -no_script -sync -force -quiet
create_ip_run [get_files -of_objects [get_fileset sources_1] /home/thagenlo/Desktop/rfsoc_proj_NEW.xpr/rfsoc_proj/rfsoc_proj.srcs/sources_1/bd/design_1/design_1.bd]
launch_runs design_1_mmio_interface_0_0_synth_1 -jobs 8
[Tue Dec  9 13:23:08 2025] Launched design_1_mmio_interface_0_0_synth_1...
Run output will be captured here: /home/thagenlo/Desktop/rfsoc_proj_NEW.xpr/rfsoc_proj/rfsoc_proj.runs/design_1_mmio_interface_0_0_synth_1/runme.log
export_simulation -lib_map_path [list {modelsim=/home/thagenlo/Desktop/rfsoc_proj_NEW.xpr/rfsoc_proj/rfsoc_proj.cache/compile_simlib/modelsim} {questa=/home/thagenlo/Desktop/rfsoc_proj_NEW.xpr/rfsoc_proj/rfsoc_proj.cache/compile_simlib/questa} {xcelium=/home/thagenlo/Desktop/rfsoc_proj_NEW.xpr/rfsoc_proj/rfsoc_proj.cache/compile_simlib/xcelium} {vcs=/home/thagenlo/Desktop/rfsoc_proj_NEW.xpr/rfsoc_proj/rfsoc_proj.cache/compile_simlib/vcs} {riviera=/home/thagenlo/Desktop/rfsoc_proj_NEW.xpr/rfsoc_proj/rfsoc_proj.cache/compile_simlib/riviera}] -of_objects [get_files /home/thagenlo/Desktop/rfsoc_proj_NEW.xpr/rfsoc_proj/rfsoc_proj.srcs/sources_1/bd/design_1/design_1.bd] -directory /home/thagenlo/Desktop/rfsoc_proj_NEW.xpr/rfsoc_proj/rfsoc_proj.ip_user_files/sim_scripts -ip_user_files_dir /home/thagenlo/Desktop/rfsoc_proj_NEW.xpr/rfsoc_proj/rfsoc_proj.ip_user_files -ipstatic_source_dir /home/thagenlo/Desktop/rfsoc_proj_NEW.xpr/rfsoc_proj/rfsoc_proj.ip_user_files/ipstatic -use_ip_compiled_libs -force -quiet
reset_run synth_1
launch_runs impl_1 -to_step write_bitstream -jobs 8
[Tue Dec  9 13:24:22 2025] Launched synth_1...
Run output will be captured here: /home/thagenlo/Desktop/rfsoc_proj_NEW.xpr/rfsoc_proj/rfsoc_proj.runs/synth_1/runme.log
[Tue Dec  9 13:24:22 2025] Launched impl_1...
Run output will be captured here: /home/thagenlo/Desktop/rfsoc_proj_NEW.xpr/rfsoc_proj/rfsoc_proj.runs/impl_1/runme.log
open_run impl_1
INFO: [Device 21-403] Loading part xczu48dr-ffvg1517-2-e
Netlist sorting complete. Time (s): cpu = 00:00:00.33 ; elapsed = 00:00:00.31 . Memory (MB): peak = 13349.457 ; gain = 0.000 ; free physical = 6627 ; free virtual = 11657
INFO: [Netlist 29-17] Analyzing 731 Unisim elements for replacement
INFO: [Netlist 29-28] Unisim Transformation completed in 0 CPU seconds
INFO: [Project 1-479] Netlist was created with Vivado 2025.1
INFO: [Project 1-570] Preparing netlist for logic optimization
Read ShapeDB Complete: Time (s): cpu = 00:00:00.03 ; elapsed = 00:00:00.04 . Memory (MB): peak = 13516.777 ; gain = 6.250 ; free physical = 6485 ; free virtual = 11517
INFO: [Timing 38-478] Restoring timing data from binary archive.
INFO: [Timing 38-479] Binary timing data restore complete.
INFO: [Project 1-856] Restoring constraints from binary archive.
INFO: [Project 1-853] Binary constraint restore complete.
INFO: [Designutils 20-5722] Start Reading Physical Databases.
Reading placement.
Read Netlist Cache: Time (s): cpu = 00:00:00.02 ; elapsed = 00:00:00.03 . Memory (MB): peak = 14062.836 ; gain = 0.000 ; free physical = 6064 ; free virtual = 11096
Reading placer database...
Read Device Cache: Time (s): cpu = 00:00:00.03 ; elapsed = 00:00:00.02 . Memory (MB): peak = 14062.836 ; gain = 0.000 ; free physical = 6064 ; free virtual = 11096
Read PlaceDB: Time (s): cpu = 00:00:01 ; elapsed = 00:00:01 . Memory (MB): peak = 14090.773 ; gain = 27.938 ; free physical = 6035 ; free virtual = 11067
Read PulsedLatchDB: Time (s): cpu = 00:00:00 ; elapsed = 00:00:00 . Memory (MB): peak = 14090.773 ; gain = 0.000 ; free physical = 6035 ; free virtual = 11067
Reading routing.
Read RouteStorage: Time (s): cpu = 00:00:04 ; elapsed = 00:00:03 . Memory (MB): peak = 14391.195 ; gain = 300.422 ; free physical = 5747 ; free virtual = 10779
Read Physdb Files: Time (s): cpu = 00:00:05 ; elapsed = 00:00:05 . Memory (MB): peak = 14391.195 ; gain = 328.359 ; free physical = 5747 ; free virtual = 10779
Restored from archive | CPU: 5.440000 secs | Memory: 285.468399 MB |
Finished XDEF File Restore: Time (s): cpu = 00:00:05 ; elapsed = 00:00:05 . Memory (MB): peak = 14391.195 ; gain = 328.359 ; free physical = 5747 ; free virtual = 10780
Netlist sorting complete. Time (s): cpu = 00:00:00 ; elapsed = 00:00:00 . Memory (MB): peak = 14391.195 ; gain = 0.000 ; free physical = 5747 ; free virtual = 10780
INFO: [Project 1-111] Unisim Transformation Summary:
  A total of 120 instances were transformed.
  CFGLUT5 => CFGLUT5 (SRL16E, SRLC32E): 60 instances
  DSP48E1 => DSP48E2 (DSP_ALU, DSP_A_B_DATA, DSP_C_DATA, DSP_MULTIPLIER, DSP_M_DATA, DSP_OUTPUT, DSP_PREADD, DSP_PREADD_DATA): 14 instances
  DSP48E2 => DSP48E2 (DSP_ALU, DSP_A_B_DATA, DSP_C_DATA, DSP_MULTIPLIER, DSP_M_DATA, DSP_OUTPUT, DSP_PREADD, DSP_PREADD_DATA): 13 instances
  DSP48E2 => DSP48E2 (inverted pins: ALUMODE[0], CARRYIN) (DSP_ALU, DSP_A_B_DATA, DSP_C_DATA, DSP_MULTIPLIER, DSP_M_DATA, DSP_OUTPUT, DSP_PREADD, DSP_PREADD_DATA): 1 instance 
  IBUF => IBUF (IBUFCTRL, INBUF): 4 instances
  RAM16X1D => RAM32X1D (RAMD32(x2)): 3 instances
  RAM32M16 => RAM32M16 (RAMD32(x14), RAMS32(x2)): 21 instances
  RAM32X1D => RAM32X1D (RAMD32(x2)): 4 instances

open_run: Time (s): cpu = 00:00:31 ; elapsed = 00:00:23 . Memory (MB): peak = 14933.000 ; gain = 2131.418 ; free physical = 4891 ; free virtual = 9967
CRITICAL WARNING: [Timing 38-282] The design failed to meet the timing requirements. Please see the timing summary report for details on the timing violations.
WARNING: [Timing 38-436] There are set_bus_skew constraint(s) in this design. Please run report_bus_skew to ensure that bus skew requirements are met.
open_bd_design {/home/thagenlo/Desktop/rfsoc_proj_NEW.xpr/rfsoc_proj/rfsoc_proj.srcs/sources_1/bd/design_1/design_1.bd}
ipx::edit_ip_in_project -upgrade true -name top_v1_0_project -directory /home/thagenlo/Desktop/rfsoc_proj_NEW.xpr/rfsoc_proj/rfsoc_proj.tmp/top_v1_0_project /home/thagenlo/Desktop/top_ip/component.xml
INFO: [IP_Flow 19-234] Refreshing IP repositories
INFO: [IP_Flow 19-1704] No user IP repositories specified
INFO: [IP_Flow 19-2313] Loaded Vivado IP repository '/tools/Xilinx/2025.1/Vivado/data/ip'.
WARNING: [Board 49-26] cannot add Board Part xilinx.com:emb-plus-vpr-4616:part0:1.0 available at /tools/Xilinx/2025.1/data/xhub/boards/XilinxBoardStore/boards/Xilinx/emb-plus-vpr-4616/1.0/board.xml as part xcve2302-sfva784-2mp-e-s specified in board_part file is either invalid or not available
WARNING: [Board 49-26] cannot add Board Part xilinx.com:emb-plus-vpr-4616:part0:1.1 available at /tools/Xilinx/2025.1/data/xhub/boards/XilinxBoardStore/boards/Xilinx/emb-plus-vpr-4616/1.1/board.xml as part xcve2302-sfva784-2mp-e-s specified in board_part file is either invalid or not available
WARNING: [Board 49-26] cannot add Board Part xilinx.com:v80:part0:1.0 available at /tools/Xilinx/2025.1/data/xhub/boards/XilinxBoardStore/boards/Xilinx/v80/1.0/board.xml as part xcv80-lsva4737-2mhp-e-s specified in board_part file is either invalid or not available
WARNING: [Board 49-26] cannot add Board Part xilinx.com:vck190:part0:2.2 available at /tools/Xilinx/2025.1/data/xhub/boards/XilinxBoardStore/boards/Xilinx/vck190/production/2.2/board.xml as part xcvc1902-vsva2197-2mp-e-s specified in board_part file is either invalid or not available
WARNING: [Board 49-26] cannot add Board Part xilinx.com:vck190:part0:3.0 available at /tools/Xilinx/2025.1/data/xhub/boards/XilinxBoardStore/boards/Xilinx/vck190/production/3.0/board.xml as part xcvc1902-vsva2197-2mp-e-s specified in board_part file is either invalid or not available
WARNING: [Board 49-26] cannot add Board Part xilinx.com:vck190:part0:3.1 available at /tools/Xilinx/2025.1/data/xhub/boards/XilinxBoardStore/boards/Xilinx/vck190/production/3.1/board.xml as part xcvc1902-vsva2197-2mp-e-s specified in board_part file is either invalid or not available
WARNING: [Board 49-26] cannot add Board Part xilinx.com:vck190:part0:3.2 available at /tools/Xilinx/2025.1/data/xhub/boards/XilinxBoardStore/boards/Xilinx/vck190/production/3.2/board.xml as part xcvc1902-vsva2197-2mp-e-s specified in board_part file is either invalid or not available
WARNING: [Board 49-26] cannot add Board Part xilinx.com:vck190:part0:3.3 available at /tools/Xilinx/2025.1/data/xhub/boards/XilinxBoardStore/boards/Xilinx/vck190/production/3.3/board.xml as part xcvc1902-vsva2197-2mp-e-s specified in board_part file is either invalid or not available
WARNING: [Board 49-26] cannot add Board Part xilinx.com:vck190:part0:3.4 available at /tools/Xilinx/2025.1/data/xhub/boards/XilinxBoardStore/boards/Xilinx/vck190/production/3.4/board.xml as part xcvc1902-vsva2197-2mp-e-s specified in board_part file is either invalid or not available
WARNING: [Board 49-26] cannot add Board Part xilinx.com:vck190_newl:part0:1.0 available at /tools/Xilinx/2025.1/data/xhub/boards/XilinxBoardStore/boards/Xilinx/vck190_newl/production/1.0/board.xml as part xcvc1902-vsva2197-2mp-e-s specified in board_part file is either invalid or not available
WARNING: [Board 49-26] cannot add Board Part xilinx.com:vck190_newl:part0:1.1 available at /tools/Xilinx/2025.1/data/xhub/boards/XilinxBoardStore/boards/Xilinx/vck190_newl/production/1.1/board.xml as part xcvc1902-vsva2197-2mp-e-s specified in board_part file is either invalid or not available
WARNING: [Board 49-26] cannot add Board Part xilinx.com:vck190_newl:part0:1.2 available at /tools/Xilinx/2025.1/data/xhub/boards/XilinxBoardStore/boards/Xilinx/vck190_newl/production/1.2/board.xml as part xcvc1902-vsva2197-2mp-e-s specified in board_part file is either invalid or not available
WARNING: [Board 49-26] cannot add Board Part xilinx.com:vck190_newl:part0:1.3 available at /tools/Xilinx/2025.1/data/xhub/boards/XilinxBoardStore/boards/Xilinx/vck190_newl/production/1.3/board.xml as part xcvc1902-vsva2197-2mp-e-s specified in board_part file is either invalid or not available
WARNING: [Board 49-26] cannot add Board Part xilinx.com:vek280:part0:1.0 available at /tools/Xilinx/2025.1/data/xhub/boards/XilinxBoardStore/boards/Xilinx/vek280/production/1.0/board.xml as part xcve2802-vsvh1760-2mp-e-s specified in board_part file is either invalid or not available
WARNING: [Board 49-26] cannot add Board Part xilinx.com:vek280:part0:1.1 available at /tools/Xilinx/2025.1/data/xhub/boards/XilinxBoardStore/boards/Xilinx/vek280/production/1.1/board.xml as part xcve2802-vsvh1760-2mp-e-s specified in board_part file is either invalid or not available
WARNING: [Board 49-26] cannot add Board Part xilinx.com:vek280:part0:1.2 available at /tools/Xilinx/2025.1/data/xhub/boards/XilinxBoardStore/boards/Xilinx/vek280/production/1.2/board.xml as part xcve2802-vsvh1760-2mp-e-s specified in board_part file is either invalid or not available
WARNING: [Board 49-26] cannot add Board Part xilinx.com:vek385:part0:1.0 available at /tools/Xilinx/2025.1/data/xhub/boards/XilinxBoardStore/boards/Xilinx/vek385/1.0/board.xml as part xc2ve3858-ssva2112-2mp-e-s specified in board_part file is either invalid or not available
WARNING: [Board 49-26] cannot add Board Part xilinx.com:vhk158:part0:1.0 available at /tools/Xilinx/2025.1/data/xhub/boards/XilinxBoardStore/boards/Xilinx/vhk158/production/1.0/board.xml as part xcvh1582-vsva3697-2mp-e-s specified in board_part file is either invalid or not available
WARNING: [Board 49-26] cannot add Board Part xilinx.com:vhk158:part0:1.1 available at /tools/Xilinx/2025.1/data/xhub/boards/XilinxBoardStore/boards/Xilinx/vhk158/production/1.1/board.xml as part xcvh1582-vsva3697-2mp-e-s specified in board_part file is either invalid or not available
WARNING: [Board 49-26] cannot add Board Part xilinx.com:vhk158:part0:1.2 available at /tools/Xilinx/2025.1/data/xhub/boards/XilinxBoardStore/boards/Xilinx/vhk158/production/1.2/board.xml as part xcvh1582-vsva3697-2mp-e-s specified in board_part file is either invalid or not available
WARNING: [Board 49-26] cannot add Board Part xilinx.com:vmk180:part0:2.2 available at /tools/Xilinx/2025.1/data/xhub/boards/XilinxBoardStore/boards/Xilinx/vmk180/production/2.2/board.xml as part xcvm1802-vsva2197-2mp-e-s specified in board_part file is either invalid or not available
WARNING: [Board 49-26] cannot add Board Part xilinx.com:vmk180:part0:3.0 available at /tools/Xilinx/2025.1/data/xhub/boards/XilinxBoardStore/boards/Xilinx/vmk180/production/3.0/board.xml as part xcvm1802-vsva2197-2mp-e-s specified in board_part file is either invalid or not available
WARNING: [Board 49-26] cannot add Board Part xilinx.com:vmk180:part0:3.1 available at /tools/Xilinx/2025.1/data/xhub/boards/XilinxBoardStore/boards/Xilinx/vmk180/production/3.1/board.xml as part xcvm1802-vsva2197-2mp-e-s specified in board_part file is either invalid or not available
WARNING: [Board 49-26] cannot add Board Part xilinx.com:vmk180:part0:3.2 available at /tools/Xilinx/2025.1/data/xhub/boards/XilinxBoardStore/boards/Xilinx/vmk180/production/3.2/board.xml as part xcvm1802-vsva2197-2mp-e-s specified in board_part file is either invalid or not available
WARNING: [Board 49-26] cannot add Board Part xilinx.com:vmk180:part0:3.3 available at /tools/Xilinx/2025.1/data/xhub/boards/XilinxBoardStore/boards/Xilinx/vmk180/production/3.3/board.xml as part xcvm1802-vsva2197-2mp-e-s specified in board_part file is either invalid or not available
WARNING: [Board 49-26] cannot add Board Part xilinx.com:vmk180_newl:part0:1.0 available at /tools/Xilinx/2025.1/data/xhub/boards/XilinxBoardStore/boards/Xilinx/vmk180_newl/production/1.0/board.xml as part xcvm1802-vsva2197-2mp-e-s specified in board_part file is either invalid or not available
WARNING: [Board 49-26] cannot add Board Part xilinx.com:vmk180_newl:part0:1.1 available at /tools/Xilinx/2025.1/data/xhub/boards/XilinxBoardStore/boards/Xilinx/vmk180_newl/production/1.1/board.xml as part xcvm1802-vsva2197-2mp-e-s specified in board_part file is either invalid or not available
WARNING: [Board 49-26] cannot add Board Part xilinx.com:vpk120:part0:1.0 available at /tools/Xilinx/2025.1/data/xhub/boards/XilinxBoardStore/boards/Xilinx/vpk120/production/1.0/board.xml as part xcvp1202-vsva2785-2mp-e-s specified in board_part file is either invalid or not available
WARNING: [Board 49-26] cannot add Board Part xilinx.com:vpk120:part0:1.1 available at /tools/Xilinx/2025.1/data/xhub/boards/XilinxBoardStore/boards/Xilinx/vpk120/production/1.1/board.xml as part xcvp1202-vsva2785-2mp-e-s specified in board_part file is either invalid or not available
WARNING: [Board 49-26] cannot add Board Part xilinx.com:vpk120:part0:1.2 available at /tools/Xilinx/2025.1/data/xhub/boards/XilinxBoardStore/boards/Xilinx/vpk120/production/1.2/board.xml as part xcvp1202-vsva2785-2mp-e-s specified in board_part file is either invalid or not available
WARNING: [Board 49-26] cannot add Board Part xilinx.com:vpk180:part0:1.0 available at /tools/Xilinx/2025.1/data/xhub/boards/XilinxBoardStore/boards/Xilinx/vpk180/production/1.0/board.xml as part xcvp1802-lsvc4072-2mp-e-s specified in board_part file is either invalid or not available
WARNING: [Board 49-26] cannot add Board Part xilinx.com:vpk180:part0:1.1 available at /tools/Xilinx/2025.1/data/xhub/boards/XilinxBoardStore/boards/Xilinx/vpk180/production/1.1/board.xml as part xcvp1802-lsvc4072-2mp-e-s specified in board_part file is either invalid or not available
WARNING: [Board 49-26] cannot add Board Part xilinx.com:vpk180:part0:1.2 available at /tools/Xilinx/2025.1/data/xhub/boards/XilinxBoardStore/boards/Xilinx/vpk180/production/1.2/board.xml as part xcvp1802-lsvc4072-2mp-e-s specified in board_part file is either invalid or not available
WARNING: [Board 49-26] cannot add Board Part xilinx.com:zcu208ld:part0:2.0 available at /tools/Xilinx/2025.1/data/xhub/boards/XilinxBoardStore/boards/Xilinx/zcu208ld/production/2.0/board.xml as part xczu58dr-fsvg1517-2-i specified in board_part file is either invalid or not available
WARNING: [Board 49-26] cannot add Board Part xilinx.com:zcu216ld:part0:2.0 available at /tools/Xilinx/2025.1/data/xhub/boards/XilinxBoardStore/boards/Xilinx/zcu216ld/production/2.0/board.xml as part xczu59dr-ffvf1760-2-i specified in board_part file is either invalid or not available
WARNING: [Board 49-26] cannot add Board Part xilinx.com:zcu670ld:part0:1.0 available at /tools/Xilinx/2025.1/data/xhub/boards/XilinxBoardStore/boards/Xilinx/zcu670ld/1.0/board.xml as part xczu57dr-fsve1156-2-i specified in board_part file is either invalid or not available
INFO: [IP_Flow 19-234] Refreshing IP repositories
INFO: [IP_Flow 19-1700] Loaded user IP repository '/home/thagenlo/Desktop/rfsoc_proj_NEW.xpr/rfsoc_proj/rfsoc_proj.ipdefs/iq_framer_1_0'.
INFO: [IP_Flow 19-1700] Loaded user IP repository '/home/thagenlo/Desktop/top_ip'.
INFO: [IP_Flow 19-1700] Loaded user IP repository '/home/thagenlo/Desktop/rfsoc_proj_NEW.xpr/rfsoc_proj/rfsoc_proj.ipdefs/mmio_interface_1_0'.
INFO: [IP_Flow 19-795] Syncing license key meta-data
WARNING: [filemgmt 56-199] Attempt to get parsing info during refresh. "On-the-fly" syntax checking information may be incorrect. [/home/thagenlo/Desktop/rfsoc_proj_NEW.xpr/rfsoc_proj/rfsoc_proj.gen/sources_1/bd/design_1/ipshared/4566/src/sync_detector_axis.sv:]
WARNING: [filemgmt 56-199] Attempt to get parsing info during refresh. "On-the-fly" syntax checking information may be incorrect. [/home/thagenlo/Desktop/rfsoc_proj_NEW.xpr/rfsoc_proj/rfsoc_proj.gen/sources_1/bd/design_1/ipshared/4566/src/cordic.sv:]
WARNING: [filemgmt 56-199] Attempt to get parsing info during refresh. "On-the-fly" syntax checking information may be incorrect. [/home/thagenlo/Desktop/rfsoc_proj_NEW.xpr/rfsoc_proj/rfsoc_proj.gen/sources_1/bd/design_1/synth/design_1.v:]
WARNING: [filemgmt 56-199] Attempt to get parsing info during refresh. "On-the-fly" syntax checking information may be incorrect. [/home/thagenlo/Desktop/rfsoc_proj_NEW.xpr/rfsoc_proj/rfsoc_proj.gen/sources_1/bd/design_1/ipshared/4566/src/cordic.sv:]
WARNING: [filemgmt 56-199] Attempt to get parsing info during refresh. "On-the-fly" syntax checking information may be incorrect. [/home/thagenlo/Desktop/rfsoc_proj_NEW.xpr/rfsoc_proj/rfsoc_proj.gen/sources_1/bd/design_1/ipshared/4566/src/cordic.sv:]
WARNING: [filemgmt 56-199] Attempt to get parsing info during refresh. "On-the-fly" syntax checking information may be incorrect. [/home/thagenlo/Desktop/rfsoc_proj_NEW.xpr/rfsoc_proj/rfsoc_proj.gen/sources_1/bd/design_1/ipshared/4566/src/sync_detector_axis.sv:]
WARNING: [filemgmt 56-199] Attempt to get parsing info during refresh. "On-the-fly" syntax checking information may be incorrect. [/home/thagenlo/Desktop/rfsoc_proj_NEW.xpr/rfsoc_proj/rfsoc_proj.gen/sources_1/bd/design_1/ipshared/4566/src/cordic.sv:]
WARNING: [filemgmt 56-199] Attempt to get parsing info during refresh. "On-the-fly" syntax checking information may be incorrect. [/home/thagenlo/Desktop/rfsoc_proj_NEW.xpr/rfsoc_proj/rfsoc_proj.gen/sources_1/bd/design_1/synth/design_1.v:]
WARNING: [filemgmt 56-199] Attempt to get parsing info during refresh. "On-the-fly" syntax checking information may be incorrect. [/home/thagenlo/Desktop/rfsoc_proj_NEW.xpr/rfsoc_proj/rfsoc_proj.gen/sources_1/bd/design_1/ipshared/4566/src/sync_detector_axis.sv:]
WARNING: [filemgmt 56-199] Attempt to get parsing info during refresh. "On-the-fly" syntax checking information may be incorrect. [/home/thagenlo/Desktop/rfsoc_proj_NEW.xpr/rfsoc_proj/rfsoc_proj.gen/sources_1/bd/design_1/ipshared/4566/src/sync_detector_axis.sv:]
update_compile_order -fileset sources_1
WARNING: [filemgmt 56-199] Attempt to get parsing info during refresh. "On-the-fly" syntax checking information may be incorrect. [/home/thagenlo/Desktop/rfsoc_proj_NEW.xpr/rfsoc_proj/rfsoc_proj.gen/sources_1/bd/design_1/ipshared/4566/src/sync_detector_axis.sv:]
WARNING: [filemgmt 56-199] Attempt to get parsing info during refresh. "On-the-fly" syntax checking information may be incorrect. [/home/thagenlo/Desktop/rfsoc_proj_NEW.xpr/rfsoc_proj/rfsoc_proj.gen/sources_1/bd/design_1/ipshared/4566/src/cordic.sv:]
WARNING: [filemgmt 56-199] Attempt to get parsing info during refresh. "On-the-fly" syntax checking information may be incorrect. [/home/thagenlo/Desktop/rfsoc_proj_NEW.xpr/rfsoc_proj/rfsoc_proj.gen/sources_1/bd/design_1/synth/design_1.v:]
WARNING: [filemgmt 56-199] Attempt to get parsing info during refresh. "On-the-fly" syntax checking information may be incorrect. [/home/thagenlo/Desktop/rfsoc_proj_NEW.xpr/rfsoc_proj/rfsoc_proj.gen/sources_1/bd/design_1/synth/design_1.v:]
WARNING: [filemgmt 56-199] Attempt to get parsing info during refresh. "On-the-fly" syntax checking information may be incorrect. [/home/thagenlo/Desktop/rfsoc_proj_NEW.xpr/rfsoc_proj/rfsoc_proj.gen/sources_1/bd/design_1/synth/design_1.v:]
WARNING: [filemgmt 56-199] Attempt to get parsing info during refresh. "On-the-fly" syntax checking information may be incorrect. [/home/thagenlo/Desktop/rfsoc_proj_NEW.xpr/rfsoc_proj/rfsoc_proj.gen/sources_1/bd/design_1/ipshared/4566/src/sync_detector_axis.sv:]
WARNING: [filemgmt 56-199] Attempt to get parsing info during refresh. "On-the-fly" syntax checking information may be incorrect. [/home/thagenlo/Desktop/rfsoc_proj_NEW.xpr/rfsoc_proj/rfsoc_proj.gen/sources_1/bd/design_1/ipshared/4566/src/cordic.sv:]
WARNING: [filemgmt 56-199] Attempt to get parsing info during refresh. "On-the-fly" syntax checking information may be incorrect. [/home/thagenlo/Desktop/rfsoc_proj_NEW.xpr/rfsoc_proj/rfsoc_proj.gen/sources_1/bd/design_1/synth/design_1.v:]
WARNING: [filemgmt 56-199] Attempt to get parsing info during refresh. "On-the-fly" syntax checking information may be incorrect. [/home/thagenlo/Desktop/rfsoc_proj_NEW.xpr/rfsoc_proj/rfsoc_proj.gen/sources_1/bd/design_1/ipshared/4566/src/cordic.sv:]
WARNING: [filemgmt 56-199] Attempt to get parsing info during refresh. "On-the-fly" syntax checking information may be incorrect. [/home/thagenlo/Desktop/rfsoc_proj_NEW.xpr/rfsoc_proj/rfsoc_proj.gen/sources_1/bd/design_1/ipshared/4566/src/cordic.sv:]
WARNING: [filemgmt 56-199] Attempt to get parsing info during refresh. "On-the-fly" syntax checking information may be incorrect. [/home/thagenlo/Desktop/rfsoc_proj_NEW.xpr/rfsoc_proj/rfsoc_proj.gen/sources_1/bd/design_1/ipshared/4566/src/sync_detector_axis.sv:]
WARNING: [filemgmt 56-199] Attempt to get parsing info during refresh. "On-the-fly" syntax checking information may be incorrect. [/home/thagenlo/Desktop/rfsoc_proj_NEW.xpr/rfsoc_proj/rfsoc_proj.gen/sources_1/bd/design_1/ipshared/4566/src/cordic.sv:]
WARNING: [filemgmt 56-199] Attempt to get parsing info during refresh. "On-the-fly" syntax checking information may be incorrect. [/home/thagenlo/Desktop/rfsoc_proj_NEW.xpr/rfsoc_proj/rfsoc_proj.gen/sources_1/bd/design_1/synth/design_1.v:]
WARNING: [filemgmt 56-199] Attempt to get parsing info during refresh. "On-the-fly" syntax checking information may be incorrect. [/home/thagenlo/Desktop/rfsoc_proj_NEW.xpr/rfsoc_proj/rfsoc_proj.gen/sources_1/bd/design_1/synth/design_1.v:]
WARNING: [filemgmt 56-199] Attempt to get parsing info during refresh. "On-the-fly" syntax checking information may be incorrect. [/home/thagenlo/Desktop/rfsoc_proj_NEW.xpr/rfsoc_proj/rfsoc_proj.gen/sources_1/bd/design_1/synth/design_1.v:]
WARNING: [filemgmt 56-199] Attempt to get parsing info during refresh. "On-the-fly" syntax checking information may be incorrect. [/home/thagenlo/Desktop/rfsoc_proj_NEW.xpr/rfsoc_proj/rfsoc_proj.gen/sources_1/bd/design_1/ipshared/4566/src/sync_detector_axis.sv:]
WARNING: [filemgmt 56-199] Attempt to get parsing info during refresh. "On-the-fly" syntax checking information may be incorrect. [/home/thagenlo/Desktop/rfsoc_proj_NEW.xpr/rfsoc_proj/rfsoc_proj.gen/sources_1/bd/design_1/ipshared/4566/src/cordic.sv:]
WARNING: [filemgmt 56-199] Attempt to get parsing info during refresh. "On-the-fly" syntax checking information may be incorrect. [/home/thagenlo/Desktop/rfsoc_proj_NEW.xpr/rfsoc_proj/rfsoc_proj.gen/sources_1/bd/design_1/synth/design_1.v:]
WARNING: [filemgmt 56-199] Attempt to get parsing info during refresh. "On-the-fly" syntax checking information may be incorrect. [/home/thagenlo/Desktop/rfsoc_proj_NEW.xpr/rfsoc_proj/rfsoc_proj.gen/sources_1/bd/design_1/ipshared/4566/src/cordic.sv:]
WARNING: [filemgmt 56-199] Attempt to get parsing info during refresh. "On-the-fly" syntax checking information may be incorrect. [/home/thagenlo/Desktop/rfsoc_proj_NEW.xpr/rfsoc_proj/rfsoc_proj.gen/sources_1/bd/design_1/ipshared/4566/src/cordic.sv:]
WARNING: [filemgmt 56-199] Attempt to get parsing info during refresh. "On-the-fly" syntax checking information may be incorrect. [/home/thagenlo/Desktop/rfsoc_proj_NEW.xpr/rfsoc_proj/rfsoc_proj.gen/sources_1/bd/design_1/ipshared/4566/src/sync_detector_axis.sv:]
WARNING: [filemgmt 56-199] Attempt to get parsing info during refresh. "On-the-fly" syntax checking information may be incorrect. [/home/thagenlo/Desktop/rfsoc_proj_NEW.xpr/rfsoc_proj/rfsoc_proj.gen/sources_1/bd/design_1/ipshared/4566/src/cordic.sv:]
WARNING: [filemgmt 56-199] Attempt to get parsing info during refresh. "On-the-fly" syntax checking information may be incorrect. [/home/thagenlo/Desktop/rfsoc_proj_NEW.xpr/rfsoc_proj/rfsoc_proj.gen/sources_1/bd/design_1/synth/design_1.v:]
WARNING: [filemgmt 56-199] Attempt to get parsing info during refresh. "On-the-fly" syntax checking information may be incorrect. [/home/thagenlo/Desktop/rfsoc_proj_NEW.xpr/rfsoc_proj/rfsoc_proj.gen/sources_1/bd/design_1/ipshared/4566/src/sync_detector_axis.sv:]
WARNING: [filemgmt 56-199] Attempt to get parsing info during refresh. "On-the-fly" syntax checking information may be incorrect. [/home/thagenlo/Desktop/rfsoc_proj_NEW.xpr/rfsoc_proj/rfsoc_proj.gen/sources_1/bd/design_1/ipshared/4566/src/sync_detector_axis.sv:]
ipx::merge_project_changes files [ipx::current_core]
ipx::merge_project_changes hdl_parameters [ipx::current_core]
WARNING: [IP_Flow 19-5101] Packaging a component with a SystemVerilog top file is not fully supported. Please refer to UG1118 'Creating and Packaging Custom IP'.
set_property core_revision 3 [ipx::current_core]
ipx::update_source_project_archive -component [ipx::current_core]
ipx::create_xgui_files [ipx::current_core]
ipx::update_checksums [ipx::current_core]
ipx::check_integrity [ipx::current_core]
WARNING: [IP_Flow 19-11888] Component Definition 'user.org:user:top:1.0 (top_v1_0)': IP description "top_v1_0" is not meaningful: too short
WARNING: [IP_Flow 19-11770] Clock interface 'm00_axis_aclk' has no FREQ_HZ parameter.
WARNING: [IP_Flow 19-11770] Clock interface 's00_axis_aclk' has no FREQ_HZ parameter.
INFO: [IP_Flow 19-2181] Payment is not required for this core.
WARNING: [IP_Flow 19-2187] The Product Guide file is missing.
INFO: [Ipptcl 7-1486] check_integrity: Integrity check passed.
ipx::save_core [ipx::current_core]
WARNING: [filemgmt 56-199] Attempt to get parsing info during refresh. "On-the-fly" syntax checking information may be incorrect. [/home/thagenlo/Desktop/rfsoc_proj_NEW.xpr/rfsoc_proj/rfsoc_proj.gen/sources_1/bd/design_1/ipshared/4566/src/sync_detector_axis.sv:]
WARNING: [filemgmt 56-199] Attempt to get parsing info during refresh. "On-the-fly" syntax checking information may be incorrect. [/home/thagenlo/Desktop/rfsoc_proj_NEW.xpr/rfsoc_proj/rfsoc_proj.gen/sources_1/bd/design_1/ipshared/4566/src/cordic.sv:]
WARNING: [filemgmt 56-199] Attempt to get parsing info during refresh. "On-the-fly" syntax checking information may be incorrect. [/home/thagenlo/Desktop/rfsoc_proj_NEW.xpr/rfsoc_proj/rfsoc_proj.gen/sources_1/bd/design_1/synth/design_1.v:]
WARNING: [filemgmt 56-199] Attempt to get parsing info during refresh. "On-the-fly" syntax checking information may be incorrect. [/home/thagenlo/Desktop/rfsoc_proj_NEW.xpr/rfsoc_proj/rfsoc_proj.gen/sources_1/bd/design_1/synth/design_1.v:]
WARNING: [filemgmt 56-199] Attempt to get parsing info during refresh. "On-the-fly" syntax checking information may be incorrect. [/home/thagenlo/Desktop/rfsoc_proj_NEW.xpr/rfsoc_proj/rfsoc_proj.gen/sources_1/bd/design_1/synth/design_1.v:]
ipx::move_temp_component_back -component [ipx::current_core]
close_project -delete
update_ip_catalog -rebuild -repo_path /home/thagenlo/Desktop/top_ip
INFO: [IP_Flow 19-725] Reloaded user IP repository '/home/thagenlo/Desktop/top_ip'
report_ip_status -name ip_status 
upgrade_ip -vlnv user.org:user:top:1.0 [get_ips  design_1_top_0_0] -log ip_upgrade.log
Upgrading '/home/thagenlo/Desktop/rfsoc_proj_NEW.xpr/rfsoc_proj/rfsoc_proj.srcs/sources_1/bd/design_1/design_1.bd'
INFO: [IP_Flow 19-3422] Upgraded design_1_top_0_0 (top_v1_0 1.0) from revision 2 to revision 3
Wrote  : </home/thagenlo/Desktop/rfsoc_proj_NEW.xpr/rfsoc_proj/rfsoc_proj.srcs/sources_1/bd/design_1/design_1.bd> 
Wrote  : </home/thagenlo/Desktop/rfsoc_proj_NEW.xpr/rfsoc_proj/rfsoc_proj.srcs/sources_1/bd/design_1/ui/bd_1f5defd0.ui> 
INFO: [Coretcl 2-1525] Wrote upgrade log to '/home/thagenlo/Desktop/rfsoc_proj_NEW.xpr/rfsoc_proj/ip_upgrade.log'.
export_ip_user_files -of_objects [get_ips design_1_top_0_0] -no_script -sync -force -quiet
generate_target all [get_files  /home/thagenlo/Desktop/rfsoc_proj_NEW.xpr/rfsoc_proj/rfsoc_proj.srcs/sources_1/bd/design_1/design_1.bd]
WARNING: [BD 41-1629] Slave segment </zynq_ultra_ps_e_0/SAXIGP2/HP0_LPS_OCM> is excluded from all addressing paths.
WARNING: [BD 41-1629] Slave segment </zynq_ultra_ps_e_0/SAXIGP2/HP0_DDR_HIGH> is excluded from all addressing paths.
WARNING: [BD 41-3281] Instance '/axi_dma_0' is connected on both sides by SmartConnects and cannot automatically configure itself to match the endpoints. Please manually configure its AXI interfaces as required for the design.
WARNING: [BD 41-3281] Instance '/zynq_ultra_ps_e_0' is connected on both sides by SmartConnects and cannot automatically configure itself to match the endpoints. Please manually configure its AXI interfaces as required for the design.
Excluding slave segment /zynq_ultra_ps_e_0/SAXIGP2/HP0_DDR_HIGH from address space /axi_dma_0/Data_S2MM.
Excluding slave segment /zynq_ultra_ps_e_0/SAXIGP2/HP0_LPS_OCM from address space /axi_dma_0/Data_S2MM.
Excluding slave segment /zynq_ultra_ps_e_0/SAXIGP2/HP0_DDR_HIGH from address space /axi_dma_0/Data_S2MM.
Excluding slave segment /zynq_ultra_ps_e_0/SAXIGP2/HP0_LPS_OCM from address space /axi_dma_0/Data_S2MM.
Excluding slave segment /zynq_ultra_ps_e_0/SAXIGP2/HP0_DDR_HIGH from address space /axi_dma_0/Data_S2MM.
Excluding slave segment /zynq_ultra_ps_e_0/SAXIGP2/HP0_LPS_OCM from address space /axi_dma_0/Data_S2MM.
Excluding slave segment /zynq_ultra_ps_e_0/SAXIGP2/HP0_DDR_HIGH from address space /axi_dma_0/Data_S2MM.
Excluding slave segment /zynq_ultra_ps_e_0/SAXIGP2/HP0_LPS_OCM from address space /axi_dma_0/Data_S2MM.
INFO: [BD 5-943] Reserving offset range <0xA000_0000 [ 64K ]> from slave interface '/axi_smc/S00_AXI' to master interface '/axi_smc/M00_AXI'. This will be used by smartconnect on path for routing.
INFO: [BD 5-943] Reserving offset range <0xA004_0000 [ 256K ]> from slave interface '/axi_smc/S00_AXI' to master interface '/axi_smc/M01_AXI'. This will be used by smartconnect on path for routing.
INFO: [BD 5-943] Reserving offset range <0xA001_0000 [ 64K ]> from slave interface '/axi_smc/S00_AXI' to master interface '/axi_smc/M02_AXI'. This will be used by smartconnect on path for routing.
INFO: [xilinx.com:ip:smartconnect:1.0-1] design_1_axi_smc_0: SmartConnect design_1_axi_smc_0 is in Low-Area Mode.
INFO: [BD 5-943] Reserving offset range <0x0000_0000 [ 2G ]> from slave interface '/axi_smc_1/S00_AXI' to master interface '/axi_smc_1/M00_AXI'. This will be used by smartconnect on path for routing.
INFO: [xilinx.com:ip:smartconnect:1.0-1] design_1_axi_smc_1_0: SmartConnect design_1_axi_smc_1_0 is in High-performance Mode.
Excluding slave segment /zynq_ultra_ps_e_0/SAXIGP2/HP0_DDR_HIGH from address space /axi_dma_0/Data_S2MM.
Excluding slave segment /zynq_ultra_ps_e_0/SAXIGP2/HP0_LPS_OCM from address space /axi_dma_0/Data_S2MM.
Excluding slave segment /zynq_ultra_ps_e_0/SAXIGP2/HP0_DDR_HIGH from address space /axi_dma_0/Data_S2MM.
Excluding slave segment /zynq_ultra_ps_e_0/SAXIGP2/HP0_LPS_OCM from address space /axi_dma_0/Data_S2MM.
INFO: [xilinx.com:ip:cic_compiler:4.0-913] /cic_compiler_0 Input_Data_Width has been set to manual on the GUI. It will not be updated during validation with a propagated value.
INFO: [xilinx.com:ip:fir_compiler:7.2-308] /fir_compiler_1 S_AXIS_DATA-TDATA: Validating field: chan_0_path_0(16:0): fix16_0 against /cic_compiler_1 M_AXIS_DATA-TDATA: chan_0(16:0): fix16_0.
INFO: [xilinx.com:ip:cic_compiler:4.0-913] /cic_compiler_1 Input_Data_Width has been set to manual on the GUI. It will not be updated during validation with a propagated value.
INFO: [xilinx.com:ip:fir_compiler:7.2-308] /fir_compiler_0 S_AXIS_DATA-TDATA: Validating field: chan_0_path_0(16:0): fix16_0 against /cic_compiler_0 M_AXIS_DATA-TDATA: chan_0(16:0): fix16_0.
WARNING: [BD 41-237] Bus Interface property AWUSER_WIDTH does not match between /zynq_ultra_ps_e_0/S_AXI_HP0_FPD(1) and /axi_smc_1/M00_AXI(0)
WARNING: [BD 41-237] Bus Interface property ARUSER_WIDTH does not match between /zynq_ultra_ps_e_0/S_AXI_HP0_FPD(1) and /axi_smc_1/M00_AXI(0)
WARNING: [BD 41-2671] The dangling interface net <m00_aw_node_M_AXIS_ARB> will not be written out to the BD file.
WARNING: [BD 41-2671] The dangling interface net <m01_aw_node_M_AXIS_ARB> will not be written out to the BD file.
WARNING: [BD 41-2671] The dangling interface net <m02_aw_node_M_AXIS_ARB> will not be written out to the BD file.
Wrote  : </home/thagenlo/Desktop/rfsoc_proj_NEW.xpr/rfsoc_proj/rfsoc_proj.srcs/sources_1/bd/design_1/design_1.bd> 
Verilog Output written to : /home/thagenlo/Desktop/rfsoc_proj_NEW.xpr/rfsoc_proj/rfsoc_proj.gen/sources_1/bd/design_1/synth/design_1.v
Verilog Output written to : /home/thagenlo/Desktop/rfsoc_proj_NEW.xpr/rfsoc_proj/rfsoc_proj.gen/sources_1/bd/design_1/sim/design_1.v
Verilog Output written to : /home/thagenlo/Desktop/rfsoc_proj_NEW.xpr/rfsoc_proj/rfsoc_proj.gen/sources_1/bd/design_1/hdl/design_1_wrapper.v
Exporting to file /home/thagenlo/Desktop/rfsoc_proj_NEW.xpr/rfsoc_proj/rfsoc_proj.gen/sources_1/bd/design_1/ip/design_1_axi_smc_0/bd_0/hw_handoff/design_1_axi_smc_0.hwh
Generated Hardware Definition File /home/thagenlo/Desktop/rfsoc_proj_NEW.xpr/rfsoc_proj/rfsoc_proj.gen/sources_1/bd/design_1/ip/design_1_axi_smc_0/bd_0/synth/design_1_axi_smc_0.hwdef
INFO: [BD 41-1029] Generation completed for the IP Integrator block axi_smc .
Exporting to file /home/thagenlo/Desktop/rfsoc_proj_NEW.xpr/rfsoc_proj/rfsoc_proj.gen/sources_1/bd/design_1/ip/design_1_axi_smc_1_0/bd_0/hw_handoff/design_1_axi_smc_1_0.hwh
Generated Hardware Definition File /home/thagenlo/Desktop/rfsoc_proj_NEW.xpr/rfsoc_proj/rfsoc_proj.gen/sources_1/bd/design_1/ip/design_1_axi_smc_1_0/bd_0/synth/design_1_axi_smc_1_0.hwdef
INFO: [BD 41-1029] Generation completed for the IP Integrator block axi_smc_1 .
INFO: [BD 41-1029] Generation completed for the IP Integrator block top_0 .
Exporting to file /home/thagenlo/Desktop/rfsoc_proj_NEW.xpr/rfsoc_proj/rfsoc_proj.gen/sources_1/bd/design_1/hw_handoff/design_1.hwh
Generated Hardware Definition File /home/thagenlo/Desktop/rfsoc_proj_NEW.xpr/rfsoc_proj/rfsoc_proj.gen/sources_1/bd/design_1/synth/design_1.hwdef
generate_target: Time (s): cpu = 00:00:23 ; elapsed = 00:00:23 . Memory (MB): peak = 15643.137 ; gain = 0.000 ; free physical = 4253 ; free virtual = 9376
catch { config_ip_cache -export [get_ips -all design_1_axi_smc_0] }
INFO: [IP_Flow 19-4993] Using cached IP synthesis design for IP design_1_axi_smc_0, cache-ID = c3f79869b6e1fe1e; cache size = 117.500 MB.
catch { config_ip_cache -export [get_ips -all design_1_axi_smc_1_0] }
INFO: [IP_Flow 19-4993] Using cached IP synthesis design for IP design_1_axi_smc_1_0, cache-ID = e93bc6a3389c4536; cache size = 117.500 MB.
catch { config_ip_cache -export [get_ips -all design_1_top_0_0] }
export_ip_user_files -of_objects [get_files /home/thagenlo/Desktop/rfsoc_proj_NEW.xpr/rfsoc_proj/rfsoc_proj.srcs/sources_1/bd/design_1/design_1.bd] -no_script -sync -force -quiet
create_ip_run [get_files -of_objects [get_fileset sources_1] /home/thagenlo/Desktop/rfsoc_proj_NEW.xpr/rfsoc_proj/rfsoc_proj.srcs/sources_1/bd/design_1/design_1.bd]
launch_runs design_1_top_0_0_synth_1 -jobs 8
[Tue Dec  9 14:08:20 2025] Launched design_1_top_0_0_synth_1...
Run output will be captured here: /home/thagenlo/Desktop/rfsoc_proj_NEW.xpr/rfsoc_proj/rfsoc_proj.runs/design_1_top_0_0_synth_1/runme.log
export_simulation -lib_map_path [list {modelsim=/home/thagenlo/Desktop/rfsoc_proj_NEW.xpr/rfsoc_proj/rfsoc_proj.cache/compile_simlib/modelsim} {questa=/home/thagenlo/Desktop/rfsoc_proj_NEW.xpr/rfsoc_proj/rfsoc_proj.cache/compile_simlib/questa} {xcelium=/home/thagenlo/Desktop/rfsoc_proj_NEW.xpr/rfsoc_proj/rfsoc_proj.cache/compile_simlib/xcelium} {vcs=/home/thagenlo/Desktop/rfsoc_proj_NEW.xpr/rfsoc_proj/rfsoc_proj.cache/compile_simlib/vcs} {riviera=/home/thagenlo/Desktop/rfsoc_proj_NEW.xpr/rfsoc_proj/rfsoc_proj.cache/compile_simlib/riviera}] -of_objects [get_files /home/thagenlo/Desktop/rfsoc_proj_NEW.xpr/rfsoc_proj/rfsoc_proj.srcs/sources_1/bd/design_1/design_1.bd] -directory /home/thagenlo/Desktop/rfsoc_proj_NEW.xpr/rfsoc_proj/rfsoc_proj.ip_user_files/sim_scripts -ip_user_files_dir /home/thagenlo/Desktop/rfsoc_proj_NEW.xpr/rfsoc_proj/rfsoc_proj.ip_user_files -ipstatic_source_dir /home/thagenlo/Desktop/rfsoc_proj_NEW.xpr/rfsoc_proj/rfsoc_proj.ip_user_files/ipstatic -use_ip_compiled_libs -force -quiet
reset_run synth_1
INFO: [Project 1-1161] Replacing file /home/thagenlo/Desktop/rfsoc_proj_NEW.xpr/rfsoc_proj/rfsoc_proj.srcs/utils_1/imports/synth_1/design_1_wrapper.dcp with file /home/thagenlo/Desktop/rfsoc_proj_NEW.xpr/rfsoc_proj/rfsoc_proj.runs/synth_1/design_1_wrapper.dcp
launch_runs impl_1 -to_step write_bitstream -jobs 8
[Tue Dec  9 14:08:39 2025] Launched design_1_top_0_0_synth_1, synth_1...
Run output will be captured here:
design_1_top_0_0_synth_1: /home/thagenlo/Desktop/rfsoc_proj_NEW.xpr/rfsoc_proj/rfsoc_proj.runs/design_1_top_0_0_synth_1/runme.log
synth_1: /home/thagenlo/Desktop/rfsoc_proj_NEW.xpr/rfsoc_proj/rfsoc_proj.runs/synth_1/runme.log
[Tue Dec  9 14:08:39 2025] Launched impl_1...
Run output will be captured here: /home/thagenlo/Desktop/rfsoc_proj_NEW.xpr/rfsoc_proj/rfsoc_proj.runs/impl_1/runme.log
report_ip_status -name ip_status 
ipx::edit_ip_in_project -upgrade true -name top_v1_0_project -directory /home/thagenlo/Desktop/rfsoc_proj_NEW.xpr/rfsoc_proj/rfsoc_proj.tmp/top_v1_0_project /home/thagenlo/Desktop/top_ip/component.xml
INFO: [IP_Flow 19-234] Refreshing IP repositories
INFO: [IP_Flow 19-1704] No user IP repositories specified
INFO: [IP_Flow 19-2313] Loaded Vivado IP repository '/tools/Xilinx/2025.1/Vivado/data/ip'.
WARNING: [Board 49-26] cannot add Board Part xilinx.com:emb-plus-vpr-4616:part0:1.0 available at /tools/Xilinx/2025.1/data/xhub/boards/XilinxBoardStore/boards/Xilinx/emb-plus-vpr-4616/1.0/board.xml as part xcve2302-sfva784-2mp-e-s specified in board_part file is either invalid or not available
WARNING: [Board 49-26] cannot add Board Part xilinx.com:emb-plus-vpr-4616:part0:1.1 available at /tools/Xilinx/2025.1/data/xhub/boards/XilinxBoardStore/boards/Xilinx/emb-plus-vpr-4616/1.1/board.xml as part xcve2302-sfva784-2mp-e-s specified in board_part file is either invalid or not available
WARNING: [Board 49-26] cannot add Board Part xilinx.com:v80:part0:1.0 available at /tools/Xilinx/2025.1/data/xhub/boards/XilinxBoardStore/boards/Xilinx/v80/1.0/board.xml as part xcv80-lsva4737-2mhp-e-s specified in board_part file is either invalid or not available
WARNING: [Board 49-26] cannot add Board Part xilinx.com:vck190:part0:2.2 available at /tools/Xilinx/2025.1/data/xhub/boards/XilinxBoardStore/boards/Xilinx/vck190/production/2.2/board.xml as part xcvc1902-vsva2197-2mp-e-s specified in board_part file is either invalid or not available
WARNING: [Board 49-26] cannot add Board Part xilinx.com:vck190:part0:3.0 available at /tools/Xilinx/2025.1/data/xhub/boards/XilinxBoardStore/boards/Xilinx/vck190/production/3.0/board.xml as part xcvc1902-vsva2197-2mp-e-s specified in board_part file is either invalid or not available
WARNING: [Board 49-26] cannot add Board Part xilinx.com:vck190:part0:3.1 available at /tools/Xilinx/2025.1/data/xhub/boards/XilinxBoardStore/boards/Xilinx/vck190/production/3.1/board.xml as part xcvc1902-vsva2197-2mp-e-s specified in board_part file is either invalid or not available
WARNING: [Board 49-26] cannot add Board Part xilinx.com:vck190:part0:3.2 available at /tools/Xilinx/2025.1/data/xhub/boards/XilinxBoardStore/boards/Xilinx/vck190/production/3.2/board.xml as part xcvc1902-vsva2197-2mp-e-s specified in board_part file is either invalid or not available
WARNING: [Board 49-26] cannot add Board Part xilinx.com:vck190:part0:3.3 available at /tools/Xilinx/2025.1/data/xhub/boards/XilinxBoardStore/boards/Xilinx/vck190/production/3.3/board.xml as part xcvc1902-vsva2197-2mp-e-s specified in board_part file is either invalid or not available
WARNING: [Board 49-26] cannot add Board Part xilinx.com:vck190:part0:3.4 available at /tools/Xilinx/2025.1/data/xhub/boards/XilinxBoardStore/boards/Xilinx/vck190/production/3.4/board.xml as part xcvc1902-vsva2197-2mp-e-s specified in board_part file is either invalid or not available
WARNING: [Board 49-26] cannot add Board Part xilinx.com:vck190_newl:part0:1.0 available at /tools/Xilinx/2025.1/data/xhub/boards/XilinxBoardStore/boards/Xilinx/vck190_newl/production/1.0/board.xml as part xcvc1902-vsva2197-2mp-e-s specified in board_part file is either invalid or not available
WARNING: [Board 49-26] cannot add Board Part xilinx.com:vck190_newl:part0:1.1 available at /tools/Xilinx/2025.1/data/xhub/boards/XilinxBoardStore/boards/Xilinx/vck190_newl/production/1.1/board.xml as part xcvc1902-vsva2197-2mp-e-s specified in board_part file is either invalid or not available
WARNING: [Board 49-26] cannot add Board Part xilinx.com:vck190_newl:part0:1.2 available at /tools/Xilinx/2025.1/data/xhub/boards/XilinxBoardStore/boards/Xilinx/vck190_newl/production/1.2/board.xml as part xcvc1902-vsva2197-2mp-e-s specified in board_part file is either invalid or not available
WARNING: [Board 49-26] cannot add Board Part xilinx.com:vck190_newl:part0:1.3 available at /tools/Xilinx/2025.1/data/xhub/boards/XilinxBoardStore/boards/Xilinx/vck190_newl/production/1.3/board.xml as part xcvc1902-vsva2197-2mp-e-s specified in board_part file is either invalid or not available
WARNING: [Board 49-26] cannot add Board Part xilinx.com:vek280:part0:1.0 available at /tools/Xilinx/2025.1/data/xhub/boards/XilinxBoardStore/boards/Xilinx/vek280/production/1.0/board.xml as part xcve2802-vsvh1760-2mp-e-s specified in board_part file is either invalid or not available
WARNING: [Board 49-26] cannot add Board Part xilinx.com:vek280:part0:1.1 available at /tools/Xilinx/2025.1/data/xhub/boards/XilinxBoardStore/boards/Xilinx/vek280/production/1.1/board.xml as part xcve2802-vsvh1760-2mp-e-s specified in board_part file is either invalid or not available
WARNING: [Board 49-26] cannot add Board Part xilinx.com:vek280:part0:1.2 available at /tools/Xilinx/2025.1/data/xhub/boards/XilinxBoardStore/boards/Xilinx/vek280/production/1.2/board.xml as part xcve2802-vsvh1760-2mp-e-s specified in board_part file is either invalid or not available
WARNING: [Board 49-26] cannot add Board Part xilinx.com:vek385:part0:1.0 available at /tools/Xilinx/2025.1/data/xhub/boards/XilinxBoardStore/boards/Xilinx/vek385/1.0/board.xml as part xc2ve3858-ssva2112-2mp-e-s specified in board_part file is either invalid or not available
WARNING: [Board 49-26] cannot add Board Part xilinx.com:vhk158:part0:1.0 available at /tools/Xilinx/2025.1/data/xhub/boards/XilinxBoardStore/boards/Xilinx/vhk158/production/1.0/board.xml as part xcvh1582-vsva3697-2mp-e-s specified in board_part file is either invalid or not available
WARNING: [Board 49-26] cannot add Board Part xilinx.com:vhk158:part0:1.1 available at /tools/Xilinx/2025.1/data/xhub/boards/XilinxBoardStore/boards/Xilinx/vhk158/production/1.1/board.xml as part xcvh1582-vsva3697-2mp-e-s specified in board_part file is either invalid or not available
WARNING: [Board 49-26] cannot add Board Part xilinx.com:vhk158:part0:1.2 available at /tools/Xilinx/2025.1/data/xhub/boards/XilinxBoardStore/boards/Xilinx/vhk158/production/1.2/board.xml as part xcvh1582-vsva3697-2mp-e-s specified in board_part file is either invalid or not available
WARNING: [Board 49-26] cannot add Board Part xilinx.com:vmk180:part0:2.2 available at /tools/Xilinx/2025.1/data/xhub/boards/XilinxBoardStore/boards/Xilinx/vmk180/production/2.2/board.xml as part xcvm1802-vsva2197-2mp-e-s specified in board_part file is either invalid or not available
WARNING: [Board 49-26] cannot add Board Part xilinx.com:vmk180:part0:3.0 available at /tools/Xilinx/2025.1/data/xhub/boards/XilinxBoardStore/boards/Xilinx/vmk180/production/3.0/board.xml as part xcvm1802-vsva2197-2mp-e-s specified in board_part file is either invalid or not available
WARNING: [Board 49-26] cannot add Board Part xilinx.com:vmk180:part0:3.1 available at /tools/Xilinx/2025.1/data/xhub/boards/XilinxBoardStore/boards/Xilinx/vmk180/production/3.1/board.xml as part xcvm1802-vsva2197-2mp-e-s specified in board_part file is either invalid or not available
WARNING: [Board 49-26] cannot add Board Part xilinx.com:vmk180:part0:3.2 available at /tools/Xilinx/2025.1/data/xhub/boards/XilinxBoardStore/boards/Xilinx/vmk180/production/3.2/board.xml as part xcvm1802-vsva2197-2mp-e-s specified in board_part file is either invalid or not available
WARNING: [Board 49-26] cannot add Board Part xilinx.com:vmk180:part0:3.3 available at /tools/Xilinx/2025.1/data/xhub/boards/XilinxBoardStore/boards/Xilinx/vmk180/production/3.3/board.xml as part xcvm1802-vsva2197-2mp-e-s specified in board_part file is either invalid or not available
WARNING: [Board 49-26] cannot add Board Part xilinx.com:vmk180_newl:part0:1.0 available at /tools/Xilinx/2025.1/data/xhub/boards/XilinxBoardStore/boards/Xilinx/vmk180_newl/production/1.0/board.xml as part xcvm1802-vsva2197-2mp-e-s specified in board_part file is either invalid or not available
WARNING: [Board 49-26] cannot add Board Part xilinx.com:vmk180_newl:part0:1.1 available at /tools/Xilinx/2025.1/data/xhub/boards/XilinxBoardStore/boards/Xilinx/vmk180_newl/production/1.1/board.xml as part xcvm1802-vsva2197-2mp-e-s specified in board_part file is either invalid or not available
WARNING: [Board 49-26] cannot add Board Part xilinx.com:vpk120:part0:1.0 available at /tools/Xilinx/2025.1/data/xhub/boards/XilinxBoardStore/boards/Xilinx/vpk120/production/1.0/board.xml as part xcvp1202-vsva2785-2mp-e-s specified in board_part file is either invalid or not available
WARNING: [Board 49-26] cannot add Board Part xilinx.com:vpk120:part0:1.1 available at /tools/Xilinx/2025.1/data/xhub/boards/XilinxBoardStore/boards/Xilinx/vpk120/production/1.1/board.xml as part xcvp1202-vsva2785-2mp-e-s specified in board_part file is either invalid or not available
WARNING: [Board 49-26] cannot add Board Part xilinx.com:vpk120:part0:1.2 available at /tools/Xilinx/2025.1/data/xhub/boards/XilinxBoardStore/boards/Xilinx/vpk120/production/1.2/board.xml as part xcvp1202-vsva2785-2mp-e-s specified in board_part file is either invalid or not available
WARNING: [Board 49-26] cannot add Board Part xilinx.com:vpk180:part0:1.0 available at /tools/Xilinx/2025.1/data/xhub/boards/XilinxBoardStore/boards/Xilinx/vpk180/production/1.0/board.xml as part xcvp1802-lsvc4072-2mp-e-s specified in board_part file is either invalid or not available
WARNING: [Board 49-26] cannot add Board Part xilinx.com:vpk180:part0:1.1 available at /tools/Xilinx/2025.1/data/xhub/boards/XilinxBoardStore/boards/Xilinx/vpk180/production/1.1/board.xml as part xcvp1802-lsvc4072-2mp-e-s specified in board_part file is either invalid or not available
WARNING: [Board 49-26] cannot add Board Part xilinx.com:vpk180:part0:1.2 available at /tools/Xilinx/2025.1/data/xhub/boards/XilinxBoardStore/boards/Xilinx/vpk180/production/1.2/board.xml as part xcvp1802-lsvc4072-2mp-e-s specified in board_part file is either invalid or not available
WARNING: [Board 49-26] cannot add Board Part xilinx.com:zcu208ld:part0:2.0 available at /tools/Xilinx/2025.1/data/xhub/boards/XilinxBoardStore/boards/Xilinx/zcu208ld/production/2.0/board.xml as part xczu58dr-fsvg1517-2-i specified in board_part file is either invalid or not available
WARNING: [Board 49-26] cannot add Board Part xilinx.com:zcu216ld:part0:2.0 available at /tools/Xilinx/2025.1/data/xhub/boards/XilinxBoardStore/boards/Xilinx/zcu216ld/production/2.0/board.xml as part xczu59dr-ffvf1760-2-i specified in board_part file is either invalid or not available
WARNING: [Board 49-26] cannot add Board Part xilinx.com:zcu670ld:part0:1.0 available at /tools/Xilinx/2025.1/data/xhub/boards/XilinxBoardStore/boards/Xilinx/zcu670ld/1.0/board.xml as part xczu57dr-fsve1156-2-i specified in board_part file is either invalid or not available
INFO: [IP_Flow 19-234] Refreshing IP repositories
INFO: [IP_Flow 19-1700] Loaded user IP repository '/home/thagenlo/Desktop/rfsoc_proj_NEW.xpr/rfsoc_proj/rfsoc_proj.ipdefs/iq_framer_1_0'.
INFO: [IP_Flow 19-1700] Loaded user IP repository '/home/thagenlo/Desktop/top_ip'.
INFO: [IP_Flow 19-1700] Loaded user IP repository '/home/thagenlo/Desktop/rfsoc_proj_NEW.xpr/rfsoc_proj/rfsoc_proj.ipdefs/mmio_interface_1_0'.
INFO: [IP_Flow 19-795] Syncing license key meta-data
update_compile_order -fileset sources_1
WARNING: [filemgmt 56-199] Attempt to get parsing info during refresh. "On-the-fly" syntax checking information may be incorrect. [/home/thagenlo/Desktop/top_ip/src/cordic.sv:]
WARNING: [filemgmt 56-199] Attempt to get parsing info during refresh. "On-the-fly" syntax checking information may be incorrect. [/home/thagenlo/Desktop/top_ip/src/sync_detector_axis.sv:]
WARNING: [filemgmt 56-199] Attempt to get parsing info during refresh. "On-the-fly" syntax checking information may be incorrect. [/home/thagenlo/Desktop/top_ip/src/video_data_decoder.sv:]
WARNING: [filemgmt 56-199] Attempt to get parsing info during refresh. "On-the-fly" syntax checking information may be incorrect. [/home/thagenlo/Desktop/top_ip/src/top.sv:]
WARNING: [filemgmt 56-199] Attempt to get parsing info during refresh. "On-the-fly" syntax checking information may be incorrect. [/home/thagenlo/Desktop/top_ip/src/video_data_decoder.sv:]
WARNING: [filemgmt 56-199] Attempt to get parsing info during refresh. "On-the-fly" syntax checking information may be incorrect. [/home/thagenlo/Desktop/top_ip/src/video_data_decoder.sv:]
WARNING: [filemgmt 56-199] Attempt to get parsing info during refresh. "On-the-fly" syntax checking information may be incorrect. [/home/thagenlo/Desktop/top_ip/src/cordic.sv:]
WARNING: [filemgmt 56-199] Attempt to get parsing info during refresh. "On-the-fly" syntax checking information may be incorrect. [/home/thagenlo/Desktop/top_ip/src/sync_detector_axis.sv:]
WARNING: [filemgmt 56-199] Attempt to get parsing info during refresh. "On-the-fly" syntax checking information may be incorrect. [/home/thagenlo/Desktop/top_ip/src/video_data_decoder.sv:]
WARNING: [filemgmt 56-199] Attempt to get parsing info during refresh. "On-the-fly" syntax checking information may be incorrect. [/home/thagenlo/Desktop/top_ip/src/top.sv:]
WARNING: [filemgmt 56-199] Attempt to get parsing info during refresh. "On-the-fly" syntax checking information may be incorrect. [/home/thagenlo/Desktop/top_ip/src/sync_detector_axis.sv:]
WARNING: [filemgmt 56-199] Attempt to get parsing info during refresh. "On-the-fly" syntax checking information may be incorrect. [/home/thagenlo/Desktop/top_ip/src/sync_detector_axis.sv:]
WARNING: [filemgmt 56-199] Attempt to get parsing info during refresh. "On-the-fly" syntax checking information may be incorrect. [/home/thagenlo/Desktop/top_ip/src/cordic.sv:]
WARNING: [filemgmt 56-199] Attempt to get parsing info during refresh. "On-the-fly" syntax checking information may be incorrect. [/home/thagenlo/Desktop/top_ip/src/sync_detector_axis.sv:]
WARNING: [filemgmt 56-199] Attempt to get parsing info during refresh. "On-the-fly" syntax checking information may be incorrect. [/home/thagenlo/Desktop/top_ip/src/video_data_decoder.sv:]
WARNING: [filemgmt 56-199] Attempt to get parsing info during refresh. "On-the-fly" syntax checking information may be incorrect. [/home/thagenlo/Desktop/top_ip/src/top.sv:]
WARNING: [filemgmt 56-199] Attempt to get parsing info during refresh. "On-the-fly" syntax checking information may be incorrect. [/home/thagenlo/Desktop/top_ip/src/cordic.sv:]
WARNING: [filemgmt 56-199] Attempt to get parsing info during refresh. "On-the-fly" syntax checking information may be incorrect. [/home/thagenlo/Desktop/top_ip/src/cordic.sv:]
WARNING: [filemgmt 56-199] Attempt to get parsing info during refresh. "On-the-fly" syntax checking information may be incorrect. [/home/thagenlo/Desktop/top_ip/src/cordic.sv:]
WARNING: [filemgmt 56-199] Attempt to get parsing info during refresh. "On-the-fly" syntax checking information may be incorrect. [/home/thagenlo/Desktop/top_ip/src/sync_detector_axis.sv:]
WARNING: [filemgmt 56-199] Attempt to get parsing info during refresh. "On-the-fly" syntax checking information may be incorrect. [/home/thagenlo/Desktop/top_ip/src/video_data_decoder.sv:]
WARNING: [filemgmt 56-199] Attempt to get parsing info during refresh. "On-the-fly" syntax checking information may be incorrect. [/home/thagenlo/Desktop/top_ip/src/top.sv:]
WARNING: [filemgmt 56-199] Attempt to get parsing info during refresh. "On-the-fly" syntax checking information may be incorrect. [/home/thagenlo/Desktop/top_ip/src/top.sv:]
WARNING: [filemgmt 56-199] Attempt to get parsing info during refresh. "On-the-fly" syntax checking information may be incorrect. [/home/thagenlo/Desktop/top_ip/src/top.sv:]
WARNING: [filemgmt 56-199] Attempt to get parsing info during refresh. "On-the-fly" syntax checking information may be incorrect. [/home/thagenlo/Desktop/top_ip/src/cordic.sv:]
WARNING: [filemgmt 56-199] Attempt to get parsing info during refresh. "On-the-fly" syntax checking information may be incorrect. [/home/thagenlo/Desktop/top_ip/src/sync_detector_axis.sv:]
WARNING: [filemgmt 56-199] Attempt to get parsing info during refresh. "On-the-fly" syntax checking information may be incorrect. [/home/thagenlo/Desktop/top_ip/src/video_data_decoder.sv:]
WARNING: [filemgmt 56-199] Attempt to get parsing info during refresh. "On-the-fly" syntax checking information may be incorrect. [/home/thagenlo/Desktop/top_ip/src/top.sv:]
WARNING: [filemgmt 56-199] Attempt to get parsing info during refresh. "On-the-fly" syntax checking information may be incorrect. [/home/thagenlo/Desktop/top_ip/src/sync_detector_axis.sv:]
WARNING: [filemgmt 56-199] Attempt to get parsing info during refresh. "On-the-fly" syntax checking information may be incorrect. [/home/thagenlo/Desktop/top_ip/src/sync_detector_axis.sv:]
WARNING: [filemgmt 56-199] Attempt to get parsing info during refresh. "On-the-fly" syntax checking information may be incorrect. [/home/thagenlo/Desktop/top_ip/src/cordic.sv:]
WARNING: [filemgmt 56-199] Attempt to get parsing info during refresh. "On-the-fly" syntax checking information may be incorrect. [/home/thagenlo/Desktop/top_ip/src/sync_detector_axis.sv:]
WARNING: [filemgmt 56-199] Attempt to get parsing info during refresh. "On-the-fly" syntax checking information may be incorrect. [/home/thagenlo/Desktop/top_ip/src/video_data_decoder.sv:]
WARNING: [filemgmt 56-199] Attempt to get parsing info during refresh. "On-the-fly" syntax checking information may be incorrect. [/home/thagenlo/Desktop/top_ip/src/top.sv:]
WARNING: [filemgmt 56-199] Attempt to get parsing info during refresh. "On-the-fly" syntax checking information may be incorrect. [/home/thagenlo/Desktop/top_ip/src/cordic.sv:]
WARNING: [filemgmt 56-199] Attempt to get parsing info during refresh. "On-the-fly" syntax checking information may be incorrect. [/home/thagenlo/Desktop/top_ip/src/cordic.sv:]
WARNING: [filemgmt 56-199] Attempt to get parsing info during refresh. "On-the-fly" syntax checking information may be incorrect. [/home/thagenlo/Desktop/top_ip/src/cordic.sv:]
WARNING: [filemgmt 56-199] Attempt to get parsing info during refresh. "On-the-fly" syntax checking information may be incorrect. [/home/thagenlo/Desktop/top_ip/src/sync_detector_axis.sv:]
WARNING: [filemgmt 56-199] Attempt to get parsing info during refresh. "On-the-fly" syntax checking information may be incorrect. [/home/thagenlo/Desktop/top_ip/src/video_data_decoder.sv:]
WARNING: [filemgmt 56-199] Attempt to get parsing info during refresh. "On-the-fly" syntax checking information may be incorrect. [/home/thagenlo/Desktop/top_ip/src/top.sv:]
WARNING: [filemgmt 56-199] Attempt to get parsing info during refresh. "On-the-fly" syntax checking information may be incorrect. [/home/thagenlo/Desktop/top_ip/src/cordic.sv:]
WARNING: [filemgmt 56-199] Attempt to get parsing info during refresh. "On-the-fly" syntax checking information may be incorrect. [/home/thagenlo/Desktop/top_ip/src/cordic.sv:]
WARNING: [filemgmt 56-199] Attempt to get parsing info during refresh. "On-the-fly" syntax checking information may be incorrect. [/home/thagenlo/Desktop/top_ip/src/cordic.sv:]
WARNING: [filemgmt 56-199] Attempt to get parsing info during refresh. "On-the-fly" syntax checking information may be incorrect. [/home/thagenlo/Desktop/top_ip/src/sync_detector_axis.sv:]
WARNING: [filemgmt 56-199] Attempt to get parsing info during refresh. "On-the-fly" syntax checking information may be incorrect. [/home/thagenlo/Desktop/top_ip/src/video_data_decoder.sv:]
WARNING: [filemgmt 56-199] Attempt to get parsing info during refresh. "On-the-fly" syntax checking information may be incorrect. [/home/thagenlo/Desktop/top_ip/src/top.sv:]
WARNING: [filemgmt 56-199] Attempt to get parsing info during refresh. "On-the-fly" syntax checking information may be incorrect. [/home/thagenlo/Desktop/top_ip/src/video_data_decoder.sv:]
WARNING: [filemgmt 56-199] Attempt to get parsing info during refresh. "On-the-fly" syntax checking information may be incorrect. [/home/thagenlo/Desktop/top_ip/src/video_data_decoder.sv:]
WARNING: [filemgmt 56-199] Attempt to get parsing info during refresh. "On-the-fly" syntax checking information may be incorrect. [/home/thagenlo/Desktop/top_ip/src/cordic.sv:]
WARNING: [filemgmt 56-199] Attempt to get parsing info during refresh. "On-the-fly" syntax checking information may be incorrect. [/home/thagenlo/Desktop/top_ip/src/sync_detector_axis.sv:]
WARNING: [filemgmt 56-199] Attempt to get parsing info during refresh. "On-the-fly" syntax checking information may be incorrect. [/home/thagenlo/Desktop/top_ip/src/video_data_decoder.sv:]
WARNING: [filemgmt 56-199] Attempt to get parsing info during refresh. "On-the-fly" syntax checking information may be incorrect. [/home/thagenlo/Desktop/top_ip/src/top.sv:]
WARNING: [filemgmt 56-199] Attempt to get parsing info during refresh. "On-the-fly" syntax checking information may be incorrect. [/home/thagenlo/Desktop/top_ip/src/sync_detector_axis.sv:]
WARNING: [filemgmt 56-199] Attempt to get parsing info during refresh. "On-the-fly" syntax checking information may be incorrect. [/home/thagenlo/Desktop/top_ip/src/sync_detector_axis.sv:]
WARNING: [filemgmt 56-199] Attempt to get parsing info during refresh. "On-the-fly" syntax checking information may be incorrect. [/home/thagenlo/Desktop/top_ip/src/cordic.sv:]
WARNING: [filemgmt 56-199] Attempt to get parsing info during refresh. "On-the-fly" syntax checking information may be incorrect. [/home/thagenlo/Desktop/top_ip/src/sync_detector_axis.sv:]
WARNING: [filemgmt 56-199] Attempt to get parsing info during refresh. "On-the-fly" syntax checking information may be incorrect. [/home/thagenlo/Desktop/top_ip/src/video_data_decoder.sv:]
WARNING: [filemgmt 56-199] Attempt to get parsing info during refresh. "On-the-fly" syntax checking information may be incorrect. [/home/thagenlo/Desktop/top_ip/src/top.sv:]
WARNING: [filemgmt 56-199] Attempt to get parsing info during refresh. "On-the-fly" syntax checking information may be incorrect. [/home/thagenlo/Desktop/top_ip/src/top.sv:]
WARNING: [filemgmt 56-199] Attempt to get parsing info during refresh. "On-the-fly" syntax checking information may be incorrect. [/home/thagenlo/Desktop/top_ip/src/top.sv:]
WARNING: [filemgmt 56-199] Attempt to get parsing info during refresh. "On-the-fly" syntax checking information may be incorrect. [/home/thagenlo/Desktop/top_ip/src/cordic.sv:]
WARNING: [filemgmt 56-199] Attempt to get parsing info during refresh. "On-the-fly" syntax checking information may be incorrect. [/home/thagenlo/Desktop/top_ip/src/sync_detector_axis.sv:]
WARNING: [filemgmt 56-199] Attempt to get parsing info during refresh. "On-the-fly" syntax checking information may be incorrect. [/home/thagenlo/Desktop/top_ip/src/video_data_decoder.sv:]
WARNING: [filemgmt 56-199] Attempt to get parsing info during refresh. "On-the-fly" syntax checking information may be incorrect. [/home/thagenlo/Desktop/top_ip/src/top.sv:]
WARNING: [filemgmt 56-199] Attempt to get parsing info during refresh. "On-the-fly" syntax checking information may be incorrect. [/home/thagenlo/Desktop/top_ip/src/cordic.sv:]
WARNING: [filemgmt 56-199] Attempt to get parsing info during refresh. "On-the-fly" syntax checking information may be incorrect. [/home/thagenlo/Desktop/top_ip/src/cordic.sv:]
WARNING: [filemgmt 56-199] Attempt to get parsing info during refresh. "On-the-fly" syntax checking information may be incorrect. [/home/thagenlo/Desktop/top_ip/src/cordic.sv:]
WARNING: [filemgmt 56-199] Attempt to get parsing info during refresh. "On-the-fly" syntax checking information may be incorrect. [/home/thagenlo/Desktop/top_ip/src/sync_detector_axis.sv:]
WARNING: [filemgmt 56-199] Attempt to get parsing info during refresh. "On-the-fly" syntax checking information may be incorrect. [/home/thagenlo/Desktop/top_ip/src/video_data_decoder.sv:]
WARNING: [filemgmt 56-199] Attempt to get parsing info during refresh. "On-the-fly" syntax checking information may be incorrect. [/home/thagenlo/Desktop/top_ip/src/top.sv:]
WARNING: [filemgmt 56-199] Attempt to get parsing info during refresh. "On-the-fly" syntax checking information may be incorrect. [/home/thagenlo/Desktop/top_ip/src/sync_detector_axis.sv:]
WARNING: [filemgmt 56-199] Attempt to get parsing info during refresh. "On-the-fly" syntax checking information may be incorrect. [/home/thagenlo/Desktop/top_ip/src/sync_detector_axis.sv:]
update_compile_order -fileset sources_1
WARNING: [filemgmt 56-199] Attempt to get parsing info during refresh. "On-the-fly" syntax checking information may be incorrect. [/home/thagenlo/Desktop/top_ip/src/cordic.sv:]
WARNING: [filemgmt 56-199] Attempt to get parsing info during refresh. "On-the-fly" syntax checking information may be incorrect. [/home/thagenlo/Desktop/top_ip/src/sync_detector_axis.sv:]
WARNING: [filemgmt 56-199] Attempt to get parsing info during refresh. "On-the-fly" syntax checking information may be incorrect. [/home/thagenlo/Desktop/top_ip/src/video_data_decoder.sv:]
WARNING: [filemgmt 56-199] Attempt to get parsing info during refresh. "On-the-fly" syntax checking information may be incorrect. [/home/thagenlo/Desktop/top_ip/src/top.sv:]
WARNING: [filemgmt 56-199] Attempt to get parsing info during refresh. "On-the-fly" syntax checking information may be incorrect. [/home/thagenlo/Desktop/top_ip/src/video_data_decoder.sv:]
WARNING: [filemgmt 56-199] Attempt to get parsing info during refresh. "On-the-fly" syntax checking information may be incorrect. [/home/thagenlo/Desktop/top_ip/src/video_data_decoder.sv:]
WARNING: [filemgmt 56-199] Attempt to get parsing info during refresh. "On-the-fly" syntax checking information may be incorrect. [/home/thagenlo/Desktop/top_ip/src/cordic.sv:]
WARNING: [filemgmt 56-199] Attempt to get parsing info during refresh. "On-the-fly" syntax checking information may be incorrect. [/home/thagenlo/Desktop/top_ip/src/sync_detector_axis.sv:]
WARNING: [filemgmt 56-199] Attempt to get parsing info during refresh. "On-the-fly" syntax checking information may be incorrect. [/home/thagenlo/Desktop/top_ip/src/video_data_decoder.sv:]
WARNING: [filemgmt 56-199] Attempt to get parsing info during refresh. "On-the-fly" syntax checking information may be incorrect. [/home/thagenlo/Desktop/top_ip/src/top.sv:]
WARNING: [filemgmt 56-199] Attempt to get parsing info during refresh. "On-the-fly" syntax checking information may be incorrect. [/home/thagenlo/Desktop/top_ip/src/cordic.sv:]
WARNING: [filemgmt 56-199] Attempt to get parsing info during refresh. "On-the-fly" syntax checking information may be incorrect. [/home/thagenlo/Desktop/top_ip/src/cordic.sv:]
WARNING: [filemgmt 56-199] Attempt to get parsing info during refresh. "On-the-fly" syntax checking information may be incorrect. [/home/thagenlo/Desktop/top_ip/src/cordic.sv:]
WARNING: [filemgmt 56-199] Attempt to get parsing info during refresh. "On-the-fly" syntax checking information may be incorrect. [/home/thagenlo/Desktop/top_ip/src/sync_detector_axis.sv:]
WARNING: [filemgmt 56-199] Attempt to get parsing info during refresh. "On-the-fly" syntax checking information may be incorrect. [/home/thagenlo/Desktop/top_ip/src/video_data_decoder.sv:]
WARNING: [filemgmt 56-199] Attempt to get parsing info during refresh. "On-the-fly" syntax checking information may be incorrect. [/home/thagenlo/Desktop/top_ip/src/top.sv:]
WARNING: [filemgmt 56-199] Attempt to get parsing info during refresh. "On-the-fly" syntax checking information may be incorrect. [/home/thagenlo/Desktop/top_ip/src/sync_detector_axis.sv:]
WARNING: [filemgmt 56-199] Attempt to get parsing info during refresh. "On-the-fly" syntax checking information may be incorrect. [/home/thagenlo/Desktop/top_ip/src/sync_detector_axis.sv:]
WARNING: [filemgmt 56-199] Attempt to get parsing info during refresh. "On-the-fly" syntax checking information may be incorrect. [/home/thagenlo/Desktop/top_ip/src/cordic.sv:]
WARNING: [filemgmt 56-199] Attempt to get parsing info during refresh. "On-the-fly" syntax checking information may be incorrect. [/home/thagenlo/Desktop/top_ip/src/sync_detector_axis.sv:]
WARNING: [filemgmt 56-199] Attempt to get parsing info during refresh. "On-the-fly" syntax checking information may be incorrect. [/home/thagenlo/Desktop/top_ip/src/video_data_decoder.sv:]
WARNING: [filemgmt 56-199] Attempt to get parsing info during refresh. "On-the-fly" syntax checking information may be incorrect. [/home/thagenlo/Desktop/top_ip/src/top.sv:]
WARNING: [filemgmt 56-199] Attempt to get parsing info during refresh. "On-the-fly" syntax checking information may be incorrect. [/home/thagenlo/Desktop/top_ip/src/cordic.sv:]
WARNING: [filemgmt 56-199] Attempt to get parsing info during refresh. "On-the-fly" syntax checking information may be incorrect. [/home/thagenlo/Desktop/top_ip/src/cordic.sv:]
WARNING: [filemgmt 56-199] Attempt to get parsing info during refresh. "On-the-fly" syntax checking information may be incorrect. [/home/thagenlo/Desktop/top_ip/src/cordic.sv:]
WARNING: [filemgmt 56-199] Attempt to get parsing info during refresh. "On-the-fly" syntax checking information may be incorrect. [/home/thagenlo/Desktop/top_ip/src/sync_detector_axis.sv:]
WARNING: [filemgmt 56-199] Attempt to get parsing info during refresh. "On-the-fly" syntax checking information may be incorrect. [/home/thagenlo/Desktop/top_ip/src/video_data_decoder.sv:]
WARNING: [filemgmt 56-199] Attempt to get parsing info during refresh. "On-the-fly" syntax checking information may be incorrect. [/home/thagenlo/Desktop/top_ip/src/top.sv:]
WARNING: [filemgmt 56-199] Attempt to get parsing info during refresh. "On-the-fly" syntax checking information may be incorrect. [/home/thagenlo/Desktop/top_ip/src/video_data_decoder.sv:]
WARNING: [filemgmt 56-199] Attempt to get parsing info during refresh. "On-the-fly" syntax checking information may be incorrect. [/home/thagenlo/Desktop/top_ip/src/video_data_decoder.sv:]
WARNING: [filemgmt 56-199] Attempt to get parsing info during refresh. "On-the-fly" syntax checking information may be incorrect. [/home/thagenlo/Desktop/top_ip/src/cordic.sv:]
WARNING: [filemgmt 56-199] Attempt to get parsing info during refresh. "On-the-fly" syntax checking information may be incorrect. [/home/thagenlo/Desktop/top_ip/src/sync_detector_axis.sv:]
WARNING: [filemgmt 56-199] Attempt to get parsing info during refresh. "On-the-fly" syntax checking information may be incorrect. [/home/thagenlo/Desktop/top_ip/src/video_data_decoder.sv:]
WARNING: [filemgmt 56-199] Attempt to get parsing info during refresh. "On-the-fly" syntax checking information may be incorrect. [/home/thagenlo/Desktop/top_ip/src/top.sv:]
WARNING: [filemgmt 56-199] Attempt to get parsing info during refresh. "On-the-fly" syntax checking information may be incorrect. [/home/thagenlo/Desktop/top_ip/src/sync_detector_axis.sv:]
WARNING: [filemgmt 56-199] Attempt to get parsing info during refresh. "On-the-fly" syntax checking information may be incorrect. [/home/thagenlo/Desktop/top_ip/src/sync_detector_axis.sv:]
update_compile_order -fileset sources_1
WARNING: [filemgmt 56-199] Attempt to get parsing info during refresh. "On-the-fly" syntax checking information may be incorrect. [/home/thagenlo/Desktop/top_ip/src/cordic.sv:]
WARNING: [filemgmt 56-199] Attempt to get parsing info during refresh. "On-the-fly" syntax checking information may be incorrect. [/home/thagenlo/Desktop/top_ip/src/sync_detector_axis.sv:]
WARNING: [filemgmt 56-199] Attempt to get parsing info during refresh. "On-the-fly" syntax checking information may be incorrect. [/home/thagenlo/Desktop/top_ip/src/video_data_decoder.sv:]
WARNING: [filemgmt 56-199] Attempt to get parsing info during refresh. "On-the-fly" syntax checking information may be incorrect. [/home/thagenlo/Desktop/top_ip/src/top.sv:]
WARNING: [filemgmt 56-199] Attempt to get parsing info during refresh. "On-the-fly" syntax checking information may be incorrect. [/home/thagenlo/Desktop/top_ip/src/video_data_decoder.sv:]
WARNING: [filemgmt 56-199] Attempt to get parsing info during refresh. "On-the-fly" syntax checking information may be incorrect. [/home/thagenlo/Desktop/top_ip/src/video_data_decoder.sv:]
WARNING: [filemgmt 56-199] Attempt to get parsing info during refresh. "On-the-fly" syntax checking information may be incorrect. [/home/thagenlo/Desktop/top_ip/src/cordic.sv:]
WARNING: [filemgmt 56-199] Attempt to get parsing info during refresh. "On-the-fly" syntax checking information may be incorrect. [/home/thagenlo/Desktop/top_ip/src/sync_detector_axis.sv:]
WARNING: [filemgmt 56-199] Attempt to get parsing info during refresh. "On-the-fly" syntax checking information may be incorrect. [/home/thagenlo/Desktop/top_ip/src/video_data_decoder.sv:]
WARNING: [filemgmt 56-199] Attempt to get parsing info during refresh. "On-the-fly" syntax checking information may be incorrect. [/home/thagenlo/Desktop/top_ip/src/top.sv:]
WARNING: [filemgmt 56-199] Attempt to get parsing info during refresh. "On-the-fly" syntax checking information may be incorrect. [/home/thagenlo/Desktop/top_ip/src/cordic.sv:]
WARNING: [filemgmt 56-199] Attempt to get parsing info during refresh. "On-the-fly" syntax checking information may be incorrect. [/home/thagenlo/Desktop/top_ip/src/cordic.sv:]
WARNING: [filemgmt 56-199] Attempt to get parsing info during refresh. "On-the-fly" syntax checking information may be incorrect. [/home/thagenlo/Desktop/top_ip/src/cordic.sv:]
WARNING: [filemgmt 56-199] Attempt to get parsing info during refresh. "On-the-fly" syntax checking information may be incorrect. [/home/thagenlo/Desktop/top_ip/src/sync_detector_axis.sv:]
WARNING: [filemgmt 56-199] Attempt to get parsing info during refresh. "On-the-fly" syntax checking information may be incorrect. [/home/thagenlo/Desktop/top_ip/src/video_data_decoder.sv:]
WARNING: [filemgmt 56-199] Attempt to get parsing info during refresh. "On-the-fly" syntax checking information may be incorrect. [/home/thagenlo/Desktop/top_ip/src/top.sv:]
WARNING: [filemgmt 56-199] Attempt to get parsing info during refresh. "On-the-fly" syntax checking information may be incorrect. [/home/thagenlo/Desktop/top_ip/src/top.sv:]
WARNING: [filemgmt 56-199] Attempt to get parsing info during refresh. "On-the-fly" syntax checking information may be incorrect. [/home/thagenlo/Desktop/top_ip/src/top.sv:]
WARNING: [filemgmt 56-199] Attempt to get parsing info during refresh. "On-the-fly" syntax checking information may be incorrect. [/home/thagenlo/Desktop/top_ip/src/cordic.sv:]
WARNING: [filemgmt 56-199] Attempt to get parsing info during refresh. "On-the-fly" syntax checking information may be incorrect. [/home/thagenlo/Desktop/top_ip/src/sync_detector_axis.sv:]
WARNING: [filemgmt 56-199] Attempt to get parsing info during refresh. "On-the-fly" syntax checking information may be incorrect. [/home/thagenlo/Desktop/top_ip/src/video_data_decoder.sv:]
WARNING: [filemgmt 56-199] Attempt to get parsing info during refresh. "On-the-fly" syntax checking information may be incorrect. [/home/thagenlo/Desktop/top_ip/src/top.sv:]
WARNING: [filemgmt 56-199] Attempt to get parsing info during refresh. "On-the-fly" syntax checking information may be incorrect. [/home/thagenlo/Desktop/top_ip/src/top.sv:]
WARNING: [filemgmt 56-199] Attempt to get parsing info during refresh. "On-the-fly" syntax checking information may be incorrect. [/home/thagenlo/Desktop/top_ip/src/top.sv:]
WARNING: [filemgmt 56-199] Attempt to get parsing info during refresh. "On-the-fly" syntax checking information may be incorrect. [/home/thagenlo/Desktop/top_ip/src/cordic.sv:]
WARNING: [filemgmt 56-199] Attempt to get parsing info during refresh. "On-the-fly" syntax checking information may be incorrect. [/home/thagenlo/Desktop/top_ip/src/sync_detector_axis.sv:]
WARNING: [filemgmt 56-199] Attempt to get parsing info during refresh. "On-the-fly" syntax checking information may be incorrect. [/home/thagenlo/Desktop/top_ip/src/video_data_decoder.sv:]
WARNING: [filemgmt 56-199] Attempt to get parsing info during refresh. "On-the-fly" syntax checking information may be incorrect. [/home/thagenlo/Desktop/top_ip/src/top.sv:]
WARNING: [filemgmt 56-199] Attempt to get parsing info during refresh. "On-the-fly" syntax checking information may be incorrect. [/home/thagenlo/Desktop/top_ip/src/sync_detector_axis.sv:]
WARNING: [filemgmt 56-199] Attempt to get parsing info during refresh. "On-the-fly" syntax checking information may be incorrect. [/home/thagenlo/Desktop/top_ip/src/sync_detector_axis.sv:]
WARNING: [filemgmt 56-199] Attempt to get parsing info during refresh. "On-the-fly" syntax checking information may be incorrect. [/home/thagenlo/Desktop/top_ip/src/cordic.sv:]
WARNING: [filemgmt 56-199] Attempt to get parsing info during refresh. "On-the-fly" syntax checking information may be incorrect. [/home/thagenlo/Desktop/top_ip/src/sync_detector_axis.sv:]
WARNING: [filemgmt 56-199] Attempt to get parsing info during refresh. "On-the-fly" syntax checking information may be incorrect. [/home/thagenlo/Desktop/top_ip/src/video_data_decoder.sv:]
WARNING: [filemgmt 56-199] Attempt to get parsing info during refresh. "On-the-fly" syntax checking information may be incorrect. [/home/thagenlo/Desktop/top_ip/src/top.sv:]
WARNING: [filemgmt 56-199] Attempt to get parsing info during refresh. "On-the-fly" syntax checking information may be incorrect. [/home/thagenlo/Desktop/top_ip/src/cordic.sv:]
WARNING: [filemgmt 56-199] Attempt to get parsing info during refresh. "On-the-fly" syntax checking information may be incorrect. [/home/thagenlo/Desktop/top_ip/src/cordic.sv:]
ipx::merge_project_changes files [ipx::current_core]
ipx::merge_project_changes hdl_parameters [ipx::current_core]
WARNING: [IP_Flow 19-5101] Packaging a component with a SystemVerilog top file is not fully supported. Please refer to UG1118 'Creating and Packaging Custom IP'.
ipx::update_checksums [ipx::current_core]
ipx::save_core [ipx::current_core]
WARNING: [filemgmt 56-199] Attempt to get parsing info during refresh. "On-the-fly" syntax checking information may be incorrect. [/home/thagenlo/Desktop/top_ip/src/cordic.sv:]
WARNING: [filemgmt 56-199] Attempt to get parsing info during refresh. "On-the-fly" syntax checking information may be incorrect. [/home/thagenlo/Desktop/top_ip/src/sync_detector_axis.sv:]
WARNING: [filemgmt 56-199] Attempt to get parsing info during refresh. "On-the-fly" syntax checking information may be incorrect. [/home/thagenlo/Desktop/top_ip/src/video_data_decoder.sv:]
WARNING: [filemgmt 56-199] Attempt to get parsing info during refresh. "On-the-fly" syntax checking information may be incorrect. [/home/thagenlo/Desktop/top_ip/src/top.sv:]
WARNING: [filemgmt 56-199] Attempt to get parsing info during refresh. "On-the-fly" syntax checking information may be incorrect. [/home/thagenlo/Desktop/top_ip/src/top.sv:]
WARNING: [filemgmt 56-199] Attempt to get parsing info during refresh. "On-the-fly" syntax checking information may be incorrect. [/home/thagenlo/Desktop/top_ip/src/top.sv:]
WARNING: [filemgmt 56-199] Attempt to get parsing info during refresh. "On-the-fly" syntax checking information may be incorrect. [/home/thagenlo/Desktop/top_ip/src/cordic.sv:]
WARNING: [filemgmt 56-199] Attempt to get parsing info during refresh. "On-the-fly" syntax checking information may be incorrect. [/home/thagenlo/Desktop/top_ip/src/sync_detector_axis.sv:]
WARNING: [filemgmt 56-199] Attempt to get parsing info during refresh. "On-the-fly" syntax checking information may be incorrect. [/home/thagenlo/Desktop/top_ip/src/video_data_decoder.sv:]
WARNING: [filemgmt 56-199] Attempt to get parsing info during refresh. "On-the-fly" syntax checking information may be incorrect. [/home/thagenlo/Desktop/top_ip/src/top.sv:]
WARNING: [filemgmt 56-199] Attempt to get parsing info during refresh. "On-the-fly" syntax checking information may be incorrect. [/home/thagenlo/Desktop/top_ip/src/cordic.sv:]
WARNING: [filemgmt 56-199] Attempt to get parsing info during refresh. "On-the-fly" syntax checking information may be incorrect. [/home/thagenlo/Desktop/top_ip/src/cordic.sv:]
WARNING: [filemgmt 56-199] Attempt to get parsing info during refresh. "On-the-fly" syntax checking information may be incorrect. [/home/thagenlo/Desktop/top_ip/src/cordic.sv:]
WARNING: [filemgmt 56-199] Attempt to get parsing info during refresh. "On-the-fly" syntax checking information may be incorrect. [/home/thagenlo/Desktop/top_ip/src/sync_detector_axis.sv:]
WARNING: [filemgmt 56-199] Attempt to get parsing info during refresh. "On-the-fly" syntax checking information may be incorrect. [/home/thagenlo/Desktop/top_ip/src/video_data_decoder.sv:]
WARNING: [filemgmt 56-199] Attempt to get parsing info during refresh. "On-the-fly" syntax checking information may be incorrect. [/home/thagenlo/Desktop/top_ip/src/top.sv:]
WARNING: [filemgmt 56-199] Attempt to get parsing info during refresh. "On-the-fly" syntax checking information may be incorrect. [/home/thagenlo/Desktop/top_ip/src/sync_detector_axis.sv:]
WARNING: [filemgmt 56-199] Attempt to get parsing info during refresh. "On-the-fly" syntax checking information may be incorrect. [/home/thagenlo/Desktop/top_ip/src/sync_detector_axis.sv:]
set_property core_revision 4 [ipx::current_core]
ipx::update_source_project_archive -component [ipx::current_core]
ipx::create_xgui_files [ipx::current_core]
ipx::update_checksums [ipx::current_core]
ipx::check_integrity [ipx::current_core]
WARNING: [IP_Flow 19-11888] Component Definition 'user.org:user:top:1.0 (top_v1_0)': IP description "top_v1_0" is not meaningful: too short
WARNING: [IP_Flow 19-11770] Clock interface 'm00_axis_aclk' has no FREQ_HZ parameter.
WARNING: [IP_Flow 19-11770] Clock interface 's00_axis_aclk' has no FREQ_HZ parameter.
INFO: [IP_Flow 19-2181] Payment is not required for this core.
WARNING: [IP_Flow 19-2187] The Product Guide file is missing.
INFO: [Ipptcl 7-1486] check_integrity: Integrity check passed.
ipx::save_core [ipx::current_core]
ipx::move_temp_component_back -component [ipx::current_core]
close_project -delete
update_ip_catalog -rebuild -repo_path /home/thagenlo/Desktop/top_ip
INFO: [IP_Flow 19-725] Reloaded user IP repository '/home/thagenlo/Desktop/top_ip'
report_ip_status -name ip_status 
upgrade_ip -vlnv user.org:user:top:1.0 [get_ips  design_1_top_0_0] -log ip_upgrade.log
Upgrading '/home/thagenlo/Desktop/rfsoc_proj_NEW.xpr/rfsoc_proj/rfsoc_proj.srcs/sources_1/bd/design_1/design_1.bd'
INFO: [IP_Flow 19-3422] Upgraded design_1_top_0_0 (top_v1_0 1.0) from revision 3 to revision 4
Wrote  : </home/thagenlo/Desktop/rfsoc_proj_NEW.xpr/rfsoc_proj/rfsoc_proj.srcs/sources_1/bd/design_1/design_1.bd> 
Wrote  : </home/thagenlo/Desktop/rfsoc_proj_NEW.xpr/rfsoc_proj/rfsoc_proj.srcs/sources_1/bd/design_1/ui/bd_1f5defd0.ui> 
INFO: [Coretcl 2-1525] Wrote upgrade log to '/home/thagenlo/Desktop/rfsoc_proj_NEW.xpr/rfsoc_proj/ip_upgrade.log'.
export_ip_user_files -of_objects [get_ips design_1_top_0_0] -no_script -sync -force -quiet
generate_target all [get_files  /home/thagenlo/Desktop/rfsoc_proj_NEW.xpr/rfsoc_proj/rfsoc_proj.srcs/sources_1/bd/design_1/design_1.bd]
WARNING: [BD 41-1629] Slave segment </zynq_ultra_ps_e_0/SAXIGP2/HP0_LPS_OCM> is excluded from all addressing paths.
WARNING: [BD 41-1629] Slave segment </zynq_ultra_ps_e_0/SAXIGP2/HP0_DDR_HIGH> is excluded from all addressing paths.
WARNING: [BD 41-3281] Instance '/axi_dma_0' is connected on both sides by SmartConnects and cannot automatically configure itself to match the endpoints. Please manually configure its AXI interfaces as required for the design.
WARNING: [BD 41-3281] Instance '/zynq_ultra_ps_e_0' is connected on both sides by SmartConnects and cannot automatically configure itself to match the endpoints. Please manually configure its AXI interfaces as required for the design.
Excluding slave segment /zynq_ultra_ps_e_0/SAXIGP2/HP0_DDR_HIGH from address space /axi_dma_0/Data_S2MM.
Excluding slave segment /zynq_ultra_ps_e_0/SAXIGP2/HP0_LPS_OCM from address space /axi_dma_0/Data_S2MM.
Excluding slave segment /zynq_ultra_ps_e_0/SAXIGP2/HP0_DDR_HIGH from address space /axi_dma_0/Data_S2MM.
Excluding slave segment /zynq_ultra_ps_e_0/SAXIGP2/HP0_LPS_OCM from address space /axi_dma_0/Data_S2MM.
Excluding slave segment /zynq_ultra_ps_e_0/SAXIGP2/HP0_DDR_HIGH from address space /axi_dma_0/Data_S2MM.
Excluding slave segment /zynq_ultra_ps_e_0/SAXIGP2/HP0_LPS_OCM from address space /axi_dma_0/Data_S2MM.
Excluding slave segment /zynq_ultra_ps_e_0/SAXIGP2/HP0_DDR_HIGH from address space /axi_dma_0/Data_S2MM.
Excluding slave segment /zynq_ultra_ps_e_0/SAXIGP2/HP0_LPS_OCM from address space /axi_dma_0/Data_S2MM.
INFO: [BD 5-943] Reserving offset range <0xA000_0000 [ 64K ]> from slave interface '/axi_smc/S00_AXI' to master interface '/axi_smc/M00_AXI'. This will be used by smartconnect on path for routing.
INFO: [BD 5-943] Reserving offset range <0xA004_0000 [ 256K ]> from slave interface '/axi_smc/S00_AXI' to master interface '/axi_smc/M01_AXI'. This will be used by smartconnect on path for routing.
INFO: [BD 5-943] Reserving offset range <0xA001_0000 [ 64K ]> from slave interface '/axi_smc/S00_AXI' to master interface '/axi_smc/M02_AXI'. This will be used by smartconnect on path for routing.
INFO: [xilinx.com:ip:smartconnect:1.0-1] design_1_axi_smc_0: SmartConnect design_1_axi_smc_0 is in Low-Area Mode.
INFO: [BD 5-943] Reserving offset range <0x0000_0000 [ 2G ]> from slave interface '/axi_smc_1/S00_AXI' to master interface '/axi_smc_1/M00_AXI'. This will be used by smartconnect on path for routing.
INFO: [xilinx.com:ip:smartconnect:1.0-1] design_1_axi_smc_1_0: SmartConnect design_1_axi_smc_1_0 is in High-performance Mode.
Excluding slave segment /zynq_ultra_ps_e_0/SAXIGP2/HP0_DDR_HIGH from address space /axi_dma_0/Data_S2MM.
Excluding slave segment /zynq_ultra_ps_e_0/SAXIGP2/HP0_LPS_OCM from address space /axi_dma_0/Data_S2MM.
Excluding slave segment /zynq_ultra_ps_e_0/SAXIGP2/HP0_DDR_HIGH from address space /axi_dma_0/Data_S2MM.
Excluding slave segment /zynq_ultra_ps_e_0/SAXIGP2/HP0_LPS_OCM from address space /axi_dma_0/Data_S2MM.
INFO: [xilinx.com:ip:cic_compiler:4.0-913] /cic_compiler_0 Input_Data_Width has been set to manual on the GUI. It will not be updated during validation with a propagated value.
INFO: [xilinx.com:ip:fir_compiler:7.2-308] /fir_compiler_1 S_AXIS_DATA-TDATA: Validating field: chan_0_path_0(16:0): fix16_0 against /cic_compiler_1 M_AXIS_DATA-TDATA: chan_0(16:0): fix16_0.
INFO: [xilinx.com:ip:cic_compiler:4.0-913] /cic_compiler_1 Input_Data_Width has been set to manual on the GUI. It will not be updated during validation with a propagated value.
INFO: [xilinx.com:ip:fir_compiler:7.2-308] /fir_compiler_0 S_AXIS_DATA-TDATA: Validating field: chan_0_path_0(16:0): fix16_0 against /cic_compiler_0 M_AXIS_DATA-TDATA: chan_0(16:0): fix16_0.
WARNING: [BD 41-237] Bus Interface property AWUSER_WIDTH does not match between /zynq_ultra_ps_e_0/S_AXI_HP0_FPD(1) and /axi_smc_1/M00_AXI(0)
WARNING: [BD 41-237] Bus Interface property ARUSER_WIDTH does not match between /zynq_ultra_ps_e_0/S_AXI_HP0_FPD(1) and /axi_smc_1/M00_AXI(0)
WARNING: [BD 41-2671] The dangling interface net <m00_aw_node_M_AXIS_ARB> will not be written out to the BD file.
WARNING: [BD 41-2671] The dangling interface net <m01_aw_node_M_AXIS_ARB> will not be written out to the BD file.
WARNING: [BD 41-2671] The dangling interface net <m02_aw_node_M_AXIS_ARB> will not be written out to the BD file.
Wrote  : </home/thagenlo/Desktop/rfsoc_proj_NEW.xpr/rfsoc_proj/rfsoc_proj.srcs/sources_1/bd/design_1/design_1.bd> 
Verilog Output written to : /home/thagenlo/Desktop/rfsoc_proj_NEW.xpr/rfsoc_proj/rfsoc_proj.gen/sources_1/bd/design_1/synth/design_1.v
Verilog Output written to : /home/thagenlo/Desktop/rfsoc_proj_NEW.xpr/rfsoc_proj/rfsoc_proj.gen/sources_1/bd/design_1/sim/design_1.v
Verilog Output written to : /home/thagenlo/Desktop/rfsoc_proj_NEW.xpr/rfsoc_proj/rfsoc_proj.gen/sources_1/bd/design_1/hdl/design_1_wrapper.v
Exporting to file /home/thagenlo/Desktop/rfsoc_proj_NEW.xpr/rfsoc_proj/rfsoc_proj.gen/sources_1/bd/design_1/ip/design_1_axi_smc_0/bd_0/hw_handoff/design_1_axi_smc_0.hwh
Generated Hardware Definition File /home/thagenlo/Desktop/rfsoc_proj_NEW.xpr/rfsoc_proj/rfsoc_proj.gen/sources_1/bd/design_1/ip/design_1_axi_smc_0/bd_0/synth/design_1_axi_smc_0.hwdef
INFO: [BD 41-1029] Generation completed for the IP Integrator block axi_smc .
Exporting to file /home/thagenlo/Desktop/rfsoc_proj_NEW.xpr/rfsoc_proj/rfsoc_proj.gen/sources_1/bd/design_1/ip/design_1_axi_smc_1_0/bd_0/hw_handoff/design_1_axi_smc_1_0.hwh
Generated Hardware Definition File /home/thagenlo/Desktop/rfsoc_proj_NEW.xpr/rfsoc_proj/rfsoc_proj.gen/sources_1/bd/design_1/ip/design_1_axi_smc_1_0/bd_0/synth/design_1_axi_smc_1_0.hwdef
INFO: [BD 41-1029] Generation completed for the IP Integrator block axi_smc_1 .
INFO: [BD 41-1029] Generation completed for the IP Integrator block top_0 .
Exporting to file /home/thagenlo/Desktop/rfsoc_proj_NEW.xpr/rfsoc_proj/rfsoc_proj.gen/sources_1/bd/design_1/hw_handoff/design_1.hwh
Generated Hardware Definition File /home/thagenlo/Desktop/rfsoc_proj_NEW.xpr/rfsoc_proj/rfsoc_proj.gen/sources_1/bd/design_1/synth/design_1.hwdef
generate_target: Time (s): cpu = 00:00:24 ; elapsed = 00:00:23 . Memory (MB): peak = 15974.980 ; gain = 0.000 ; free physical = 6341 ; free virtual = 11515
catch { config_ip_cache -export [get_ips -all design_1_axi_smc_0] }
INFO: [IP_Flow 19-4993] Using cached IP synthesis design for IP design_1_axi_smc_0, cache-ID = c3f79869b6e1fe1e; cache size = 117.500 MB.
catch { config_ip_cache -export [get_ips -all design_1_axi_smc_1_0] }
INFO: [IP_Flow 19-4993] Using cached IP synthesis design for IP design_1_axi_smc_1_0, cache-ID = e93bc6a3389c4536; cache size = 117.500 MB.
catch { config_ip_cache -export [get_ips -all design_1_top_0_0] }
export_ip_user_files -of_objects [get_files /home/thagenlo/Desktop/rfsoc_proj_NEW.xpr/rfsoc_proj/rfsoc_proj.srcs/sources_1/bd/design_1/design_1.bd] -no_script -sync -force -quiet
create_ip_run [get_files -of_objects [get_fileset sources_1] /home/thagenlo/Desktop/rfsoc_proj_NEW.xpr/rfsoc_proj/rfsoc_proj.srcs/sources_1/bd/design_1/design_1.bd]
launch_runs design_1_top_0_0_synth_1 -jobs 8
[Tue Dec  9 17:15:37 2025] Launched design_1_top_0_0_synth_1...
Run output will be captured here: /home/thagenlo/Desktop/rfsoc_proj_NEW.xpr/rfsoc_proj/rfsoc_proj.runs/design_1_top_0_0_synth_1/runme.log
export_simulation -lib_map_path [list {modelsim=/home/thagenlo/Desktop/rfsoc_proj_NEW.xpr/rfsoc_proj/rfsoc_proj.cache/compile_simlib/modelsim} {questa=/home/thagenlo/Desktop/rfsoc_proj_NEW.xpr/rfsoc_proj/rfsoc_proj.cache/compile_simlib/questa} {xcelium=/home/thagenlo/Desktop/rfsoc_proj_NEW.xpr/rfsoc_proj/rfsoc_proj.cache/compile_simlib/xcelium} {vcs=/home/thagenlo/Desktop/rfsoc_proj_NEW.xpr/rfsoc_proj/rfsoc_proj.cache/compile_simlib/vcs} {riviera=/home/thagenlo/Desktop/rfsoc_proj_NEW.xpr/rfsoc_proj/rfsoc_proj.cache/compile_simlib/riviera}] -of_objects [get_files /home/thagenlo/Desktop/rfsoc_proj_NEW.xpr/rfsoc_proj/rfsoc_proj.srcs/sources_1/bd/design_1/design_1.bd] -directory /home/thagenlo/Desktop/rfsoc_proj_NEW.xpr/rfsoc_proj/rfsoc_proj.ip_user_files/sim_scripts -ip_user_files_dir /home/thagenlo/Desktop/rfsoc_proj_NEW.xpr/rfsoc_proj/rfsoc_proj.ip_user_files -ipstatic_source_dir /home/thagenlo/Desktop/rfsoc_proj_NEW.xpr/rfsoc_proj/rfsoc_proj.ip_user_files/ipstatic -use_ip_compiled_libs -force -quiet
report_ip_status -name ip_status 
reset_run synth_1
INFO: [Project 1-1161] Replacing file /home/thagenlo/Desktop/rfsoc_proj_NEW.xpr/rfsoc_proj/rfsoc_proj.srcs/utils_1/imports/synth_1/design_1_wrapper.dcp with file /home/thagenlo/Desktop/rfsoc_proj_NEW.xpr/rfsoc_proj/rfsoc_proj.runs/synth_1/design_1_wrapper.dcp
launch_runs synth_1 -jobs 8
[Tue Dec  9 17:24:27 2025] Launched synth_1...
Run output will be captured here: /home/thagenlo/Desktop/rfsoc_proj_NEW.xpr/rfsoc_proj/rfsoc_proj.runs/synth_1/runme.log
launch_runs impl_1 -to_step write_bitstream -jobs 8
[Tue Dec  9 17:26:01 2025] Launched impl_1...
Run output will be captured here: /home/thagenlo/Desktop/rfsoc_proj_NEW.xpr/rfsoc_proj/rfsoc_proj.runs/impl_1/runme.log
create_ip_run [get_files -of_objects [get_fileset sources_1] /home/thagenlo/Desktop/rfsoc_proj_NEW.xpr/rfsoc_proj/rfsoc_proj.srcs/sources_1/bd/design_1/design_1.bd]
refresh_design
Netlist sorting complete. Time (s): cpu = 00:00:00.35 ; elapsed = 00:00:00.35 . Memory (MB): peak = 15995.895 ; gain = 0.000 ; free physical = 6863 ; free virtual = 11748
INFO: [Netlist 29-17] Analyzing 731 Unisim elements for replacement
INFO: [Netlist 29-28] Unisim Transformation completed in 0 CPU seconds
INFO: [Project 1-479] Netlist was created with Vivado 2025.1
INFO: [Project 1-570] Preparing netlist for logic optimization
Read ShapeDB Complete: Time (s): cpu = 00:00:00.03 ; elapsed = 00:00:00.04 . Memory (MB): peak = 15995.895 ; gain = 0.000 ; free physical = 6867 ; free virtual = 11752
INFO: [Timing 38-478] Restoring timing data from binary archive.
INFO: [Timing 38-479] Binary timing data restore complete.
INFO: [Project 1-856] Restoring constraints from binary archive.
INFO: [Project 1-853] Binary constraint restore complete.
INFO: [Designutils 20-5722] Start Reading Physical Databases.
Reading placement.
Read Netlist Cache: Time (s): cpu = 00:00:00.06 ; elapsed = 00:00:00.02 . Memory (MB): peak = 15995.895 ; gain = 0.000 ; free physical = 6863 ; free virtual = 11749
Reading placer database...
Read Device Cache: Time (s): cpu = 00:00:00.03 ; elapsed = 00:00:00.03 . Memory (MB): peak = 15995.895 ; gain = 0.000 ; free physical = 6863 ; free virtual = 11749
Read PlaceDB: Time (s): cpu = 00:00:01 ; elapsed = 00:00:01 . Memory (MB): peak = 15995.895 ; gain = 0.000 ; free physical = 6864 ; free virtual = 11750
Read PulsedLatchDB: Time (s): cpu = 00:00:00 ; elapsed = 00:00:00 . Memory (MB): peak = 15995.895 ; gain = 0.000 ; free physical = 6864 ; free virtual = 11750
Reading routing.
Read RouteStorage: Time (s): cpu = 00:00:04 ; elapsed = 00:00:03 . Memory (MB): peak = 15995.895 ; gain = 0.000 ; free physical = 6863 ; free virtual = 11748
Read Physdb Files: Time (s): cpu = 00:00:05 ; elapsed = 00:00:04 . Memory (MB): peak = 15995.895 ; gain = 0.000 ; free physical = 6863 ; free virtual = 11748
Restored from archive | CPU: 5.050000 secs | Memory: 290.201591 MB |
Finished XDEF File Restore: Time (s): cpu = 00:00:05 ; elapsed = 00:00:04 . Memory (MB): peak = 15995.895 ; gain = 0.000 ; free physical = 6868 ; free virtual = 11754
refresh_design: Time (s): cpu = 00:00:26 ; elapsed = 00:00:20 . Memory (MB): peak = 15995.895 ; gain = 0.000 ; free physical = 6735 ; free virtual = 11652
CRITICAL WARNING: [Timing 38-282] The design failed to meet the timing requirements. Please see the timing summary report for details on the timing violations.
WARNING: [Timing 38-436] There are set_bus_skew constraint(s) in this design. Please run report_bus_skew to ensure that bus skew requirements are met.
open_bd_design {/home/thagenlo/Desktop/rfsoc_proj_NEW.xpr/rfsoc_proj/rfsoc_proj.srcs/sources_1/bd/design_1/design_1.bd}
ipx::edit_ip_in_project -upgrade true -name top_v1_0_project -directory /home/thagenlo/Desktop/rfsoc_proj_NEW.xpr/rfsoc_proj/rfsoc_proj.tmp/top_v1_0_project /home/thagenlo/Desktop/top_ip/component.xml
INFO: [IP_Flow 19-234] Refreshing IP repositories
INFO: [IP_Flow 19-1704] No user IP repositories specified
INFO: [IP_Flow 19-2313] Loaded Vivado IP repository '/tools/Xilinx/2025.1/Vivado/data/ip'.
WARNING: [Board 49-26] cannot add Board Part xilinx.com:emb-plus-vpr-4616:part0:1.0 available at /tools/Xilinx/2025.1/data/xhub/boards/XilinxBoardStore/boards/Xilinx/emb-plus-vpr-4616/1.0/board.xml as part xcve2302-sfva784-2mp-e-s specified in board_part file is either invalid or not available
WARNING: [Board 49-26] cannot add Board Part xilinx.com:emb-plus-vpr-4616:part0:1.1 available at /tools/Xilinx/2025.1/data/xhub/boards/XilinxBoardStore/boards/Xilinx/emb-plus-vpr-4616/1.1/board.xml as part xcve2302-sfva784-2mp-e-s specified in board_part file is either invalid or not available
WARNING: [Board 49-26] cannot add Board Part xilinx.com:v80:part0:1.0 available at /tools/Xilinx/2025.1/data/xhub/boards/XilinxBoardStore/boards/Xilinx/v80/1.0/board.xml as part xcv80-lsva4737-2mhp-e-s specified in board_part file is either invalid or not available
WARNING: [Board 49-26] cannot add Board Part xilinx.com:vck190:part0:2.2 available at /tools/Xilinx/2025.1/data/xhub/boards/XilinxBoardStore/boards/Xilinx/vck190/production/2.2/board.xml as part xcvc1902-vsva2197-2mp-e-s specified in board_part file is either invalid or not available
WARNING: [Board 49-26] cannot add Board Part xilinx.com:vck190:part0:3.0 available at /tools/Xilinx/2025.1/data/xhub/boards/XilinxBoardStore/boards/Xilinx/vck190/production/3.0/board.xml as part xcvc1902-vsva2197-2mp-e-s specified in board_part file is either invalid or not available
WARNING: [Board 49-26] cannot add Board Part xilinx.com:vck190:part0:3.1 available at /tools/Xilinx/2025.1/data/xhub/boards/XilinxBoardStore/boards/Xilinx/vck190/production/3.1/board.xml as part xcvc1902-vsva2197-2mp-e-s specified in board_part file is either invalid or not available
WARNING: [Board 49-26] cannot add Board Part xilinx.com:vck190:part0:3.2 available at /tools/Xilinx/2025.1/data/xhub/boards/XilinxBoardStore/boards/Xilinx/vck190/production/3.2/board.xml as part xcvc1902-vsva2197-2mp-e-s specified in board_part file is either invalid or not available
WARNING: [Board 49-26] cannot add Board Part xilinx.com:vck190:part0:3.3 available at /tools/Xilinx/2025.1/data/xhub/boards/XilinxBoardStore/boards/Xilinx/vck190/production/3.3/board.xml as part xcvc1902-vsva2197-2mp-e-s specified in board_part file is either invalid or not available
WARNING: [Board 49-26] cannot add Board Part xilinx.com:vck190:part0:3.4 available at /tools/Xilinx/2025.1/data/xhub/boards/XilinxBoardStore/boards/Xilinx/vck190/production/3.4/board.xml as part xcvc1902-vsva2197-2mp-e-s specified in board_part file is either invalid or not available
WARNING: [Board 49-26] cannot add Board Part xilinx.com:vck190_newl:part0:1.0 available at /tools/Xilinx/2025.1/data/xhub/boards/XilinxBoardStore/boards/Xilinx/vck190_newl/production/1.0/board.xml as part xcvc1902-vsva2197-2mp-e-s specified in board_part file is either invalid or not available
WARNING: [Board 49-26] cannot add Board Part xilinx.com:vck190_newl:part0:1.1 available at /tools/Xilinx/2025.1/data/xhub/boards/XilinxBoardStore/boards/Xilinx/vck190_newl/production/1.1/board.xml as part xcvc1902-vsva2197-2mp-e-s specified in board_part file is either invalid or not available
WARNING: [Board 49-26] cannot add Board Part xilinx.com:vck190_newl:part0:1.2 available at /tools/Xilinx/2025.1/data/xhub/boards/XilinxBoardStore/boards/Xilinx/vck190_newl/production/1.2/board.xml as part xcvc1902-vsva2197-2mp-e-s specified in board_part file is either invalid or not available
WARNING: [Board 49-26] cannot add Board Part xilinx.com:vck190_newl:part0:1.3 available at /tools/Xilinx/2025.1/data/xhub/boards/XilinxBoardStore/boards/Xilinx/vck190_newl/production/1.3/board.xml as part xcvc1902-vsva2197-2mp-e-s specified in board_part file is either invalid or not available
WARNING: [Board 49-26] cannot add Board Part xilinx.com:vek280:part0:1.0 available at /tools/Xilinx/2025.1/data/xhub/boards/XilinxBoardStore/boards/Xilinx/vek280/production/1.0/board.xml as part xcve2802-vsvh1760-2mp-e-s specified in board_part file is either invalid or not available
WARNING: [Board 49-26] cannot add Board Part xilinx.com:vek280:part0:1.1 available at /tools/Xilinx/2025.1/data/xhub/boards/XilinxBoardStore/boards/Xilinx/vek280/production/1.1/board.xml as part xcve2802-vsvh1760-2mp-e-s specified in board_part file is either invalid or not available
WARNING: [Board 49-26] cannot add Board Part xilinx.com:vek280:part0:1.2 available at /tools/Xilinx/2025.1/data/xhub/boards/XilinxBoardStore/boards/Xilinx/vek280/production/1.2/board.xml as part xcve2802-vsvh1760-2mp-e-s specified in board_part file is either invalid or not available
WARNING: [Board 49-26] cannot add Board Part xilinx.com:vek385:part0:1.0 available at /tools/Xilinx/2025.1/data/xhub/boards/XilinxBoardStore/boards/Xilinx/vek385/1.0/board.xml as part xc2ve3858-ssva2112-2mp-e-s specified in board_part file is either invalid or not available
WARNING: [Board 49-26] cannot add Board Part xilinx.com:vhk158:part0:1.0 available at /tools/Xilinx/2025.1/data/xhub/boards/XilinxBoardStore/boards/Xilinx/vhk158/production/1.0/board.xml as part xcvh1582-vsva3697-2mp-e-s specified in board_part file is either invalid or not available
WARNING: [Board 49-26] cannot add Board Part xilinx.com:vhk158:part0:1.1 available at /tools/Xilinx/2025.1/data/xhub/boards/XilinxBoardStore/boards/Xilinx/vhk158/production/1.1/board.xml as part xcvh1582-vsva3697-2mp-e-s specified in board_part file is either invalid or not available
WARNING: [Board 49-26] cannot add Board Part xilinx.com:vhk158:part0:1.2 available at /tools/Xilinx/2025.1/data/xhub/boards/XilinxBoardStore/boards/Xilinx/vhk158/production/1.2/board.xml as part xcvh1582-vsva3697-2mp-e-s specified in board_part file is either invalid or not available
WARNING: [Board 49-26] cannot add Board Part xilinx.com:vmk180:part0:2.2 available at /tools/Xilinx/2025.1/data/xhub/boards/XilinxBoardStore/boards/Xilinx/vmk180/production/2.2/board.xml as part xcvm1802-vsva2197-2mp-e-s specified in board_part file is either invalid or not available
WARNING: [Board 49-26] cannot add Board Part xilinx.com:vmk180:part0:3.0 available at /tools/Xilinx/2025.1/data/xhub/boards/XilinxBoardStore/boards/Xilinx/vmk180/production/3.0/board.xml as part xcvm1802-vsva2197-2mp-e-s specified in board_part file is either invalid or not available
WARNING: [Board 49-26] cannot add Board Part xilinx.com:vmk180:part0:3.1 available at /tools/Xilinx/2025.1/data/xhub/boards/XilinxBoardStore/boards/Xilinx/vmk180/production/3.1/board.xml as part xcvm1802-vsva2197-2mp-e-s specified in board_part file is either invalid or not available
WARNING: [Board 49-26] cannot add Board Part xilinx.com:vmk180:part0:3.2 available at /tools/Xilinx/2025.1/data/xhub/boards/XilinxBoardStore/boards/Xilinx/vmk180/production/3.2/board.xml as part xcvm1802-vsva2197-2mp-e-s specified in board_part file is either invalid or not available
WARNING: [Board 49-26] cannot add Board Part xilinx.com:vmk180:part0:3.3 available at /tools/Xilinx/2025.1/data/xhub/boards/XilinxBoardStore/boards/Xilinx/vmk180/production/3.3/board.xml as part xcvm1802-vsva2197-2mp-e-s specified in board_part file is either invalid or not available
WARNING: [Board 49-26] cannot add Board Part xilinx.com:vmk180_newl:part0:1.0 available at /tools/Xilinx/2025.1/data/xhub/boards/XilinxBoardStore/boards/Xilinx/vmk180_newl/production/1.0/board.xml as part xcvm1802-vsva2197-2mp-e-s specified in board_part file is either invalid or not available
WARNING: [Board 49-26] cannot add Board Part xilinx.com:vmk180_newl:part0:1.1 available at /tools/Xilinx/2025.1/data/xhub/boards/XilinxBoardStore/boards/Xilinx/vmk180_newl/production/1.1/board.xml as part xcvm1802-vsva2197-2mp-e-s specified in board_part file is either invalid or not available
WARNING: [Board 49-26] cannot add Board Part xilinx.com:vpk120:part0:1.0 available at /tools/Xilinx/2025.1/data/xhub/boards/XilinxBoardStore/boards/Xilinx/vpk120/production/1.0/board.xml as part xcvp1202-vsva2785-2mp-e-s specified in board_part file is either invalid or not available
WARNING: [Board 49-26] cannot add Board Part xilinx.com:vpk120:part0:1.1 available at /tools/Xilinx/2025.1/data/xhub/boards/XilinxBoardStore/boards/Xilinx/vpk120/production/1.1/board.xml as part xcvp1202-vsva2785-2mp-e-s specified in board_part file is either invalid or not available
WARNING: [Board 49-26] cannot add Board Part xilinx.com:vpk120:part0:1.2 available at /tools/Xilinx/2025.1/data/xhub/boards/XilinxBoardStore/boards/Xilinx/vpk120/production/1.2/board.xml as part xcvp1202-vsva2785-2mp-e-s specified in board_part file is either invalid or not available
WARNING: [Board 49-26] cannot add Board Part xilinx.com:vpk180:part0:1.0 available at /tools/Xilinx/2025.1/data/xhub/boards/XilinxBoardStore/boards/Xilinx/vpk180/production/1.0/board.xml as part xcvp1802-lsvc4072-2mp-e-s specified in board_part file is either invalid or not available
WARNING: [Board 49-26] cannot add Board Part xilinx.com:vpk180:part0:1.1 available at /tools/Xilinx/2025.1/data/xhub/boards/XilinxBoardStore/boards/Xilinx/vpk180/production/1.1/board.xml as part xcvp1802-lsvc4072-2mp-e-s specified in board_part file is either invalid or not available
WARNING: [Board 49-26] cannot add Board Part xilinx.com:vpk180:part0:1.2 available at /tools/Xilinx/2025.1/data/xhub/boards/XilinxBoardStore/boards/Xilinx/vpk180/production/1.2/board.xml as part xcvp1802-lsvc4072-2mp-e-s specified in board_part file is either invalid or not available
WARNING: [Board 49-26] cannot add Board Part xilinx.com:zcu208ld:part0:2.0 available at /tools/Xilinx/2025.1/data/xhub/boards/XilinxBoardStore/boards/Xilinx/zcu208ld/production/2.0/board.xml as part xczu58dr-fsvg1517-2-i specified in board_part file is either invalid or not available
WARNING: [Board 49-26] cannot add Board Part xilinx.com:zcu216ld:part0:2.0 available at /tools/Xilinx/2025.1/data/xhub/boards/XilinxBoardStore/boards/Xilinx/zcu216ld/production/2.0/board.xml as part xczu59dr-ffvf1760-2-i specified in board_part file is either invalid or not available
WARNING: [Board 49-26] cannot add Board Part xilinx.com:zcu670ld:part0:1.0 available at /tools/Xilinx/2025.1/data/xhub/boards/XilinxBoardStore/boards/Xilinx/zcu670ld/1.0/board.xml as part xczu57dr-fsve1156-2-i specified in board_part file is either invalid or not available
INFO: [IP_Flow 19-234] Refreshing IP repositories
INFO: [IP_Flow 19-1700] Loaded user IP repository '/home/thagenlo/Desktop/rfsoc_proj_NEW.xpr/rfsoc_proj/rfsoc_proj.ipdefs/iq_framer_1_0'.
INFO: [IP_Flow 19-1700] Loaded user IP repository '/home/thagenlo/Desktop/top_ip'.
INFO: [IP_Flow 19-1700] Loaded user IP repository '/home/thagenlo/Desktop/rfsoc_proj_NEW.xpr/rfsoc_proj/rfsoc_proj.ipdefs/mmio_interface_1_0'.
INFO: [IP_Flow 19-795] Syncing license key meta-data
update_compile_order -fileset sources_1
launch_runs synth_1 -jobs 8
WARNING: [Vivado 12-7122] Auto Incremental Compile:: No reference checkpoint was found in run synth_1. Auto-incremental flow will not be run, the standard flow will be run instead.
[Tue Dec  9 17:55:00 2025] Launched synth_1...
Run output will be captured here: /home/thagenlo/Desktop/rfsoc_proj_NEW.xpr/rfsoc_proj/rfsoc_proj.tmp/top_v1_0_project/top_v1_0_project.runs/synth_1/runme.log
current_project rfsoc_proj
set_property core_revision 5 [ipx::current_core]
ipx::update_source_project_archive -component [ipx::current_core]
ipx::create_xgui_files [ipx::current_core]
ipx::update_checksums [ipx::current_core]
ipx::check_integrity [ipx::current_core]
WARNING: [IP_Flow 19-11888] Component Definition 'user.org:user:top:1.0 (top_v1_0)': IP description "top_v1_0" is not meaningful: too short
WARNING: [IP_Flow 19-11770] Clock interface 'm00_axis_aclk' has no FREQ_HZ parameter.
WARNING: [IP_Flow 19-11770] Clock interface 's00_axis_aclk' has no FREQ_HZ parameter.
INFO: [IP_Flow 19-2181] Payment is not required for this core.
WARNING: [IP_Flow 19-2187] The Product Guide file is missing.
INFO: [Ipptcl 7-1486] check_integrity: Integrity check passed.
ipx::save_core [ipx::current_core]
WARNING: [filemgmt 56-199] Attempt to get parsing info during refresh. "On-the-fly" syntax checking information may be incorrect. [/home/thagenlo/Desktop/top_ip/src/cordic.sv:]
WARNING: [filemgmt 56-199] Attempt to get parsing info during refresh. "On-the-fly" syntax checking information may be incorrect. [/home/thagenlo/Desktop/top_ip/src/sync_detector_axis.sv:]
WARNING: [filemgmt 56-199] Attempt to get parsing info during refresh. "On-the-fly" syntax checking information may be incorrect. [/home/thagenlo/Desktop/top_ip/src/video_data_decoder.sv:]
WARNING: [filemgmt 56-199] Attempt to get parsing info during refresh. "On-the-fly" syntax checking information may be incorrect. [/home/thagenlo/Desktop/top_ip/src/top.sv:]
WARNING: [filemgmt 56-199] Attempt to get parsing info during refresh. "On-the-fly" syntax checking information may be incorrect. [/home/thagenlo/Desktop/top_ip/src/sync_detector_axis.sv:]
WARNING: [filemgmt 56-199] Attempt to get parsing info during refresh. "On-the-fly" syntax checking information may be incorrect. [/home/thagenlo/Desktop/top_ip/src/sync_detector_axis.sv:]
current_project top_v1_0_project
ipx::move_temp_component_back -component [ipx::current_core]
close_project -delete
update_ip_catalog -rebuild -repo_path /home/thagenlo/Desktop/top_ip
INFO: [IP_Flow 19-725] Reloaded user IP repository '/home/thagenlo/Desktop/top_ip'
report_timing_summary -delay_type min_max -report_unconstrained -check_timing_verbose -max_paths 10 -input_pins -routable_nets -name timing_1
INFO: [Timing 38-91] UpdateTimingParams: Speed grade: -2, Temperature grade: E, Delay Type: min_max.
INFO: [Timing 38-191] Multithreading enabled for timing update using a maximum of 8 CPUs
WARNING: [Timing 38-436] There are set_bus_skew constraint(s) in this design. Please run report_bus_skew to ensure that bus skew requirements are met.
open_bd_design {/home/thagenlo/Desktop/rfsoc_proj_NEW.xpr/rfsoc_proj/rfsoc_proj.srcs/sources_1/bd/design_1/design_1.bd}
report_ip_status -name ip_status 
upgrade_ip -vlnv user.org:user:top:1.0 [get_ips  design_1_top_0_0] -log ip_upgrade.log
Upgrading '/home/thagenlo/Desktop/rfsoc_proj_NEW.xpr/rfsoc_proj/rfsoc_proj.srcs/sources_1/bd/design_1/design_1.bd'
INFO: [IP_Flow 19-3422] Upgraded design_1_top_0_0 (top_v1_0 1.0) from revision 4 to revision 5
Wrote  : </home/thagenlo/Desktop/rfsoc_proj_NEW.xpr/rfsoc_proj/rfsoc_proj.srcs/sources_1/bd/design_1/design_1.bd> 
Wrote  : </home/thagenlo/Desktop/rfsoc_proj_NEW.xpr/rfsoc_proj/rfsoc_proj.srcs/sources_1/bd/design_1/ui/bd_1f5defd0.ui> 
INFO: [Coretcl 2-1525] Wrote upgrade log to '/home/thagenlo/Desktop/rfsoc_proj_NEW.xpr/rfsoc_proj/ip_upgrade.log'.
export_ip_user_files -of_objects [get_ips design_1_top_0_0] -no_script -sync -force -quiet
generate_target all [get_files  /home/thagenlo/Desktop/rfsoc_proj_NEW.xpr/rfsoc_proj/rfsoc_proj.srcs/sources_1/bd/design_1/design_1.bd]
WARNING: [BD 41-1629] Slave segment </zynq_ultra_ps_e_0/SAXIGP2/HP0_LPS_OCM> is excluded from all addressing paths.
WARNING: [BD 41-1629] Slave segment </zynq_ultra_ps_e_0/SAXIGP2/HP0_DDR_HIGH> is excluded from all addressing paths.
WARNING: [BD 41-3281] Instance '/axi_dma_0' is connected on both sides by SmartConnects and cannot automatically configure itself to match the endpoints. Please manually configure its AXI interfaces as required for the design.
WARNING: [BD 41-3281] Instance '/zynq_ultra_ps_e_0' is connected on both sides by SmartConnects and cannot automatically configure itself to match the endpoints. Please manually configure its AXI interfaces as required for the design.
Excluding slave segment /zynq_ultra_ps_e_0/SAXIGP2/HP0_DDR_HIGH from address space /axi_dma_0/Data_S2MM.
Excluding slave segment /zynq_ultra_ps_e_0/SAXIGP2/HP0_LPS_OCM from address space /axi_dma_0/Data_S2MM.
Excluding slave segment /zynq_ultra_ps_e_0/SAXIGP2/HP0_DDR_HIGH from address space /axi_dma_0/Data_S2MM.
Excluding slave segment /zynq_ultra_ps_e_0/SAXIGP2/HP0_LPS_OCM from address space /axi_dma_0/Data_S2MM.
Excluding slave segment /zynq_ultra_ps_e_0/SAXIGP2/HP0_DDR_HIGH from address space /axi_dma_0/Data_S2MM.
Excluding slave segment /zynq_ultra_ps_e_0/SAXIGP2/HP0_LPS_OCM from address space /axi_dma_0/Data_S2MM.
Excluding slave segment /zynq_ultra_ps_e_0/SAXIGP2/HP0_DDR_HIGH from address space /axi_dma_0/Data_S2MM.
Excluding slave segment /zynq_ultra_ps_e_0/SAXIGP2/HP0_LPS_OCM from address space /axi_dma_0/Data_S2MM.
INFO: [BD 5-943] Reserving offset range <0xA000_0000 [ 64K ]> from slave interface '/axi_smc/S00_AXI' to master interface '/axi_smc/M00_AXI'. This will be used by smartconnect on path for routing.
INFO: [BD 5-943] Reserving offset range <0xA004_0000 [ 256K ]> from slave interface '/axi_smc/S00_AXI' to master interface '/axi_smc/M01_AXI'. This will be used by smartconnect on path for routing.
INFO: [BD 5-943] Reserving offset range <0xA001_0000 [ 64K ]> from slave interface '/axi_smc/S00_AXI' to master interface '/axi_smc/M02_AXI'. This will be used by smartconnect on path for routing.
INFO: [xilinx.com:ip:smartconnect:1.0-1] design_1_axi_smc_0: SmartConnect design_1_axi_smc_0 is in Low-Area Mode.
INFO: [BD 5-943] Reserving offset range <0x0000_0000 [ 2G ]> from slave interface '/axi_smc_1/S00_AXI' to master interface '/axi_smc_1/M00_AXI'. This will be used by smartconnect on path for routing.
INFO: [xilinx.com:ip:smartconnect:1.0-1] design_1_axi_smc_1_0: SmartConnect design_1_axi_smc_1_0 is in High-performance Mode.
Excluding slave segment /zynq_ultra_ps_e_0/SAXIGP2/HP0_DDR_HIGH from address space /axi_dma_0/Data_S2MM.
Excluding slave segment /zynq_ultra_ps_e_0/SAXIGP2/HP0_LPS_OCM from address space /axi_dma_0/Data_S2MM.
Excluding slave segment /zynq_ultra_ps_e_0/SAXIGP2/HP0_DDR_HIGH from address space /axi_dma_0/Data_S2MM.
Excluding slave segment /zynq_ultra_ps_e_0/SAXIGP2/HP0_LPS_OCM from address space /axi_dma_0/Data_S2MM.
INFO: [xilinx.com:ip:cic_compiler:4.0-913] /cic_compiler_0 Input_Data_Width has been set to manual on the GUI. It will not be updated during validation with a propagated value.
INFO: [xilinx.com:ip:fir_compiler:7.2-308] /fir_compiler_1 S_AXIS_DATA-TDATA: Validating field: chan_0_path_0(16:0): fix16_0 against /cic_compiler_1 M_AXIS_DATA-TDATA: chan_0(16:0): fix16_0.
INFO: [xilinx.com:ip:cic_compiler:4.0-913] /cic_compiler_1 Input_Data_Width has been set to manual on the GUI. It will not be updated during validation with a propagated value.
INFO: [xilinx.com:ip:fir_compiler:7.2-308] /fir_compiler_0 S_AXIS_DATA-TDATA: Validating field: chan_0_path_0(16:0): fix16_0 against /cic_compiler_0 M_AXIS_DATA-TDATA: chan_0(16:0): fix16_0.
WARNING: [BD 41-237] Bus Interface property AWUSER_WIDTH does not match between /zynq_ultra_ps_e_0/S_AXI_HP0_FPD(1) and /axi_smc_1/M00_AXI(0)
WARNING: [BD 41-237] Bus Interface property ARUSER_WIDTH does not match between /zynq_ultra_ps_e_0/S_AXI_HP0_FPD(1) and /axi_smc_1/M00_AXI(0)
WARNING: [BD 41-2671] The dangling interface net <m00_aw_node_M_AXIS_ARB> will not be written out to the BD file.
WARNING: [BD 41-2671] The dangling interface net <m01_aw_node_M_AXIS_ARB> will not be written out to the BD file.
WARNING: [BD 41-2671] The dangling interface net <m02_aw_node_M_AXIS_ARB> will not be written out to the BD file.
Wrote  : </home/thagenlo/Desktop/rfsoc_proj_NEW.xpr/rfsoc_proj/rfsoc_proj.srcs/sources_1/bd/design_1/design_1.bd> 
Verilog Output written to : /home/thagenlo/Desktop/rfsoc_proj_NEW.xpr/rfsoc_proj/rfsoc_proj.gen/sources_1/bd/design_1/synth/design_1.v
Verilog Output written to : /home/thagenlo/Desktop/rfsoc_proj_NEW.xpr/rfsoc_proj/rfsoc_proj.gen/sources_1/bd/design_1/sim/design_1.v
Verilog Output written to : /home/thagenlo/Desktop/rfsoc_proj_NEW.xpr/rfsoc_proj/rfsoc_proj.gen/sources_1/bd/design_1/hdl/design_1_wrapper.v
Exporting to file /home/thagenlo/Desktop/rfsoc_proj_NEW.xpr/rfsoc_proj/rfsoc_proj.gen/sources_1/bd/design_1/ip/design_1_axi_smc_0/bd_0/hw_handoff/design_1_axi_smc_0.hwh
Generated Hardware Definition File /home/thagenlo/Desktop/rfsoc_proj_NEW.xpr/rfsoc_proj/rfsoc_proj.gen/sources_1/bd/design_1/ip/design_1_axi_smc_0/bd_0/synth/design_1_axi_smc_0.hwdef
INFO: [BD 41-1029] Generation completed for the IP Integrator block axi_smc .
Exporting to file /home/thagenlo/Desktop/rfsoc_proj_NEW.xpr/rfsoc_proj/rfsoc_proj.gen/sources_1/bd/design_1/ip/design_1_axi_smc_1_0/bd_0/hw_handoff/design_1_axi_smc_1_0.hwh
Generated Hardware Definition File /home/thagenlo/Desktop/rfsoc_proj_NEW.xpr/rfsoc_proj/rfsoc_proj.gen/sources_1/bd/design_1/ip/design_1_axi_smc_1_0/bd_0/synth/design_1_axi_smc_1_0.hwdef
INFO: [BD 41-1029] Generation completed for the IP Integrator block axi_smc_1 .
INFO: [BD 41-1029] Generation completed for the IP Integrator block top_0 .
Exporting to file /home/thagenlo/Desktop/rfsoc_proj_NEW.xpr/rfsoc_proj/rfsoc_proj.gen/sources_1/bd/design_1/hw_handoff/design_1.hwh
Generated Hardware Definition File /home/thagenlo/Desktop/rfsoc_proj_NEW.xpr/rfsoc_proj/rfsoc_proj.gen/sources_1/bd/design_1/synth/design_1.hwdef
generate_target: Time (s): cpu = 00:00:24 ; elapsed = 00:00:23 . Memory (MB): peak = 16383.668 ; gain = 0.000 ; free physical = 5997 ; free virtual = 11033
catch { config_ip_cache -export [get_ips -all design_1_axi_smc_0] }
INFO: [IP_Flow 19-4993] Using cached IP synthesis design for IP design_1_axi_smc_0, cache-ID = c3f79869b6e1fe1e; cache size = 117.500 MB.
catch { config_ip_cache -export [get_ips -all design_1_axi_smc_1_0] }
INFO: [IP_Flow 19-4993] Using cached IP synthesis design for IP design_1_axi_smc_1_0, cache-ID = e93bc6a3389c4536; cache size = 117.500 MB.
catch { config_ip_cache -export [get_ips -all design_1_top_0_0] }
export_ip_user_files -of_objects [get_files /home/thagenlo/Desktop/rfsoc_proj_NEW.xpr/rfsoc_proj/rfsoc_proj.srcs/sources_1/bd/design_1/design_1.bd] -no_script -sync -force -quiet
create_ip_run [get_files -of_objects [get_fileset sources_1] /home/thagenlo/Desktop/rfsoc_proj_NEW.xpr/rfsoc_proj/rfsoc_proj.srcs/sources_1/bd/design_1/design_1.bd]
launch_runs design_1_top_0_0_synth_1 -jobs 8
[Tue Dec  9 18:15:43 2025] Launched design_1_top_0_0_synth_1...
Run output will be captured here: /home/thagenlo/Desktop/rfsoc_proj_NEW.xpr/rfsoc_proj/rfsoc_proj.runs/design_1_top_0_0_synth_1/runme.log
export_simulation -lib_map_path [list {modelsim=/home/thagenlo/Desktop/rfsoc_proj_NEW.xpr/rfsoc_proj/rfsoc_proj.cache/compile_simlib/modelsim} {questa=/home/thagenlo/Desktop/rfsoc_proj_NEW.xpr/rfsoc_proj/rfsoc_proj.cache/compile_simlib/questa} {xcelium=/home/thagenlo/Desktop/rfsoc_proj_NEW.xpr/rfsoc_proj/rfsoc_proj.cache/compile_simlib/xcelium} {vcs=/home/thagenlo/Desktop/rfsoc_proj_NEW.xpr/rfsoc_proj/rfsoc_proj.cache/compile_simlib/vcs} {riviera=/home/thagenlo/Desktop/rfsoc_proj_NEW.xpr/rfsoc_proj/rfsoc_proj.cache/compile_simlib/riviera}] -of_objects [get_files /home/thagenlo/Desktop/rfsoc_proj_NEW.xpr/rfsoc_proj/rfsoc_proj.srcs/sources_1/bd/design_1/design_1.bd] -directory /home/thagenlo/Desktop/rfsoc_proj_NEW.xpr/rfsoc_proj/rfsoc_proj.ip_user_files/sim_scripts -ip_user_files_dir /home/thagenlo/Desktop/rfsoc_proj_NEW.xpr/rfsoc_proj/rfsoc_proj.ip_user_files -ipstatic_source_dir /home/thagenlo/Desktop/rfsoc_proj_NEW.xpr/rfsoc_proj/rfsoc_proj.ip_user_files/ipstatic -use_ip_compiled_libs -force -quiet
report_ip_status -name ip_status 
reset_run synth_1
INFO: [Project 1-1161] Replacing file /home/thagenlo/Desktop/rfsoc_proj_NEW.xpr/rfsoc_proj/rfsoc_proj.srcs/utils_1/imports/synth_1/design_1_wrapper.dcp with file /home/thagenlo/Desktop/rfsoc_proj_NEW.xpr/rfsoc_proj/rfsoc_proj.runs/synth_1/design_1_wrapper.dcp
launch_runs synth_1 -jobs 8
[Tue Dec  9 18:16:12 2025] Launched design_1_top_0_0_synth_1...
Run output will be captured here: /home/thagenlo/Desktop/rfsoc_proj_NEW.xpr/rfsoc_proj/rfsoc_proj.runs/design_1_top_0_0_synth_1/runme.log
[Tue Dec  9 18:16:12 2025] Launched synth_1...
Run output will be captured here: /home/thagenlo/Desktop/rfsoc_proj_NEW.xpr/rfsoc_proj/rfsoc_proj.runs/synth_1/runme.log
launch_runs impl_1 -jobs 8
[Tue Dec  9 18:18:43 2025] Launched impl_1...
Run output will be captured here: /home/thagenlo/Desktop/rfsoc_proj_NEW.xpr/rfsoc_proj/rfsoc_proj.runs/impl_1/runme.log
launch_runs impl_1 -to_step write_bitstream -jobs 8
[Tue Dec  9 18:53:43 2025] Launched impl_1...
Run output will be captured here: /home/thagenlo/Desktop/rfsoc_proj_NEW.xpr/rfsoc_proj/rfsoc_proj.runs/impl_1/runme.log
create_ip_run [get_files -of_objects [get_fileset sources_1] /home/thagenlo/Desktop/rfsoc_proj_NEW.xpr/rfsoc_proj/rfsoc_proj.srcs/sources_1/bd/design_1/design_1.bd]
refresh_design
Netlist sorting complete. Time (s): cpu = 00:00:00.36 ; elapsed = 00:00:00.34 . Memory (MB): peak = 16593.246 ; gain = 0.000 ; free physical = 5391 ; free virtual = 9701
INFO: [Netlist 29-17] Analyzing 731 Unisim elements for replacement
INFO: [Netlist 29-28] Unisim Transformation completed in 0 CPU seconds
INFO: [Project 1-479] Netlist was created with Vivado 2025.1
INFO: [Project 1-570] Preparing netlist for logic optimization
Read ShapeDB Complete: Time (s): cpu = 00:00:00.04 ; elapsed = 00:00:00.04 . Memory (MB): peak = 16593.246 ; gain = 0.000 ; free physical = 5241 ; free virtual = 9551
INFO: [Timing 38-478] Restoring timing data from binary archive.
INFO: [Timing 38-479] Binary timing data restore complete.
INFO: [Project 1-856] Restoring constraints from binary archive.
INFO: [Project 1-853] Binary constraint restore complete.
INFO: [Designutils 20-5722] Start Reading Physical Databases.
Reading placement.
Read Netlist Cache: Time (s): cpu = 00:00:00.03 ; elapsed = 00:00:00.03 . Memory (MB): peak = 16593.246 ; gain = 0.000 ; free physical = 4833 ; free virtual = 9143
Reading placer database...
Read Device Cache: Time (s): cpu = 00:00:00.03 ; elapsed = 00:00:00.02 . Memory (MB): peak = 16593.246 ; gain = 0.000 ; free physical = 4833 ; free virtual = 9143
Read PlaceDB: Time (s): cpu = 00:00:01 ; elapsed = 00:00:01 . Memory (MB): peak = 16593.246 ; gain = 0.000 ; free physical = 4813 ; free virtual = 9123
Read PulsedLatchDB: Time (s): cpu = 00:00:00 ; elapsed = 00:00:00 . Memory (MB): peak = 16593.246 ; gain = 0.000 ; free physical = 4813 ; free virtual = 9123
Reading routing.
Read RouteStorage: Time (s): cpu = 00:00:04 ; elapsed = 00:00:03 . Memory (MB): peak = 16593.246 ; gain = 0.000 ; free physical = 4606 ; free virtual = 8916
Read Physdb Files: Time (s): cpu = 00:00:05 ; elapsed = 00:00:05 . Memory (MB): peak = 16593.246 ; gain = 0.000 ; free physical = 4606 ; free virtual = 8916
Restored from archive | CPU: 5.290000 secs | Memory: 290.858040 MB |
Finished XDEF File Restore: Time (s): cpu = 00:00:05 ; elapsed = 00:00:05 . Memory (MB): peak = 16593.246 ; gain = 0.000 ; free physical = 4606 ; free virtual = 8916
refresh_design: Time (s): cpu = 00:00:27 ; elapsed = 00:00:20 . Memory (MB): peak = 16593.246 ; gain = 0.000 ; free physical = 4403 ; free virtual = 8744
CRITICAL WARNING: [Timing 38-282] The design failed to meet the timing requirements. Please see the timing summary report for details on the timing violations.
WARNING: [Timing 38-436] There are set_bus_skew constraint(s) in this design. Please run report_bus_skew to ensure that bus skew requirements are met.
report_timing_summary -delay_type min_max -report_unconstrained -check_timing_verbose -max_paths 10 -input_pins -routable_nets -name timing_1
INFO: [Timing 38-91] UpdateTimingParams: Speed grade: -2, Temperature grade: E, Delay Type: min_max.
INFO: [Timing 38-191] Multithreading enabled for timing update using a maximum of 8 CPUs
WARNING: [Timing 38-436] There are set_bus_skew constraint(s) in this design. Please run report_bus_skew to ensure that bus skew requirements are met.
exit
INFO: [Common 17-206] Exiting Vivado at Tue Dec  9 18:58:52 2025...
