Copyright 1986-2022 Xilinx, Inc. All Rights Reserved. Copyright 2022-2025 Advanced Micro Devices, Inc. All Rights Reserved.
--------------------------------------------------------------------------------------------------------------------------------------------------
| Tool Version      : Vivado v.2025.1 (lin64) Build 6140274 Wed May 21 22:58:25 MDT 2025
| Date              : Fri Dec 12 19:46:33 2025
| Host              : eecs-digital-42 running 64-bit Ubuntu 24.04.3 LTS
| Command           : report_clock_utilization -file design_1_wrapper_clock_utilization_routed.rpt
| Design            : design_1_wrapper
| Device            : xczu48dr-ffvg1517
| Speed File        : -2  PRODUCTION 1.32 01-31-2021
| Temperature Grade : E
| Design State      : Routed
--------------------------------------------------------------------------------------------------------------------------------------------------

Clock Utilization Report

Table of Contents
-----------------
1. Clock Primitive Utilization
2. Global Clock Resources
3. Global Clock Source Details
4. Clock Regions : Clock Primitives
5. Clock Regions : Load Primitives
6. Clock Regions : Global Clock Summary
7. Clock Regions : Routing Resource Utilization
8. Device Cell Placement Summary for Global Clock g0
9. Device Cell Placement Summary for Global Clock g1
10. Device Cell Placement Summary for Global Clock g2
11. Clock Region Cell Placement per Global Clock: Region X1Y0
12. Clock Region Cell Placement per Global Clock: Region X2Y0
13. Clock Region Cell Placement per Global Clock: Region X3Y0
14. Clock Region Cell Placement per Global Clock: Region X4Y0
15. Clock Region Cell Placement per Global Clock: Region X5Y0
16. Clock Region Cell Placement per Global Clock: Region X1Y1
17. Clock Region Cell Placement per Global Clock: Region X2Y1
18. Clock Region Cell Placement per Global Clock: Region X3Y1
19. Clock Region Cell Placement per Global Clock: Region X4Y1
20. Clock Region Cell Placement per Global Clock: Region X5Y1
21. Clock Region Cell Placement per Global Clock: Region X1Y2
22. Clock Region Cell Placement per Global Clock: Region X2Y2
23. Clock Region Cell Placement per Global Clock: Region X3Y2
24. Clock Region Cell Placement per Global Clock: Region X4Y2
25. Clock Region Cell Placement per Global Clock: Region X5Y2
26. Clock Region Cell Placement per Global Clock: Region X0Y3
27. Clock Region Cell Placement per Global Clock: Region X1Y3
28. Clock Region Cell Placement per Global Clock: Region X2Y3
29. Clock Region Cell Placement per Global Clock: Region X3Y3
30. Clock Region Cell Placement per Global Clock: Region X4Y3
31. Clock Region Cell Placement per Global Clock: Region X5Y3
32. Clock Region Cell Placement per Global Clock: Region X0Y4
33. Clock Region Cell Placement per Global Clock: Region X1Y4
34. Clock Region Cell Placement per Global Clock: Region X2Y4
35. Clock Region Cell Placement per Global Clock: Region X3Y4
36. Clock Region Cell Placement per Global Clock: Region X4Y4
37. Clock Region Cell Placement per Global Clock: Region X5Y4
38. Clock Region Cell Placement per Global Clock: Region X1Y5
39. Clock Region Cell Placement per Global Clock: Region X2Y5
40. Clock Region Cell Placement per Global Clock: Region X3Y5
41. Clock Region Cell Placement per Global Clock: Region X4Y5
42. Clock Region Cell Placement per Global Clock: Region X5Y5
43. Clock Region Cell Placement per Global Clock: Region X3Y6
44. Clock Region Cell Placement per Global Clock: Region X4Y6
45. Clock Region Cell Placement per Global Clock: Region X5Y6
46. Clock Region Cell Placement per Global Clock: Region X3Y7
47. Clock Region Cell Placement per Global Clock: Region X4Y7
48. Clock Region Cell Placement per Global Clock: Region X5Y7

1. Clock Primitive Utilization
------------------------------

+------------+------+-----------+-----+--------------+--------+
| Type       | Used | Available | LOC | Clock Region | Pblock |
+------------+------+-----------+-----+--------------+--------+
| BUFGCE     |    1 |       216 |   0 |            0 |      0 |
| BUFGCE_DIV |    0 |        32 |   0 |            0 |      0 |
| BUFGCTRL   |    0 |        64 |   0 |            0 |      0 |
| BUFG_GT    |    1 |       312 |   0 |            0 |      0 |
| BUFG_PS    |    1 |        72 |   0 |            0 |      0 |
| MMCM       |    0 |         8 |   0 |            0 |      0 |
| PLL        |    0 |        16 |   0 |            0 |      0 |
+------------+------+-----------+-----+--------------+--------+


2. Global Clock Resources
-------------------------

+-----------+-----------+-----------------+------------+---------------+--------------+------+-------------------+------------------+-------------------+-------------+-----------------+--------------+-----------------------------------------------------------------------------------------------------+----------------------------------------------------------------------------------------------------------+----------------------------------------------------------------------------------------------------+
| Global Id | Source Id | Driver Type/Pin | Constraint | Site          | Clock Region | Root | Clock Delay Group | Clock Low Fanout | Load Clock Region | Clock Loads | Non-Clock Loads | Clock Period | Clock                                                                                               | Driver Pin                                                                                               | Net                                                                                                |
+-----------+-----------+-----------------+------------+---------------+--------------+------+-------------------+------------------+-------------------+-------------+-----------------+--------------+-----------------------------------------------------------------------------------------------------+----------------------------------------------------------------------------------------------------------+----------------------------------------------------------------------------------------------------+
| g0        | src0      | BUFG_PS/O       | None       | BUFG_PS_X0Y65 | X1Y2         | X3Y3 |                   |                  |                19 |       11694 |               0 |        6.666 | clk_pl_0                                                                                            | design_1_i/zynq_ultra_ps_e_0/inst/buffer_pl_clk_0.PL_CLK_0_BUFG/O                                        | design_1_i/zynq_ultra_ps_e_0/inst/pl_clk0                                                          |
| g1        | src1      | BUFG_GT/O       | None       | BUFG_GT_X1Y71 | X5Y2         | X2Y2 |                   |                  |                27 |        6470 |               0 |       15.625 | RFADC2_CLK                                                                                          | design_1_i/usp_rf_data_converter_0/inst/i_design_1_usp_rf_data_converter_0_0_bufg_gt_ctrl/adc2_bufg_gt/O | design_1_i/usp_rf_data_converter_0/inst/i_design_1_usp_rf_data_converter_0_0_bufg_gt_ctrl/clk_adc2 |
| g2        | src2      | BUFGCE/O        | None       | BUFGCE_X0Y179 | X4Y7         | X3Y2 |                   |                  |                 3 |         461 |               0 |       50.000 | dbg_hub/inst/BSCANID.u_xsdbm_id/SWITCH_N_EXT_BSCAN.bscan_inst/SERIES7_BSCAN.bscan_inst/INTERNAL_TCK | dbg_hub/inst/BSCANID.u_xsdbm_id/SWITCH_N_EXT_BSCAN.u_bufg_icon_tck/O                                     | dbg_hub/inst/BSCANID.u_xsdbm_id/itck_i                                                             |
+-----------+-----------+-----------------+------------+---------------+--------------+------+-------------------+------------------+-------------------+-------------+-----------------+--------------+-----------------------------------------------------------------------------------------------------+----------------------------------------------------------------------------------------------------------+----------------------------------------------------------------------------------------------------+
* Clock Loads column represents cell count of net connects that connect to a clock pin. Internal cell leaf pins are not considered
** Non-Clock Loads column represents cell count of non-clock pin loads


3. Global Clock Source Details
------------------------------

+-----------+-----------+-----------------+------------+------------------+--------------+-------------+-----------------+---------------------+-----------------------------------------------------------------------------------------------------+-----------------------------------------------------------------------------------------------------------+----------------------------------------------------------------------------------------------------+
| Source Id | Global Id | Driver Type/Pin | Constraint | Site             | Clock Region | Clock Loads | Non-Clock Loads | Source Clock Period | Source Clock                                                                                        | Driver Pin                                                                                                | Net                                                                                                |
+-----------+-----------+-----------------+------------+------------------+--------------+-------------+-----------------+---------------------+-----------------------------------------------------------------------------------------------------+-----------------------------------------------------------------------------------------------------------+----------------------------------------------------------------------------------------------------+
| src0      | g0        | PS8/PLCLK[0]    | None       | PS8_X0Y0         | X0Y0         |           1 |               0 |               6.666 | clk_pl_0                                                                                            | design_1_i/zynq_ultra_ps_e_0/inst/PS8_i/PLCLK[0]                                                          | design_1_i/zynq_ultra_ps_e_0/inst/pl_clk_unbuffered[0]                                             |
| src1      | g1        | RFADC/CLK_ADC   | RFADC_X0Y2 | RFADC_X0Y2       | X5Y2         |           2 |               0 |              15.625 | RFADC2_CLK                                                                                          | design_1_i/usp_rf_data_converter_0/inst/design_1_usp_rf_data_converter_0_0_rf_wrapper_i/rx2_u_adc/CLK_ADC | design_1_i/usp_rf_data_converter_0/inst/design_1_usp_rf_data_converter_0_0_rf_wrapper_i/clk_adc2_i |
| src2      | g2        | BSCANE2/TCK     | None       | CONFIG_SITE_X0Y0 | X5Y1         |           1 |               0 |              50.000 | dbg_hub/inst/BSCANID.u_xsdbm_id/SWITCH_N_EXT_BSCAN.bscan_inst/SERIES7_BSCAN.bscan_inst/INTERNAL_TCK | dbg_hub/inst/BSCANID.u_xsdbm_id/SWITCH_N_EXT_BSCAN.bscan_inst/SERIES7_BSCAN.bscan_inst/TCK                | dbg_hub/inst/BSCANID.u_xsdbm_id/SWITCH_N_EXT_BSCAN.bscan_inst/TCK                                  |
+-----------+-----------+-----------------+------------+------------------+--------------+-------------+-----------------+---------------------+-----------------------------------------------------------------------------------------------------+-----------------------------------------------------------------------------------------------------------+----------------------------------------------------------------------------------------------------+
* Clock Loads column represents cell count of net connects that connect to a clock pin. Internal cell leaf pins are not considered
** Non-Clock Loads column represents cell count of non-clock pin loads


4. Clock Regions : Clock Primitives
-----------------------------------

+-------------------+---------------+---------------+---------------+---------------+---------------+---------------+---------------+---------------+
|                   |  Global Clock |     BUFGCE    |   BUFGCE_DIV  |    BUFGCTRL   |    BUFG_GT    |    BUFG_PS    |      MMCM     |      PLL      |
+-------------------+-------+-------+-------+-------+-------+-------+-------+-------+-------+-------+-------+-------+-------+-------+-------+-------+
| Clock Region Name | Used  | Avail | Used  | Avail | Used  | Avail | Used  | Avail | Used  | Avail | Used  | Avail | Used  | Avail | Used  | Avail |
+-------------------+-------+-------+-------+-------+-------+-------+-------+-------+-------+-------+-------+-------+-------+-------+-------+-------+
| X0Y0              |     0 |     0 |     0 |     0 |     0 |     0 |     0 |     0 |     0 |     0 |     0 |     0 |     0 |     0 |     0 |     0 |
| X1Y0              |     2 |    24 |     0 |     0 |     0 |     0 |     0 |     0 |     0 |     0 |     0 |    24 |     0 |     0 |     0 |     0 |
| X2Y0              |     2 |    24 |     0 |     0 |     0 |     0 |     0 |     0 |     0 |     0 |     0 |     0 |     0 |     0 |     0 |     0 |
| X3Y0              |     1 |    24 |     0 |     0 |     0 |     0 |     0 |     0 |     0 |     0 |     0 |     0 |     0 |     0 |     0 |     0 |
| X4Y0              |     1 |    24 |     0 |    24 |     0 |     4 |     0 |     8 |     0 |     0 |     0 |     0 |     0 |     1 |     0 |     2 |
| X5Y0              |     1 |    24 |     0 |     4 |     0 |     0 |     0 |     0 |     0 |    24 |     0 |     0 |     0 |     0 |     0 |     0 |
| X0Y1              |     0 |     0 |     0 |     0 |     0 |     0 |     0 |     0 |     0 |     0 |     0 |     0 |     0 |     0 |     0 |     0 |
| X1Y1              |     2 |    24 |     0 |     0 |     0 |     0 |     0 |     0 |     0 |     0 |     0 |    24 |     0 |     0 |     0 |     0 |
| X2Y1              |     2 |    24 |     0 |     0 |     0 |     0 |     0 |     0 |     0 |     0 |     0 |     0 |     0 |     0 |     0 |     0 |
| X3Y1              |     3 |    24 |     0 |     0 |     0 |     0 |     0 |     0 |     0 |     0 |     0 |     0 |     0 |     0 |     0 |     0 |
| X4Y1              |     3 |    24 |     0 |    24 |     0 |     4 |     0 |     8 |     0 |     0 |     0 |     0 |     0 |     1 |     0 |     2 |
| X5Y1              |     3 |    24 |     0 |     0 |     0 |     0 |     0 |     0 |     0 |    24 |     0 |     0 |     0 |     0 |     0 |     0 |
| X0Y2              |     0 |     0 |     0 |     0 |     0 |     0 |     0 |     0 |     0 |     0 |     0 |     0 |     0 |     0 |     0 |     0 |
| X1Y2              |     2 |    24 |     0 |     0 |     0 |     0 |     0 |     0 |     0 |     0 |     1 |    24 |     0 |     0 |     0 |     0 |
| X2Y2              |     2 |    24 |     0 |     0 |     0 |     0 |     0 |     0 |     0 |     0 |     0 |     0 |     0 |     0 |     0 |     0 |
| X3Y2              |     2 |    24 |     0 |     0 |     0 |     0 |     0 |     0 |     0 |     0 |     0 |     0 |     0 |     0 |     0 |     0 |
| X4Y2              |     2 |    24 |     0 |    24 |     0 |     4 |     0 |     8 |     0 |     0 |     0 |     0 |     0 |     1 |     0 |     2 |
| X5Y2              |     2 |    24 |     0 |     0 |     0 |     0 |     0 |     0 |     1 |    24 |     0 |     0 |     0 |     0 |     0 |     0 |
| X0Y3              |     1 |    24 |     0 |     0 |     0 |     0 |     0 |     0 |     0 |    24 |     0 |     0 |     0 |     0 |     0 |     0 |
| X1Y3              |     2 |    24 |     0 |     0 |     0 |     0 |     0 |     0 |     0 |     0 |     0 |     0 |     0 |     0 |     0 |     0 |
| X2Y3              |     3 |    24 |     0 |     0 |     0 |     0 |     0 |     0 |     0 |     0 |     0 |     0 |     0 |     0 |     0 |     0 |
| X3Y3              |     3 |    24 |     0 |     0 |     0 |     0 |     0 |     0 |     0 |     0 |     0 |     0 |     0 |     0 |     0 |     0 |
| X4Y3              |     2 |    24 |     0 |    24 |     0 |     4 |     0 |     8 |     0 |     0 |     0 |     0 |     0 |     1 |     0 |     2 |
| X5Y3              |     2 |    24 |     0 |     4 |     0 |     0 |     0 |     0 |     0 |    24 |     0 |     0 |     0 |     0 |     0 |     0 |
| X0Y4              |     1 |    24 |     0 |     0 |     0 |     0 |     0 |     0 |     0 |    24 |     0 |     0 |     0 |     0 |     0 |     0 |
| X1Y4              |     1 |    24 |     0 |     0 |     0 |     0 |     0 |     0 |     0 |     0 |     0 |     0 |     0 |     0 |     0 |     0 |
| X2Y4              |     1 |    24 |     0 |     0 |     0 |     0 |     0 |     0 |     0 |     0 |     0 |     0 |     0 |     0 |     0 |     0 |
| X3Y4              |     2 |    24 |     0 |     0 |     0 |     0 |     0 |     0 |     0 |     0 |     0 |     0 |     0 |     0 |     0 |     0 |
| X4Y4              |     2 |    24 |     0 |    24 |     0 |     4 |     0 |     8 |     0 |     0 |     0 |     0 |     0 |     1 |     0 |     2 |
| X5Y4              |     1 |    24 |     0 |     4 |     0 |     0 |     0 |     0 |     0 |    24 |     0 |     0 |     0 |     0 |     0 |     0 |
| X0Y5              |     0 |    24 |     0 |     0 |     0 |     0 |     0 |     0 |     0 |    24 |     0 |     0 |     0 |     0 |     0 |     0 |
| X1Y5              |     1 |    24 |     0 |     0 |     0 |     0 |     0 |     0 |     0 |     0 |     0 |     0 |     0 |     0 |     0 |     0 |
| X2Y5              |     1 |    24 |     0 |     0 |     0 |     0 |     0 |     0 |     0 |     0 |     0 |     0 |     0 |     0 |     0 |     0 |
| X3Y5              |     2 |    24 |     0 |     0 |     0 |     0 |     0 |     0 |     0 |     0 |     0 |     0 |     0 |     0 |     0 |     0 |
| X4Y5              |     2 |    24 |     0 |    24 |     0 |     4 |     0 |     8 |     0 |     0 |     0 |     0 |     0 |     1 |     0 |     2 |
| X5Y5              |     1 |    24 |     0 |     4 |     0 |     0 |     0 |     0 |     0 |    24 |     0 |     0 |     0 |     0 |     0 |     0 |
| X0Y6              |     0 |    24 |     0 |     0 |     0 |     0 |     0 |     0 |     0 |    24 |     0 |     0 |     0 |     0 |     0 |     0 |
| X1Y6              |     0 |    24 |     0 |     0 |     0 |     0 |     0 |     0 |     0 |     0 |     0 |     0 |     0 |     0 |     0 |     0 |
| X2Y6              |     0 |    24 |     0 |     0 |     0 |     0 |     0 |     0 |     0 |     0 |     0 |     0 |     0 |     0 |     0 |     0 |
| X3Y6              |     1 |    24 |     0 |     0 |     0 |     0 |     0 |     0 |     0 |     0 |     0 |     0 |     0 |     0 |     0 |     0 |
| X4Y6              |     1 |    24 |     0 |    24 |     0 |     4 |     0 |     8 |     0 |     0 |     0 |     0 |     0 |     1 |     0 |     2 |
| X5Y6              |     1 |    24 |     0 |     4 |     0 |     0 |     0 |     0 |     0 |    24 |     0 |     0 |     0 |     0 |     0 |     0 |
| X0Y7              |     0 |    24 |     0 |     0 |     0 |     0 |     0 |     0 |     0 |    24 |     0 |     0 |     0 |     0 |     0 |     0 |
| X1Y7              |     0 |    24 |     0 |     0 |     0 |     0 |     0 |     0 |     0 |     0 |     0 |     0 |     0 |     0 |     0 |     0 |
| X2Y7              |     0 |    24 |     0 |     0 |     0 |     0 |     0 |     0 |     0 |     0 |     0 |     0 |     0 |     0 |     0 |     0 |
| X3Y7              |     1 |    24 |     0 |     0 |     0 |     0 |     0 |     0 |     0 |     0 |     0 |     0 |     0 |     0 |     0 |     0 |
| X4Y7              |     1 |    24 |     1 |    24 |     0 |     4 |     0 |     8 |     0 |     0 |     0 |     0 |     0 |     1 |     0 |     2 |
| X5Y7              |     1 |    24 |     0 |     4 |     0 |     0 |     0 |     0 |     0 |    24 |     0 |     0 |     0 |     0 |     0 |     0 |
+-------------------+-------+-------+-------+-------+-------+-------+-------+-------+-------+-------+-------+-------+-------+-------+-------+-------+
* Global Clock column represents track count; while other columns represents cell counts


5. Clock Regions : Load Primitives
----------------------------------

+-------------------+------------------+------------------+------------------+------------------+------------------+------------------+------------------+------------------+
|                   |   Global Clock   |        FF        |      LUTRAM      |  Block RAM (18K) |       URAM       |        DSP       |        GT        |      HARD IP     |
+-------------------+--------+---------+--------+---------+--------+---------+--------+---------+--------+---------+--------+---------+--------+---------+--------+---------+
| Clock Region Name | Used   | Avail   | Used   | Avail   | Used   | Avail   | Used   | Avail   | Used   | Avail   | Used   | Avail   | Used   | Avail   | Used   | Avail   |
+-------------------+--------+---------+--------+---------+--------+---------+--------+---------+--------+---------+--------+---------+--------+---------+--------+---------+
| X0Y0              |      0 |       0 |      0 |       0 |      0 |       0 |      0 |       0 |      0 |       0 |      0 |       0 |      0 |       0 |      0 |       0 |
| X1Y0              |      2 |      24 |   3533 |   15360 |    417 |    4320 |      7 |      48 |      0 |       0 |      0 |     120 |      0 |       0 |      0 |       0 |
| X2Y0              |      2 |      24 |     29 |   22080 |      0 |    4800 |      0 |      48 |      0 |       0 |      0 |      96 |      0 |       0 |      0 |       0 |
| X3Y0              |      1 |      24 |      0 |   19200 |      0 |    5280 |      0 |      48 |      0 |       0 |      0 |      96 |      0 |       0 |      0 |       0 |
| X4Y0              |      1 |      24 |      0 |   15360 |      0 |    4320 |      0 |      48 |      0 |       0 |      0 |     120 |      0 |       0 |      0 |       0 |
| X5Y0              |      1 |      24 |      0 |   21120 |      0 |    5280 |      0 |      48 |      0 |       0 |      0 |      72 |      0 |       0 |      1 |       1 |
| X0Y1              |      0 |       0 |      0 |       0 |      0 |       0 |      0 |       0 |      0 |       0 |      0 |       0 |      0 |       0 |      0 |       0 |
| X1Y1              |      2 |      24 |   2747 |   15360 |    311 |    4320 |     24 |      48 |      0 |       0 |      0 |     120 |      0 |       0 |      0 |       0 |
| X2Y1              |      2 |      24 |    376 |   22080 |     18 |    4800 |     22 |      48 |      0 |       0 |      0 |      96 |      0 |       0 |      0 |       0 |
| X3Y1              |      3 |      24 |    377 |   19200 |    199 |    5280 |     22 |      48 |      0 |       0 |      4 |      96 |      0 |       0 |      0 |       0 |
| X4Y1              |      3 |      24 |     34 |   15360 |      1 |    4320 |      0 |      48 |      0 |       0 |      0 |     120 |      0 |       0 |      0 |       0 |
| X5Y1              |      3 |      24 |    331 |   21120 |     54 |    5280 |      0 |      48 |      0 |       0 |      7 |      72 |      0 |       0 |      1 |       1 |
| X0Y2              |      0 |       0 |      0 |       0 |      0 |       0 |      0 |       0 |      0 |       0 |      0 |       0 |      0 |       0 |      0 |       0 |
| X1Y2              |      2 |      24 |    621 |   15360 |     54 |    4320 |     48 |      48 |      0 |       0 |      0 |     120 |      0 |       0 |      0 |       0 |
| X2Y2              |      2 |      24 |     37 |   22080 |      1 |    4800 |     48 |      48 |      0 |       0 |      0 |      96 |      0 |       0 |      0 |       0 |
| X3Y2              |      2 |      24 |    102 |   19200 |      4 |    5280 |     48 |      48 |      0 |       0 |      1 |      96 |      0 |       0 |      0 |       0 |
| X4Y2              |      2 |      24 |    119 |   15360 |      0 |    4320 |     44 |      48 |      0 |       0 |      0 |     120 |      0 |       0 |      0 |       0 |
| X5Y2              |      2 |      24 |   2854 |   21120 |      0 |    5280 |     14 |      48 |      0 |       0 |      0 |      72 |      0 |       0 |      1 |       1 |
| X0Y3              |      1 |      24 |      9 |   20160 |      0 |    3840 |     48 |      48 |      0 |      16 |      0 |      48 |      0 |       4 |      0 |       1 |
| X1Y3              |      2 |      24 |    478 |   16320 |     30 |    4800 |     48 |      48 |      0 |       0 |      0 |     120 |      0 |       0 |      0 |       0 |
| X2Y3              |      3 |      24 |   3193 |   22080 |     56 |    4800 |     48 |      48 |      0 |       0 |      4 |      96 |      0 |       0 |      0 |       0 |
| X3Y3              |      3 |      24 |    506 |   19200 |    234 |    5280 |     48 |      48 |      0 |       0 |      5 |      96 |      0 |       0 |      0 |       0 |
| X4Y3              |      2 |      24 |     65 |   15360 |      0 |    4320 |     48 |      48 |      0 |       0 |      0 |     120 |      0 |       0 |      0 |       0 |
| X5Y3              |      2 |      24 |   1185 |   21120 |     55 |    5280 |     24 |      48 |      0 |       0 |      7 |      72 |      0 |       0 |      1 |       1 |
| X0Y4              |      1 |      24 |      0 |   20160 |      0 |    3840 |     34 |      48 |      0 |      16 |      0 |      48 |      0 |       4 |      0 |       1 |
| X1Y4              |      1 |      24 |      0 |   16320 |      0 |    4800 |     46 |      48 |      0 |       0 |      0 |     120 |      0 |       0 |      0 |       0 |
| X2Y4              |      1 |      24 |     26 |   22080 |     16 |    4800 |     46 |      48 |      0 |       0 |      0 |      96 |      0 |       0 |      0 |       0 |
| X3Y4              |      2 |      24 |      9 |   19200 |      0 |    5280 |     44 |      48 |      0 |       0 |      0 |      96 |      0 |       0 |      0 |       0 |
| X4Y4              |      2 |      24 |      0 |   15360 |      0 |    4320 |     32 |      48 |      0 |       0 |      0 |     120 |      0 |       0 |      0 |       0 |
| X5Y4              |      1 |      24 |      0 |   21120 |      0 |    5280 |      0 |      48 |      0 |       0 |      0 |      72 |      0 |       0 |      1 |       1 |
| X0Y5              |      0 |      24 |      0 |   20160 |      0 |    3840 |      0 |      48 |      0 |      16 |      0 |      48 |      0 |       4 |      0 |       1 |
| X1Y5              |      1 |      24 |      0 |   16320 |      0 |    4800 |      2 |      48 |      0 |       0 |      0 |     120 |      0 |       0 |      0 |       0 |
| X2Y5              |      1 |      24 |      0 |   22080 |      0 |    4800 |      4 |      48 |      0 |       0 |      0 |      96 |      0 |       0 |      0 |       0 |
| X3Y5              |      2 |      24 |      0 |   19200 |      0 |    5280 |      2 |      48 |      0 |       0 |      0 |      96 |      0 |       0 |      0 |       0 |
| X4Y5              |      2 |      24 |      3 |   15360 |      0 |    4320 |      0 |      48 |      0 |       0 |      0 |     120 |      0 |       0 |      0 |       0 |
| X5Y5              |      1 |      24 |      0 |   21120 |      0 |    5280 |      0 |      48 |      0 |       0 |      0 |      72 |      0 |       0 |      1 |       1 |
| X0Y6              |      0 |      24 |      0 |   20160 |      0 |    3840 |      0 |      48 |      0 |      16 |      0 |      48 |      0 |       4 |      0 |       1 |
| X1Y6              |      0 |      24 |      0 |   16320 |      0 |    4800 |      0 |      48 |      0 |       0 |      0 |     120 |      0 |       0 |      0 |       0 |
| X2Y6              |      0 |      24 |      0 |   22080 |      0 |    4800 |      0 |      48 |      0 |       0 |      0 |      96 |      0 |       0 |      0 |       0 |
| X3Y6              |      1 |      24 |      0 |   19200 |      0 |    5280 |      0 |      48 |      0 |       0 |      0 |      96 |      0 |       0 |      0 |       0 |
| X4Y6              |      1 |      24 |      0 |   15360 |      0 |    4320 |      0 |      48 |      0 |       0 |      0 |     120 |      0 |       0 |      0 |       0 |
| X5Y6              |      1 |      24 |      0 |   21120 |      0 |    5280 |      0 |      48 |      0 |       0 |      0 |      72 |      0 |       0 |      1 |       1 |
| X0Y7              |      0 |      24 |      0 |   20160 |      0 |    3840 |      0 |      48 |      0 |      16 |      0 |      48 |      0 |       4 |      0 |       1 |
| X1Y7              |      0 |      24 |      0 |   16320 |      0 |    4800 |      0 |      48 |      0 |       0 |      0 |     120 |      0 |       0 |      0 |       0 |
| X2Y7              |      0 |      24 |      0 |   22080 |      0 |    4800 |      0 |      48 |      0 |       0 |      0 |      96 |      0 |       0 |      0 |       0 |
| X3Y7              |      1 |      24 |      0 |   19200 |      0 |    5280 |      0 |      48 |      0 |       0 |      0 |      96 |      0 |       0 |      0 |       0 |
| X4Y7              |      1 |      24 |      0 |   15360 |      0 |    4320 |      0 |      48 |      0 |       0 |      0 |     120 |      0 |       0 |      0 |       0 |
| X5Y7              |      1 |      24 |      0 |   21120 |      0 |    5280 |      0 |      48 |      0 |       0 |      0 |      72 |      0 |       0 |      1 |       1 |
+-------------------+--------+---------+--------+---------+--------+---------+--------+---------+--------+---------+--------+---------+--------+---------+--------+---------+
* Global Clock column represents track count; while other columns represents cell counts


6. Clock Regions : Global Clock Summary
---------------------------------------

All Modules
+----+----+----+----+----+----+----+
|    | X0 | X1 | X2 | X3 | X4 | X5 |
+----+----+----+----+----+----+----+
| Y7 |  0 |  0 |  0 |  2 |  2 |  1 |
| Y6 |  0 |  0 |  0 |  2 |  1 |  1 |
| Y5 |  0 |  1 |  1 |  3 |  2 |  1 |
| Y4 |  1 |  1 |  1 |  3 |  2 |  1 |
| Y3 |  1 |  2 |  3 |  3 |  2 |  2 |
| Y2 |  0 |  2 |  2 |  3 |  2 |  2 |
| Y1 |  0 |  2 |  2 |  3 |  3 |  3 |
| Y0 |  0 |  2 |  2 |  1 |  1 |  1 |
+----+----+----+----+----+----+----+


7. Clock Regions : Routing Resource Utilization
-----------------------------------------------

All Modules
+-------------------+----------------------+----------------------+----------------------+----------------------+
|                   |        HROUTES       |        HDISTRS       |        VROUTES       |        VDISTRS       |
+-------------------+------+-------+-------+------+-------+-------+------+-------+-------+------+-------+-------+
| Clock Region Name | Used | Avail | Util% | Used | Avail | Util% | Used | Avail | Util% | Used | Avail | Util% |
+-------------------+------+-------+-------+------+-------+-------+------+-------+-------+------+-------+-------+
| X0Y0              |    0 |     0 |  0.00 |    0 |     0 |  0.00 |    0 |     0 |  0.00 |    0 |     0 |  0.00 |
| X1Y0              |    0 |    24 |  0.00 |    2 |    24 |  8.33 |    0 |    24 |  0.00 |    0 |    24 |  0.00 |
| X2Y0              |    0 |    24 |  0.00 |    2 |    24 |  8.33 |    0 |    24 |  0.00 |    1 |    24 |  4.17 |
| X3Y0              |    0 |    24 |  0.00 |    1 |    24 |  4.17 |    0 |    24 |  0.00 |    1 |    24 |  4.17 |
| X4Y0              |    0 |    24 |  0.00 |    1 |    24 |  4.17 |    0 |    24 |  0.00 |    0 |    24 |  0.00 |
| X5Y0              |    0 |    24 |  0.00 |    1 |    24 |  4.17 |    0 |    24 |  0.00 |    0 |    24 |  0.00 |
| X0Y1              |    0 |     0 |  0.00 |    0 |     0 |  0.00 |    0 |     0 |  0.00 |    0 |     0 |  0.00 |
| X1Y1              |    0 |    24 |  0.00 |    2 |    24 |  8.33 |    0 |    24 |  0.00 |    0 |    24 |  0.00 |
| X2Y1              |    0 |    24 |  0.00 |    2 |    24 |  8.33 |    0 |    24 |  0.00 |    1 |    24 |  4.17 |
| X3Y1              |    0 |    24 |  0.00 |    3 |    24 | 12.50 |    0 |    24 |  0.00 |    2 |    24 |  8.33 |
| X4Y1              |    0 |    24 |  0.00 |    3 |    24 | 12.50 |    0 |    24 |  0.00 |    0 |    24 |  0.00 |
| X5Y1              |    0 |    24 |  0.00 |    3 |    24 | 12.50 |    0 |    24 |  0.00 |    0 |    24 |  0.00 |
| X0Y2              |    0 |     0 |  0.00 |    0 |     0 |  0.00 |    0 |     0 |  0.00 |    0 |     0 |  0.00 |
| X1Y2              |    2 |    24 |  8.33 |    2 |    24 |  8.33 |    0 |    24 |  0.00 |    0 |    24 |  0.00 |
| X2Y2              |    4 |    24 | 16.67 |    2 |    24 |  8.33 |    0 |    24 |  0.00 |    1 |    24 |  4.17 |
| X3Y2              |    4 |    24 | 16.67 |    2 |    24 |  8.33 |    1 |    24 |  4.17 |    2 |    24 |  8.33 |
| X4Y2              |    3 |    24 | 12.50 |    2 |    24 |  8.33 |    0 |    24 |  0.00 |    0 |    24 |  0.00 |
| X5Y2              |    2 |    24 |  8.33 |    2 |    24 |  8.33 |    0 |    24 |  0.00 |    0 |    24 |  0.00 |
| X0Y3              |    0 |    24 |  0.00 |    1 |    24 |  4.17 |    0 |    24 |  0.00 |    0 |    24 |  0.00 |
| X1Y3              |    0 |    24 |  0.00 |    2 |    24 |  8.33 |    0 |    24 |  0.00 |    0 |    24 |  0.00 |
| X2Y3              |    0 |    24 |  0.00 |    3 |    24 | 12.50 |    0 |    24 |  0.00 |    1 |    24 |  4.17 |
| X3Y3              |    0 |    24 |  0.00 |    3 |    24 | 12.50 |    2 |    24 |  8.33 |    1 |    24 |  4.17 |
| X4Y3              |    0 |    24 |  0.00 |    2 |    24 |  8.33 |    0 |    24 |  0.00 |    0 |    24 |  0.00 |
| X5Y3              |    0 |    24 |  0.00 |    2 |    24 |  8.33 |    0 |    24 |  0.00 |    0 |    24 |  0.00 |
| X0Y4              |    0 |    24 |  0.00 |    1 |    24 |  4.17 |    0 |    24 |  0.00 |    0 |    24 |  0.00 |
| X1Y4              |    0 |    24 |  0.00 |    1 |    24 |  4.17 |    0 |    24 |  0.00 |    0 |    24 |  0.00 |
| X2Y4              |    0 |    24 |  0.00 |    1 |    24 |  4.17 |    0 |    24 |  0.00 |    1 |    24 |  4.17 |
| X3Y4              |    0 |    24 |  0.00 |    2 |    24 |  8.33 |    1 |    24 |  4.17 |    1 |    24 |  4.17 |
| X4Y4              |    0 |    24 |  0.00 |    2 |    24 |  8.33 |    0 |    24 |  0.00 |    0 |    24 |  0.00 |
| X5Y4              |    0 |    24 |  0.00 |    1 |    24 |  4.17 |    0 |    24 |  0.00 |    0 |    24 |  0.00 |
| X0Y5              |    0 |    24 |  0.00 |    0 |    24 |  0.00 |    0 |    24 |  0.00 |    0 |    24 |  0.00 |
| X1Y5              |    0 |    24 |  0.00 |    1 |    24 |  4.17 |    0 |    24 |  0.00 |    0 |    24 |  0.00 |
| X2Y5              |    0 |    24 |  0.00 |    1 |    24 |  4.17 |    0 |    24 |  0.00 |    0 |    24 |  0.00 |
| X3Y5              |    0 |    24 |  0.00 |    2 |    24 |  8.33 |    1 |    24 |  4.17 |    1 |    24 |  4.17 |
| X4Y5              |    0 |    24 |  0.00 |    2 |    24 |  8.33 |    0 |    24 |  0.00 |    0 |    24 |  0.00 |
| X5Y5              |    0 |    24 |  0.00 |    1 |    24 |  4.17 |    0 |    24 |  0.00 |    0 |    24 |  0.00 |
| X0Y6              |    0 |    24 |  0.00 |    0 |    24 |  0.00 |    0 |    24 |  0.00 |    0 |    24 |  0.00 |
| X1Y6              |    0 |    24 |  0.00 |    0 |    24 |  0.00 |    0 |    24 |  0.00 |    0 |    24 |  0.00 |
| X2Y6              |    0 |    24 |  0.00 |    0 |    24 |  0.00 |    0 |    24 |  0.00 |    0 |    24 |  0.00 |
| X3Y6              |    0 |    24 |  0.00 |    1 |    24 |  4.17 |    1 |    24 |  4.17 |    1 |    24 |  4.17 |
| X4Y6              |    0 |    24 |  0.00 |    1 |    24 |  4.17 |    0 |    24 |  0.00 |    0 |    24 |  0.00 |
| X5Y6              |    0 |    24 |  0.00 |    1 |    24 |  4.17 |    0 |    24 |  0.00 |    0 |    24 |  0.00 |
| X0Y7              |    0 |    24 |  0.00 |    0 |    24 |  0.00 |    0 |    24 |  0.00 |    0 |    24 |  0.00 |
| X1Y7              |    0 |    24 |  0.00 |    0 |    24 |  0.00 |    0 |    24 |  0.00 |    0 |    24 |  0.00 |
| X2Y7              |    0 |    24 |  0.00 |    0 |    24 |  0.00 |    0 |    24 |  0.00 |    0 |    24 |  0.00 |
| X3Y7              |    2 |    24 |  8.33 |    1 |    24 |  4.17 |    1 |    24 |  4.17 |    0 |    24 |  0.00 |
| X4Y7              |    1 |    24 |  4.17 |    1 |    24 |  4.17 |    0 |    24 |  0.00 |    0 |    24 |  0.00 |
| X5Y7              |    0 |    24 |  0.00 |    1 |    24 |  4.17 |    0 |    24 |  0.00 |    0 |    24 |  0.00 |
+-------------------+------+-------+-------+------+-------+-------+------+-------+-------+------+-------+-------+


8. Device Cell Placement Summary for Global Clock g0
----------------------------------------------------

+-----------+-----------------+-------------------+----------+-------------+---------------+----------+-------------+----------+----------------+----------+-------------------------------------------+
| Global Id | Driver Type/Pin | Driver Region (D) | Clock    | Period (ns) | Waveform (ns) | Root (R) | Slice Loads | IO Loads | Clocking Loads | GT Loads | Net                                       |
+-----------+-----------------+-------------------+----------+-------------+---------------+----------+-------------+----------+----------------+----------+-------------------------------------------+
| g0        | BUFG_PS/O       | X1Y2              | clk_pl_0 |       6.666 | {0.000 3.333} | X3Y3     |       11694 |        0 |              0 |        0 | design_1_i/zynq_ultra_ps_e_0/inst/pl_clk0 |
+-----------+-----------------+-------------------+----------+-------------+---------------+----------+-------------+----------+----------------+----------+-------------------------------------------+
* Slice Loads column represents load cell count of all cell types other than IO, GT and clock resources
** IO Loads column represents load cell count of IO types
*** Clocking Loads column represents load cell count that are clock resources (global clock buffer, MMCM, PLL, etc)
**** GT Loads column represents load cell count of GT types


+----+----+----------+------+-------+------+-------+-----------------------+
|    | X0 | X1       | X2   | X3    | X4   | X5    | HORIZONTAL PROG DELAY |
+----+----+----------+------+-------+------+-------+-----------------------+
| Y7 |  0 |        0 |    0 |     0 |    0 |     1 |                     0 |
| Y6 |  0 |        0 |    0 |     0 |    0 |     1 |                     1 |
| Y5 |  0 |        0 |    0 |     0 |    0 |     1 |                     2 |
| Y4 |  0 |        0 |    0 |     0 |    0 |     1 |                     3 |
| Y3 |  0 |       14 |    0 | (R) 0 |   14 |  1021 |                     3 |
| Y2 |  0 |  (D) 667 |    5 |    34 |  119 |  2851 |                     2 |
| Y1 |  0 |     2843 |  243 |     0 |    0 |     9 |                     1 |
| Y0 |  1 |     3842 |   26 |     0 |    0 |     1 |                     0 |
+----+----+----------+------+-------+------+-------+-----------------------+


9. Device Cell Placement Summary for Global Clock g1
----------------------------------------------------

+-----------+-----------------+-------------------+------------+-------------+---------------+----------+-------------+----------+----------------+----------+----------------------------------------------------------------------------------------------------+
| Global Id | Driver Type/Pin | Driver Region (D) | Clock      | Period (ns) | Waveform (ns) | Root (R) | Slice Loads | IO Loads | Clocking Loads | GT Loads | Net                                                                                                |
+-----------+-----------------+-------------------+------------+-------------+---------------+----------+-------------+----------+----------------+----------+----------------------------------------------------------------------------------------------------+
| g1        | BUFG_GT/O       | X5Y2              | RFADC2_CLK |      15.625 | {0.000 7.812} | X2Y2     |        6346 |        0 |              0 |        0 | design_1_i/usp_rf_data_converter_0/inst/i_design_1_usp_rf_data_converter_0_0_bufg_gt_ctrl/clk_adc2 |
+-----------+-----------------+-------------------+------------+-------------+---------------+----------+-------------+----------+----------------+----------+----------------------------------------------------------------------------------------------------+
* Slice Loads column represents load cell count of all cell types other than IO, GT and clock resources
** IO Loads column represents load cell count of IO types
*** Clocking Loads column represents load cell count that are clock resources (global clock buffer, MMCM, PLL, etc)
**** GT Loads column represents load cell count of GT types


+----+-----+------+--------+------+-----+---------+-----------------------+
|    | X0  | X1   | X2     | X3   | X4  | X5      | HORIZONTAL PROG DELAY |
+----+-----+------+--------+------+-----+---------+-----------------------+
| Y7 |   0 |    0 |      0 |    0 |   0 |       0 |                     - |
| Y6 |   0 |    0 |      0 |    0 |   0 |       0 |                     - |
| Y5 |   0 |    1 |      2 |    1 |   3 |       0 |                     0 |
| Y4 |  17 |   23 |     65 |   31 |  16 |       0 |                     1 |
| Y3 |  33 |  518 |   2976 |  768 |  75 |     239 |                     2 |
| Y2 |   0 |   32 | (R) 57 |   97 |  22 |  (D) 12 |                     2 |
| Y1 |   0 |  227 |    162 |  591 |  35 |     225 |                     1 |
| Y0 |   0 |  115 |      3 |    0 |   0 |       0 |                     0 |
+----+-----+------+--------+------+-----+---------+-----------------------+


10. Device Cell Placement Summary for Global Clock g2
-----------------------------------------------------

+-----------+-----------------+-------------------+-----------------------------------------------------------------------------------------------------+-------------+----------------+----------+-------------+----------+----------------+----------+----------------------------------------+
| Global Id | Driver Type/Pin | Driver Region (D) | Clock                                                                                               | Period (ns) | Waveform (ns)  | Root (R) | Slice Loads | IO Loads | Clocking Loads | GT Loads | Net                                    |
+-----------+-----------------+-------------------+-----------------------------------------------------------------------------------------------------+-------------+----------------+----------+-------------+----------+----------------+----------+----------------------------------------+
| g2        | BUFGCE/O        | X4Y7              | dbg_hub/inst/BSCANID.u_xsdbm_id/SWITCH_N_EXT_BSCAN.bscan_inst/SERIES7_BSCAN.bscan_inst/INTERNAL_TCK |      50.000 | {0.000 25.000} | X3Y2     |         461 |        0 |              0 |        0 | dbg_hub/inst/BSCANID.u_xsdbm_id/itck_i |
+-----------+-----------------+-------------------+-----------------------------------------------------------------------------------------------------+-------------+----------------+----------+-------------+----------+----------------+----------+----------------------------------------+
* Slice Loads column represents load cell count of all cell types other than IO, GT and clock resources
** IO Loads column represents load cell count of IO types
*** Clocking Loads column represents load cell count that are clock resources (global clock buffer, MMCM, PLL, etc)
**** GT Loads column represents load cell count of GT types


+----+----+----+------+-------+--------+------+-----------------------+
|    | X0 | X1 | X2   | X3    | X4     | X5   | HORIZONTAL PROG DELAY |
+----+----+----+------+-------+--------+------+-----------------------+
| Y7 |  0 |  0 |    0 |     0 |  (D) 0 |    0 |                     - |
| Y6 |  0 |  0 |    0 |     0 |      0 |    0 |                     - |
| Y5 |  0 |  0 |    0 |     0 |      0 |    0 |                     - |
| Y4 |  0 |  0 |    0 |     0 |      0 |    0 |                     - |
| Y3 |  0 |  0 |  301 |     1 |      0 |    0 |                     1 |
| Y2 |  0 |  0 |    0 | (R) 0 |      0 |    0 |                     - |
| Y1 |  0 |  0 |    0 |     0 |      0 |  159 |                     0 |
| Y0 |  0 |  0 |    0 |     0 |      0 |    0 |                     - |
+----+----+----+------+-------+--------+------+-----------------------+


11. Clock Region Cell Placement per Global Clock: Region X1Y0
-------------------------------------------------------------

+-----------+-------+-----------------+------------+-------------+-----------------+------+-------------+------+------+-----+----+------+-----+---------+----------------------------------------------------------------------------------------------------+
| Global Id | Track | Driver Type/Pin | Constraint | Clock Loads | Non-Clock Loads | FF   | Memory LUTs | RAMB | URAM | DSP | GT | MMCM | PLL | Hard IP | Net                                                                                                |
+-----------+-------+-----------------+------------+-------------+-----------------+------+-------------+------+------+-----+----+------+-----+---------+----------------------------------------------------------------------------------------------------+
| g0        | 17    | BUFG_PS/O       | None       |        3842 |               0 | 3421 |         417 |    4 |    0 |   0 |  0 |    0 |   0 |       0 | design_1_i/zynq_ultra_ps_e_0/inst/pl_clk0                                                          |
| g1        | 23    | BUFG_GT/O       | None       |         115 |               0 |  112 |           0 |    3 |    0 |   0 |  0 |    0 |   0 |       0 | design_1_i/usp_rf_data_converter_0/inst/i_design_1_usp_rf_data_converter_0_0_bufg_gt_ctrl/clk_adc2 |
+-----------+-------+-----------------+------------+-------------+-----------------+------+-------------+------+------+-----+----+------+-----+---------+----------------------------------------------------------------------------------------------------+
* Clock Loads column represents cell count of net connects that connect to a clock pin. Internal cell leaf pins are not considered
** Non-Clock Loads column represents cell count of non-clock pin loads
*** Columns FF, LUTRAM, RAMB through 'Hard IP' represents load cell counts


12. Clock Region Cell Placement per Global Clock: Region X2Y0
-------------------------------------------------------------

+-----------+-------+-----------------+------------+-------------+-----------------+----+-------------+------+------+-----+----+------+-----+---------+----------------------------------------------------------------------------------------------------+
| Global Id | Track | Driver Type/Pin | Constraint | Clock Loads | Non-Clock Loads | FF | Memory LUTs | RAMB | URAM | DSP | GT | MMCM | PLL | Hard IP | Net                                                                                                |
+-----------+-------+-----------------+------------+-------------+-----------------+----+-------------+------+------+-----+----+------+-----+---------+----------------------------------------------------------------------------------------------------+
| g0        | 17    | BUFG_PS/O       | None       |          26 |               0 | 26 |           0 |    0 |    0 |   0 |  0 |    0 |   0 |       0 | design_1_i/zynq_ultra_ps_e_0/inst/pl_clk0                                                          |
| g1        | 23    | BUFG_GT/O       | None       |           3 |               0 |  3 |           0 |    0 |    0 |   0 |  0 |    0 |   0 |       0 | design_1_i/usp_rf_data_converter_0/inst/i_design_1_usp_rf_data_converter_0_0_bufg_gt_ctrl/clk_adc2 |
+-----------+-------+-----------------+------------+-------------+-----------------+----+-------------+------+------+-----+----+------+-----+---------+----------------------------------------------------------------------------------------------------+
* Clock Loads column represents cell count of net connects that connect to a clock pin. Internal cell leaf pins are not considered
** Non-Clock Loads column represents cell count of non-clock pin loads
*** Columns FF, LUTRAM, RAMB through 'Hard IP' represents load cell counts


13. Clock Region Cell Placement per Global Clock: Region X3Y0
-------------------------------------------------------------

+-----------+-------+-----------------+------------+-------------+-----------------+----+-------------+------+------+-----+----+------+-----+---------+-------------------------------------------+
| Global Id | Track | Driver Type/Pin | Constraint | Clock Loads | Non-Clock Loads | FF | Memory LUTs | RAMB | URAM | DSP | GT | MMCM | PLL | Hard IP | Net                                       |
+-----------+-------+-----------------+------------+-------------+-----------------+----+-------------+------+------+-----+----+------+-----+---------+-------------------------------------------+
| g0+       | 17    | BUFG_PS/O       | None       |           0 |               0 |  0 |           0 |    0 |    0 |   0 |  0 |    0 |   0 |       0 | design_1_i/zynq_ultra_ps_e_0/inst/pl_clk0 |
+-----------+-------+-----------------+------------+-------------+-----------------+----+-------------+------+------+-----+----+------+-----+---------+-------------------------------------------+
* Clock Loads column represents cell count of net connects that connect to a clock pin. Internal cell leaf pins are not considered
** Non-Clock Loads column represents cell count of non-clock pin loads
*** Columns FF, LUTRAM, RAMB through 'Hard IP' represents load cell counts
**** In Global Id column, sympbol '+' indicates that global clock was used only to route through the clock region.


14. Clock Region Cell Placement per Global Clock: Region X4Y0
-------------------------------------------------------------

+-----------+-------+-----------------+------------+-------------+-----------------+----+-------------+------+------+-----+----+------+-----+---------+-------------------------------------------+
| Global Id | Track | Driver Type/Pin | Constraint | Clock Loads | Non-Clock Loads | FF | Memory LUTs | RAMB | URAM | DSP | GT | MMCM | PLL | Hard IP | Net                                       |
+-----------+-------+-----------------+------------+-------------+-----------------+----+-------------+------+------+-----+----+------+-----+---------+-------------------------------------------+
| g0+       | 17    | BUFG_PS/O       | None       |           0 |               0 |  0 |           0 |    0 |    0 |   0 |  0 |    0 |   0 |       0 | design_1_i/zynq_ultra_ps_e_0/inst/pl_clk0 |
+-----------+-------+-----------------+------------+-------------+-----------------+----+-------------+------+------+-----+----+------+-----+---------+-------------------------------------------+
* Clock Loads column represents cell count of net connects that connect to a clock pin. Internal cell leaf pins are not considered
** Non-Clock Loads column represents cell count of non-clock pin loads
*** Columns FF, LUTRAM, RAMB through 'Hard IP' represents load cell counts
**** In Global Id column, sympbol '+' indicates that global clock was used only to route through the clock region.


15. Clock Region Cell Placement per Global Clock: Region X5Y0
-------------------------------------------------------------

+-----------+-------+-----------------+------------+-------------+-----------------+----+-------------+------+------+-----+----+------+-----+---------+-------------------------------------------+
| Global Id | Track | Driver Type/Pin | Constraint | Clock Loads | Non-Clock Loads | FF | Memory LUTs | RAMB | URAM | DSP | GT | MMCM | PLL | Hard IP | Net                                       |
+-----------+-------+-----------------+------------+-------------+-----------------+----+-------------+------+------+-----+----+------+-----+---------+-------------------------------------------+
| g0        | 17    | BUFG_PS/O       | None       |           1 |               0 |  0 |           0 |    0 |    0 |   0 |  0 |    0 |   0 |       0 | design_1_i/zynq_ultra_ps_e_0/inst/pl_clk0 |
+-----------+-------+-----------------+------------+-------------+-----------------+----+-------------+------+------+-----+----+------+-----+---------+-------------------------------------------+
* Clock Loads column represents cell count of net connects that connect to a clock pin. Internal cell leaf pins are not considered
** Non-Clock Loads column represents cell count of non-clock pin loads
*** Columns FF, LUTRAM, RAMB through 'Hard IP' represents load cell counts


16. Clock Region Cell Placement per Global Clock: Region X1Y1
-------------------------------------------------------------

+-----------+-------+-----------------+------------+-------------+-----------------+------+-------------+------+------+-----+----+------+-----+---------+----------------------------------------------------------------------------------------------------+
| Global Id | Track | Driver Type/Pin | Constraint | Clock Loads | Non-Clock Loads | FF   | Memory LUTs | RAMB | URAM | DSP | GT | MMCM | PLL | Hard IP | Net                                                                                                |
+-----------+-------+-----------------+------------+-------------+-----------------+------+-------------+------+------+-----+----+------+-----+---------+----------------------------------------------------------------------------------------------------+
| g0        | 17    | BUFG_PS/O       | None       |        2843 |               0 | 2532 |         311 |    0 |    0 |   0 |  0 |    0 |   0 |       0 | design_1_i/zynq_ultra_ps_e_0/inst/pl_clk0                                                          |
| g1        | 23    | BUFG_GT/O       | None       |         227 |               0 |  215 |           0 |   12 |    0 |   0 |  0 |    0 |   0 |       0 | design_1_i/usp_rf_data_converter_0/inst/i_design_1_usp_rf_data_converter_0_0_bufg_gt_ctrl/clk_adc2 |
+-----------+-------+-----------------+------------+-------------+-----------------+------+-------------+------+------+-----+----+------+-----+---------+----------------------------------------------------------------------------------------------------+
* Clock Loads column represents cell count of net connects that connect to a clock pin. Internal cell leaf pins are not considered
** Non-Clock Loads column represents cell count of non-clock pin loads
*** Columns FF, LUTRAM, RAMB through 'Hard IP' represents load cell counts


17. Clock Region Cell Placement per Global Clock: Region X2Y1
-------------------------------------------------------------

+-----------+-------+-----------------+------------+-------------+-----------------+-----+-------------+------+------+-----+----+------+-----+---------+----------------------------------------------------------------------------------------------------+
| Global Id | Track | Driver Type/Pin | Constraint | Clock Loads | Non-Clock Loads | FF  | Memory LUTs | RAMB | URAM | DSP | GT | MMCM | PLL | Hard IP | Net                                                                                                |
+-----------+-------+-----------------+------------+-------------+-----------------+-----+-------------+------+------+-----+----+------+-----+---------+----------------------------------------------------------------------------------------------------+
| g0        | 17    | BUFG_PS/O       | None       |         243 |               0 | 243 |           0 |    0 |    0 |   0 |  0 |    0 |   0 |       0 | design_1_i/zynq_ultra_ps_e_0/inst/pl_clk0                                                          |
| g1        | 23    | BUFG_GT/O       | None       |         162 |               0 | 133 |          18 |   11 |    0 |   0 |  0 |    0 |   0 |       0 | design_1_i/usp_rf_data_converter_0/inst/i_design_1_usp_rf_data_converter_0_0_bufg_gt_ctrl/clk_adc2 |
+-----------+-------+-----------------+------------+-------------+-----------------+-----+-------------+------+------+-----+----+------+-----+---------+----------------------------------------------------------------------------------------------------+
* Clock Loads column represents cell count of net connects that connect to a clock pin. Internal cell leaf pins are not considered
** Non-Clock Loads column represents cell count of non-clock pin loads
*** Columns FF, LUTRAM, RAMB through 'Hard IP' represents load cell counts


18. Clock Region Cell Placement per Global Clock: Region X3Y1
-------------------------------------------------------------

+-----------+-------+-----------------+------------+-------------+-----------------+-----+-------------+------+------+-----+----+------+-----+---------+----------------------------------------------------------------------------------------------------+
| Global Id | Track | Driver Type/Pin | Constraint | Clock Loads | Non-Clock Loads | FF  | Memory LUTs | RAMB | URAM | DSP | GT | MMCM | PLL | Hard IP | Net                                                                                                |
+-----------+-------+-----------------+------------+-------------+-----------------+-----+-------------+------+------+-----+----+------+-----+---------+----------------------------------------------------------------------------------------------------+
| g0+       | 17    | BUFG_PS/O       | None       |           0 |               0 |   0 |           0 |    0 |    0 |   0 |  0 |    0 |   0 |       0 | design_1_i/zynq_ultra_ps_e_0/inst/pl_clk0                                                          |
| g1        | 23    | BUFG_GT/O       | None       |         591 |               0 | 377 |         199 |   11 |    0 |   4 |  0 |    0 |   0 |       0 | design_1_i/usp_rf_data_converter_0/inst/i_design_1_usp_rf_data_converter_0_0_bufg_gt_ctrl/clk_adc2 |
| g2+       | 11    | BUFGCE/O        | None       |           0 |               0 |   0 |           0 |    0 |    0 |   0 |  0 |    0 |   0 |       0 | dbg_hub/inst/BSCANID.u_xsdbm_id/itck_i                                                             |
+-----------+-------+-----------------+------------+-------------+-----------------+-----+-------------+------+------+-----+----+------+-----+---------+----------------------------------------------------------------------------------------------------+
* Clock Loads column represents cell count of net connects that connect to a clock pin. Internal cell leaf pins are not considered
** Non-Clock Loads column represents cell count of non-clock pin loads
*** Columns FF, LUTRAM, RAMB through 'Hard IP' represents load cell counts
**** In Global Id column, sympbol '+' indicates that global clock was used only to route through the clock region.


19. Clock Region Cell Placement per Global Clock: Region X4Y1
-------------------------------------------------------------

+-----------+-------+-----------------+------------+-------------+-----------------+----+-------------+------+------+-----+----+------+-----+---------+----------------------------------------------------------------------------------------------------+
| Global Id | Track | Driver Type/Pin | Constraint | Clock Loads | Non-Clock Loads | FF | Memory LUTs | RAMB | URAM | DSP | GT | MMCM | PLL | Hard IP | Net                                                                                                |
+-----------+-------+-----------------+------------+-------------+-----------------+----+-------------+------+------+-----+----+------+-----+---------+----------------------------------------------------------------------------------------------------+
| g0+       | 17    | BUFG_PS/O       | None       |           0 |               0 |  0 |           0 |    0 |    0 |   0 |  0 |    0 |   0 |       0 | design_1_i/zynq_ultra_ps_e_0/inst/pl_clk0                                                          |
| g1        | 23    | BUFG_GT/O       | None       |          35 |               0 | 34 |           1 |    0 |    0 |   0 |  0 |    0 |   0 |       0 | design_1_i/usp_rf_data_converter_0/inst/i_design_1_usp_rf_data_converter_0_0_bufg_gt_ctrl/clk_adc2 |
| g2+       | 11    | BUFGCE/O        | None       |           0 |               0 |  0 |           0 |    0 |    0 |   0 |  0 |    0 |   0 |       0 | dbg_hub/inst/BSCANID.u_xsdbm_id/itck_i                                                             |
+-----------+-------+-----------------+------------+-------------+-----------------+----+-------------+------+------+-----+----+------+-----+---------+----------------------------------------------------------------------------------------------------+
* Clock Loads column represents cell count of net connects that connect to a clock pin. Internal cell leaf pins are not considered
** Non-Clock Loads column represents cell count of non-clock pin loads
*** Columns FF, LUTRAM, RAMB through 'Hard IP' represents load cell counts
**** In Global Id column, sympbol '+' indicates that global clock was used only to route through the clock region.


20. Clock Region Cell Placement per Global Clock: Region X5Y1
-------------------------------------------------------------

+-----------+-------+-----------------+------------+-------------+-----------------+-----+-------------+------+------+-----+----+------+-----+---------+----------------------------------------------------------------------------------------------------+
| Global Id | Track | Driver Type/Pin | Constraint | Clock Loads | Non-Clock Loads | FF  | Memory LUTs | RAMB | URAM | DSP | GT | MMCM | PLL | Hard IP | Net                                                                                                |
+-----------+-------+-----------------+------------+-------------+-----------------+-----+-------------+------+------+-----+----+------+-----+---------+----------------------------------------------------------------------------------------------------+
| g0        | 17    | BUFG_PS/O       | None       |           9 |               0 |   8 |           0 |    0 |    0 |   0 |  0 |    0 |   0 |       0 | design_1_i/zynq_ultra_ps_e_0/inst/pl_clk0                                                          |
| g1        | 23    | BUFG_GT/O       | None       |         225 |               0 | 164 |          54 |    0 |    0 |   7 |  0 |    0 |   0 |       0 | design_1_i/usp_rf_data_converter_0/inst/i_design_1_usp_rf_data_converter_0_0_bufg_gt_ctrl/clk_adc2 |
| g2        | 11    | BUFGCE/O        | None       |         159 |               0 | 159 |           0 |    0 |    0 |   0 |  0 |    0 |   0 |       0 | dbg_hub/inst/BSCANID.u_xsdbm_id/itck_i                                                             |
+-----------+-------+-----------------+------------+-------------+-----------------+-----+-------------+------+------+-----+----+------+-----+---------+----------------------------------------------------------------------------------------------------+
* Clock Loads column represents cell count of net connects that connect to a clock pin. Internal cell leaf pins are not considered
** Non-Clock Loads column represents cell count of non-clock pin loads
*** Columns FF, LUTRAM, RAMB through 'Hard IP' represents load cell counts


21. Clock Region Cell Placement per Global Clock: Region X1Y2
-------------------------------------------------------------

+-----------+-------+-----------------+------------+-------------+-----------------+-----+-------------+------+------+-----+----+------+-----+---------+----------------------------------------------------------------------------------------------------+
| Global Id | Track | Driver Type/Pin | Constraint | Clock Loads | Non-Clock Loads | FF  | Memory LUTs | RAMB | URAM | DSP | GT | MMCM | PLL | Hard IP | Net                                                                                                |
+-----------+-------+-----------------+------------+-------------+-----------------+-----+-------------+------+------+-----+----+------+-----+---------+----------------------------------------------------------------------------------------------------+
| g0        | 17    | BUFG_PS/O       | None       |         667 |               0 | 613 |          54 |    0 |    0 |   0 |  0 |    0 |   0 |       0 | design_1_i/zynq_ultra_ps_e_0/inst/pl_clk0                                                          |
| g1        | 23    | BUFG_GT/O       | None       |          32 |               0 |   8 |           0 |   24 |    0 |   0 |  0 |    0 |   0 |       0 | design_1_i/usp_rf_data_converter_0/inst/i_design_1_usp_rf_data_converter_0_0_bufg_gt_ctrl/clk_adc2 |
+-----------+-------+-----------------+------------+-------------+-----------------+-----+-------------+------+------+-----+----+------+-----+---------+----------------------------------------------------------------------------------------------------+
* Clock Loads column represents cell count of net connects that connect to a clock pin. Internal cell leaf pins are not considered
** Non-Clock Loads column represents cell count of non-clock pin loads
*** Columns FF, LUTRAM, RAMB through 'Hard IP' represents load cell counts


22. Clock Region Cell Placement per Global Clock: Region X2Y2
-------------------------------------------------------------

+-----------+-------+-----------------+------------+-------------+-----------------+----+-------------+------+------+-----+----+------+-----+---------+----------------------------------------------------------------------------------------------------+
| Global Id | Track | Driver Type/Pin | Constraint | Clock Loads | Non-Clock Loads | FF | Memory LUTs | RAMB | URAM | DSP | GT | MMCM | PLL | Hard IP | Net                                                                                                |
+-----------+-------+-----------------+------------+-------------+-----------------+----+-------------+------+------+-----+----+------+-----+---------+----------------------------------------------------------------------------------------------------+
| g0        | 17    | BUFG_PS/O       | None       |           5 |               0 |  5 |           0 |    0 |    0 |   0 |  0 |    0 |   0 |       0 | design_1_i/zynq_ultra_ps_e_0/inst/pl_clk0                                                          |
| g1        | 23    | BUFG_GT/O       | None       |          57 |               0 | 32 |           1 |   24 |    0 |   0 |  0 |    0 |   0 |       0 | design_1_i/usp_rf_data_converter_0/inst/i_design_1_usp_rf_data_converter_0_0_bufg_gt_ctrl/clk_adc2 |
+-----------+-------+-----------------+------------+-------------+-----------------+----+-------------+------+------+-----+----+------+-----+---------+----------------------------------------------------------------------------------------------------+
* Clock Loads column represents cell count of net connects that connect to a clock pin. Internal cell leaf pins are not considered
** Non-Clock Loads column represents cell count of non-clock pin loads
*** Columns FF, LUTRAM, RAMB through 'Hard IP' represents load cell counts


23. Clock Region Cell Placement per Global Clock: Region X3Y2
-------------------------------------------------------------

+-----------+-------+-----------------+------------+-------------+-----------------+----+-------------+------+------+-----+----+------+-----+---------+----------------------------------------------------------------------------------------------------+
| Global Id | Track | Driver Type/Pin | Constraint | Clock Loads | Non-Clock Loads | FF | Memory LUTs | RAMB | URAM | DSP | GT | MMCM | PLL | Hard IP | Net                                                                                                |
+-----------+-------+-----------------+------------+-------------+-----------------+----+-------------+------+------+-----+----+------+-----+---------+----------------------------------------------------------------------------------------------------+
| g0        | 17    | BUFG_PS/O       | None       |          34 |               0 | 33 |           1 |    0 |    0 |   0 |  0 |    0 |   0 |       0 | design_1_i/zynq_ultra_ps_e_0/inst/pl_clk0                                                          |
| g1        | 23    | BUFG_GT/O       | None       |          97 |               0 | 69 |           3 |   24 |    0 |   1 |  0 |    0 |   0 |       0 | design_1_i/usp_rf_data_converter_0/inst/i_design_1_usp_rf_data_converter_0_0_bufg_gt_ctrl/clk_adc2 |
| g2+       | 11    | BUFGCE/O        | None       |           0 |               0 |  0 |           0 |    0 |    0 |   0 |  0 |    0 |   0 |       0 | dbg_hub/inst/BSCANID.u_xsdbm_id/itck_i                                                             |
+-----------+-------+-----------------+------------+-------------+-----------------+----+-------------+------+------+-----+----+------+-----+---------+----------------------------------------------------------------------------------------------------+
* Clock Loads column represents cell count of net connects that connect to a clock pin. Internal cell leaf pins are not considered
** Non-Clock Loads column represents cell count of non-clock pin loads
*** Columns FF, LUTRAM, RAMB through 'Hard IP' represents load cell counts
**** In Global Id column, sympbol '+' indicates that global clock was used only to route through the clock region.


24. Clock Region Cell Placement per Global Clock: Region X4Y2
-------------------------------------------------------------

+-----------+-------+-----------------+------------+-------------+-----------------+-----+-------------+------+------+-----+----+------+-----+---------+----------------------------------------------------------------------------------------------------+
| Global Id | Track | Driver Type/Pin | Constraint | Clock Loads | Non-Clock Loads | FF  | Memory LUTs | RAMB | URAM | DSP | GT | MMCM | PLL | Hard IP | Net                                                                                                |
+-----------+-------+-----------------+------------+-------------+-----------------+-----+-------------+------+------+-----+----+------+-----+---------+----------------------------------------------------------------------------------------------------+
| g0        | 17    | BUFG_PS/O       | None       |         119 |               0 | 119 |           0 |    0 |    0 |   0 |  0 |    0 |   0 |       0 | design_1_i/zynq_ultra_ps_e_0/inst/pl_clk0                                                          |
| g1        | 23    | BUFG_GT/O       | None       |          22 |               0 |   0 |           0 |   22 |    0 |   0 |  0 |    0 |   0 |       0 | design_1_i/usp_rf_data_converter_0/inst/i_design_1_usp_rf_data_converter_0_0_bufg_gt_ctrl/clk_adc2 |
+-----------+-------+-----------------+------------+-------------+-----------------+-----+-------------+------+------+-----+----+------+-----+---------+----------------------------------------------------------------------------------------------------+
* Clock Loads column represents cell count of net connects that connect to a clock pin. Internal cell leaf pins are not considered
** Non-Clock Loads column represents cell count of non-clock pin loads
*** Columns FF, LUTRAM, RAMB through 'Hard IP' represents load cell counts


25. Clock Region Cell Placement per Global Clock: Region X5Y2
-------------------------------------------------------------

+-----------+-------+-----------------+------------+-------------+-----------------+------+-------------+------+------+-----+----+------+-----+---------+----------------------------------------------------------------------------------------------------+
| Global Id | Track | Driver Type/Pin | Constraint | Clock Loads | Non-Clock Loads | FF   | Memory LUTs | RAMB | URAM | DSP | GT | MMCM | PLL | Hard IP | Net                                                                                                |
+-----------+-------+-----------------+------------+-------------+-----------------+------+-------------+------+------+-----+----+------+-----+---------+----------------------------------------------------------------------------------------------------+
| g0        | 17    | BUFG_PS/O       | None       |        2851 |               0 | 2850 |           0 |    0 |    0 |   0 |  0 |    0 |   0 |       0 | design_1_i/zynq_ultra_ps_e_0/inst/pl_clk0                                                          |
| g1        | 23    | BUFG_GT/O       | None       |          12 |               0 |    4 |           0 |    7 |    0 |   0 |  0 |    0 |   0 |       0 | design_1_i/usp_rf_data_converter_0/inst/i_design_1_usp_rf_data_converter_0_0_bufg_gt_ctrl/clk_adc2 |
+-----------+-------+-----------------+------------+-------------+-----------------+------+-------------+------+------+-----+----+------+-----+---------+----------------------------------------------------------------------------------------------------+
* Clock Loads column represents cell count of net connects that connect to a clock pin. Internal cell leaf pins are not considered
** Non-Clock Loads column represents cell count of non-clock pin loads
*** Columns FF, LUTRAM, RAMB through 'Hard IP' represents load cell counts


26. Clock Region Cell Placement per Global Clock: Region X0Y3
-------------------------------------------------------------

+-----------+-------+-----------------+------------+-------------+-----------------+----+-------------+------+------+-----+----+------+-----+---------+----------------------------------------------------------------------------------------------------+
| Global Id | Track | Driver Type/Pin | Constraint | Clock Loads | Non-Clock Loads | FF | Memory LUTs | RAMB | URAM | DSP | GT | MMCM | PLL | Hard IP | Net                                                                                                |
+-----------+-------+-----------------+------------+-------------+-----------------+----+-------------+------+------+-----+----+------+-----+---------+----------------------------------------------------------------------------------------------------+
| g1        | 23    | BUFG_GT/O       | None       |          33 |               0 |  9 |           0 |   24 |    0 |   0 |  0 |    0 |   0 |       0 | design_1_i/usp_rf_data_converter_0/inst/i_design_1_usp_rf_data_converter_0_0_bufg_gt_ctrl/clk_adc2 |
+-----------+-------+-----------------+------------+-------------+-----------------+----+-------------+------+------+-----+----+------+-----+---------+----------------------------------------------------------------------------------------------------+
* Clock Loads column represents cell count of net connects that connect to a clock pin. Internal cell leaf pins are not considered
** Non-Clock Loads column represents cell count of non-clock pin loads
*** Columns FF, LUTRAM, RAMB through 'Hard IP' represents load cell counts


27. Clock Region Cell Placement per Global Clock: Region X1Y3
-------------------------------------------------------------

+-----------+-------+-----------------+------------+-------------+-----------------+-----+-------------+------+------+-----+----+------+-----+---------+----------------------------------------------------------------------------------------------------+
| Global Id | Track | Driver Type/Pin | Constraint | Clock Loads | Non-Clock Loads | FF  | Memory LUTs | RAMB | URAM | DSP | GT | MMCM | PLL | Hard IP | Net                                                                                                |
+-----------+-------+-----------------+------------+-------------+-----------------+-----+-------------+------+------+-----+----+------+-----+---------+----------------------------------------------------------------------------------------------------+
| g0        | 17    | BUFG_PS/O       | None       |          14 |               0 |  14 |           0 |    0 |    0 |   0 |  0 |    0 |   0 |       0 | design_1_i/zynq_ultra_ps_e_0/inst/pl_clk0                                                          |
| g1        | 23    | BUFG_GT/O       | None       |         518 |               0 | 464 |          30 |   24 |    0 |   0 |  0 |    0 |   0 |       0 | design_1_i/usp_rf_data_converter_0/inst/i_design_1_usp_rf_data_converter_0_0_bufg_gt_ctrl/clk_adc2 |
+-----------+-------+-----------------+------------+-------------+-----------------+-----+-------------+------+------+-----+----+------+-----+---------+----------------------------------------------------------------------------------------------------+
* Clock Loads column represents cell count of net connects that connect to a clock pin. Internal cell leaf pins are not considered
** Non-Clock Loads column represents cell count of non-clock pin loads
*** Columns FF, LUTRAM, RAMB through 'Hard IP' represents load cell counts


28. Clock Region Cell Placement per Global Clock: Region X2Y3
-------------------------------------------------------------

+-----------+-------+-----------------+------------+-------------+-----------------+------+-------------+------+------+-----+----+------+-----+---------+----------------------------------------------------------------------------------------------------+
| Global Id | Track | Driver Type/Pin | Constraint | Clock Loads | Non-Clock Loads | FF   | Memory LUTs | RAMB | URAM | DSP | GT | MMCM | PLL | Hard IP | Net                                                                                                |
+-----------+-------+-----------------+------------+-------------+-----------------+------+-------------+------+------+-----+----+------+-----+---------+----------------------------------------------------------------------------------------------------+
| g0+       | 17    | BUFG_PS/O       | None       |           0 |               0 |    0 |           0 |    0 |    0 |   0 |  0 |    0 |   0 |       0 | design_1_i/zynq_ultra_ps_e_0/inst/pl_clk0                                                          |
| g1        | 23    | BUFG_GT/O       | None       |        2976 |               0 | 2895 |          53 |   24 |    0 |   4 |  0 |    0 |   0 |       0 | design_1_i/usp_rf_data_converter_0/inst/i_design_1_usp_rf_data_converter_0_0_bufg_gt_ctrl/clk_adc2 |
| g2        | 11    | BUFGCE/O        | None       |         301 |               0 |  298 |           3 |    0 |    0 |   0 |  0 |    0 |   0 |       0 | dbg_hub/inst/BSCANID.u_xsdbm_id/itck_i                                                             |
+-----------+-------+-----------------+------------+-------------+-----------------+------+-------------+------+------+-----+----+------+-----+---------+----------------------------------------------------------------------------------------------------+
* Clock Loads column represents cell count of net connects that connect to a clock pin. Internal cell leaf pins are not considered
** Non-Clock Loads column represents cell count of non-clock pin loads
*** Columns FF, LUTRAM, RAMB through 'Hard IP' represents load cell counts
**** In Global Id column, sympbol '+' indicates that global clock was used only to route through the clock region.


29. Clock Region Cell Placement per Global Clock: Region X3Y3
-------------------------------------------------------------

+-----------+-------+-----------------+------------+-------------+-----------------+-----+-------------+------+------+-----+----+------+-----+---------+----------------------------------------------------------------------------------------------------+
| Global Id | Track | Driver Type/Pin | Constraint | Clock Loads | Non-Clock Loads | FF  | Memory LUTs | RAMB | URAM | DSP | GT | MMCM | PLL | Hard IP | Net                                                                                                |
+-----------+-------+-----------------+------------+-------------+-----------------+-----+-------------+------+------+-----+----+------+-----+---------+----------------------------------------------------------------------------------------------------+
| g0+       | 17    | BUFG_PS/O       | None       |           0 |               0 |   0 |           0 |    0 |    0 |   0 |  0 |    0 |   0 |       0 | design_1_i/zynq_ultra_ps_e_0/inst/pl_clk0                                                          |
| g1        | 23    | BUFG_GT/O       | None       |         768 |               0 | 505 |         234 |   24 |    0 |   5 |  0 |    0 |   0 |       0 | design_1_i/usp_rf_data_converter_0/inst/i_design_1_usp_rf_data_converter_0_0_bufg_gt_ctrl/clk_adc2 |
| g2        | 11    | BUFGCE/O        | None       |           1 |               0 |   1 |           0 |    0 |    0 |   0 |  0 |    0 |   0 |       0 | dbg_hub/inst/BSCANID.u_xsdbm_id/itck_i                                                             |
+-----------+-------+-----------------+------------+-------------+-----------------+-----+-------------+------+------+-----+----+------+-----+---------+----------------------------------------------------------------------------------------------------+
* Clock Loads column represents cell count of net connects that connect to a clock pin. Internal cell leaf pins are not considered
** Non-Clock Loads column represents cell count of non-clock pin loads
*** Columns FF, LUTRAM, RAMB through 'Hard IP' represents load cell counts
**** In Global Id column, sympbol '+' indicates that global clock was used only to route through the clock region.


30. Clock Region Cell Placement per Global Clock: Region X4Y3
-------------------------------------------------------------

+-----------+-------+-----------------+------------+-------------+-----------------+----+-------------+------+------+-----+----+------+-----+---------+----------------------------------------------------------------------------------------------------+
| Global Id | Track | Driver Type/Pin | Constraint | Clock Loads | Non-Clock Loads | FF | Memory LUTs | RAMB | URAM | DSP | GT | MMCM | PLL | Hard IP | Net                                                                                                |
+-----------+-------+-----------------+------------+-------------+-----------------+----+-------------+------+------+-----+----+------+-----+---------+----------------------------------------------------------------------------------------------------+
| g0        | 17    | BUFG_PS/O       | None       |          14 |               0 | 14 |           0 |    0 |    0 |   0 |  0 |    0 |   0 |       0 | design_1_i/zynq_ultra_ps_e_0/inst/pl_clk0                                                          |
| g1        | 23    | BUFG_GT/O       | None       |          75 |               0 | 51 |           0 |   24 |    0 |   0 |  0 |    0 |   0 |       0 | design_1_i/usp_rf_data_converter_0/inst/i_design_1_usp_rf_data_converter_0_0_bufg_gt_ctrl/clk_adc2 |
+-----------+-------+-----------------+------------+-------------+-----------------+----+-------------+------+------+-----+----+------+-----+---------+----------------------------------------------------------------------------------------------------+
* Clock Loads column represents cell count of net connects that connect to a clock pin. Internal cell leaf pins are not considered
** Non-Clock Loads column represents cell count of non-clock pin loads
*** Columns FF, LUTRAM, RAMB through 'Hard IP' represents load cell counts


31. Clock Region Cell Placement per Global Clock: Region X5Y3
-------------------------------------------------------------

+-----------+-------+-----------------+------------+-------------+-----------------+------+-------------+------+------+-----+----+------+-----+---------+----------------------------------------------------------------------------------------------------+
| Global Id | Track | Driver Type/Pin | Constraint | Clock Loads | Non-Clock Loads | FF   | Memory LUTs | RAMB | URAM | DSP | GT | MMCM | PLL | Hard IP | Net                                                                                                |
+-----------+-------+-----------------+------------+-------------+-----------------+------+-------------+------+------+-----+----+------+-----+---------+----------------------------------------------------------------------------------------------------+
| g0        | 17    | BUFG_PS/O       | None       |        1021 |               0 | 1020 |           0 |    0 |    0 |   0 |  0 |    0 |   0 |       0 | design_1_i/zynq_ultra_ps_e_0/inst/pl_clk0                                                          |
| g1        | 23    | BUFG_GT/O       | None       |         239 |               0 |  165 |          55 |   12 |    0 |   7 |  0 |    0 |   0 |       0 | design_1_i/usp_rf_data_converter_0/inst/i_design_1_usp_rf_data_converter_0_0_bufg_gt_ctrl/clk_adc2 |
+-----------+-------+-----------------+------------+-------------+-----------------+------+-------------+------+------+-----+----+------+-----+---------+----------------------------------------------------------------------------------------------------+
* Clock Loads column represents cell count of net connects that connect to a clock pin. Internal cell leaf pins are not considered
** Non-Clock Loads column represents cell count of non-clock pin loads
*** Columns FF, LUTRAM, RAMB through 'Hard IP' represents load cell counts


32. Clock Region Cell Placement per Global Clock: Region X0Y4
-------------------------------------------------------------

+-----------+-------+-----------------+------------+-------------+-----------------+----+-------------+------+------+-----+----+------+-----+---------+----------------------------------------------------------------------------------------------------+
| Global Id | Track | Driver Type/Pin | Constraint | Clock Loads | Non-Clock Loads | FF | Memory LUTs | RAMB | URAM | DSP | GT | MMCM | PLL | Hard IP | Net                                                                                                |
+-----------+-------+-----------------+------------+-------------+-----------------+----+-------------+------+------+-----+----+------+-----+---------+----------------------------------------------------------------------------------------------------+
| g1        | 23    | BUFG_GT/O       | None       |          17 |               0 |  0 |           0 |   17 |    0 |   0 |  0 |    0 |   0 |       0 | design_1_i/usp_rf_data_converter_0/inst/i_design_1_usp_rf_data_converter_0_0_bufg_gt_ctrl/clk_adc2 |
+-----------+-------+-----------------+------------+-------------+-----------------+----+-------------+------+------+-----+----+------+-----+---------+----------------------------------------------------------------------------------------------------+
* Clock Loads column represents cell count of net connects that connect to a clock pin. Internal cell leaf pins are not considered
** Non-Clock Loads column represents cell count of non-clock pin loads
*** Columns FF, LUTRAM, RAMB through 'Hard IP' represents load cell counts


33. Clock Region Cell Placement per Global Clock: Region X1Y4
-------------------------------------------------------------

+-----------+-------+-----------------+------------+-------------+-----------------+----+-------------+------+------+-----+----+------+-----+---------+----------------------------------------------------------------------------------------------------+
| Global Id | Track | Driver Type/Pin | Constraint | Clock Loads | Non-Clock Loads | FF | Memory LUTs | RAMB | URAM | DSP | GT | MMCM | PLL | Hard IP | Net                                                                                                |
+-----------+-------+-----------------+------------+-------------+-----------------+----+-------------+------+------+-----+----+------+-----+---------+----------------------------------------------------------------------------------------------------+
| g1        | 23    | BUFG_GT/O       | None       |          23 |               0 |  0 |           0 |   23 |    0 |   0 |  0 |    0 |   0 |       0 | design_1_i/usp_rf_data_converter_0/inst/i_design_1_usp_rf_data_converter_0_0_bufg_gt_ctrl/clk_adc2 |
+-----------+-------+-----------------+------------+-------------+-----------------+----+-------------+------+------+-----+----+------+-----+---------+----------------------------------------------------------------------------------------------------+
* Clock Loads column represents cell count of net connects that connect to a clock pin. Internal cell leaf pins are not considered
** Non-Clock Loads column represents cell count of non-clock pin loads
*** Columns FF, LUTRAM, RAMB through 'Hard IP' represents load cell counts


34. Clock Region Cell Placement per Global Clock: Region X2Y4
-------------------------------------------------------------

+-----------+-------+-----------------+------------+-------------+-----------------+----+-------------+------+------+-----+----+------+-----+---------+----------------------------------------------------------------------------------------------------+
| Global Id | Track | Driver Type/Pin | Constraint | Clock Loads | Non-Clock Loads | FF | Memory LUTs | RAMB | URAM | DSP | GT | MMCM | PLL | Hard IP | Net                                                                                                |
+-----------+-------+-----------------+------------+-------------+-----------------+----+-------------+------+------+-----+----+------+-----+---------+----------------------------------------------------------------------------------------------------+
| g1        | 23    | BUFG_GT/O       | None       |          65 |               0 | 26 |          16 |   23 |    0 |   0 |  0 |    0 |   0 |       0 | design_1_i/usp_rf_data_converter_0/inst/i_design_1_usp_rf_data_converter_0_0_bufg_gt_ctrl/clk_adc2 |
+-----------+-------+-----------------+------------+-------------+-----------------+----+-------------+------+------+-----+----+------+-----+---------+----------------------------------------------------------------------------------------------------+
* Clock Loads column represents cell count of net connects that connect to a clock pin. Internal cell leaf pins are not considered
** Non-Clock Loads column represents cell count of non-clock pin loads
*** Columns FF, LUTRAM, RAMB through 'Hard IP' represents load cell counts


35. Clock Region Cell Placement per Global Clock: Region X3Y4
-------------------------------------------------------------

+-----------+-------+-----------------+------------+-------------+-----------------+----+-------------+------+------+-----+----+------+-----+---------+----------------------------------------------------------------------------------------------------+
| Global Id | Track | Driver Type/Pin | Constraint | Clock Loads | Non-Clock Loads | FF | Memory LUTs | RAMB | URAM | DSP | GT | MMCM | PLL | Hard IP | Net                                                                                                |
+-----------+-------+-----------------+------------+-------------+-----------------+----+-------------+------+------+-----+----+------+-----+---------+----------------------------------------------------------------------------------------------------+
| g0+       | 17    | BUFG_PS/O       | None       |           0 |               0 |  0 |           0 |    0 |    0 |   0 |  0 |    0 |   0 |       0 | design_1_i/zynq_ultra_ps_e_0/inst/pl_clk0                                                          |
| g1        | 23    | BUFG_GT/O       | None       |          31 |               0 |  9 |           0 |   22 |    0 |   0 |  0 |    0 |   0 |       0 | design_1_i/usp_rf_data_converter_0/inst/i_design_1_usp_rf_data_converter_0_0_bufg_gt_ctrl/clk_adc2 |
| g2+       | 11    | BUFGCE/O        | None       |           0 |               0 |  0 |           0 |    0 |    0 |   0 |  0 |    0 |   0 |       0 | dbg_hub/inst/BSCANID.u_xsdbm_id/itck_i                                                             |
+-----------+-------+-----------------+------------+-------------+-----------------+----+-------------+------+------+-----+----+------+-----+---------+----------------------------------------------------------------------------------------------------+
* Clock Loads column represents cell count of net connects that connect to a clock pin. Internal cell leaf pins are not considered
** Non-Clock Loads column represents cell count of non-clock pin loads
*** Columns FF, LUTRAM, RAMB through 'Hard IP' represents load cell counts
**** In Global Id column, sympbol '+' indicates that global clock was used only to route through the clock region.


36. Clock Region Cell Placement per Global Clock: Region X4Y4
-------------------------------------------------------------

+-----------+-------+-----------------+------------+-------------+-----------------+----+-------------+------+------+-----+----+------+-----+---------+----------------------------------------------------------------------------------------------------+
| Global Id | Track | Driver Type/Pin | Constraint | Clock Loads | Non-Clock Loads | FF | Memory LUTs | RAMB | URAM | DSP | GT | MMCM | PLL | Hard IP | Net                                                                                                |
+-----------+-------+-----------------+------------+-------------+-----------------+----+-------------+------+------+-----+----+------+-----+---------+----------------------------------------------------------------------------------------------------+
| g0+       | 17    | BUFG_PS/O       | None       |           0 |               0 |  0 |           0 |    0 |    0 |   0 |  0 |    0 |   0 |       0 | design_1_i/zynq_ultra_ps_e_0/inst/pl_clk0                                                          |
| g1        | 23    | BUFG_GT/O       | None       |          16 |               0 |  0 |           0 |   16 |    0 |   0 |  0 |    0 |   0 |       0 | design_1_i/usp_rf_data_converter_0/inst/i_design_1_usp_rf_data_converter_0_0_bufg_gt_ctrl/clk_adc2 |
+-----------+-------+-----------------+------------+-------------+-----------------+----+-------------+------+------+-----+----+------+-----+---------+----------------------------------------------------------------------------------------------------+
* Clock Loads column represents cell count of net connects that connect to a clock pin. Internal cell leaf pins are not considered
** Non-Clock Loads column represents cell count of non-clock pin loads
*** Columns FF, LUTRAM, RAMB through 'Hard IP' represents load cell counts
**** In Global Id column, sympbol '+' indicates that global clock was used only to route through the clock region.


37. Clock Region Cell Placement per Global Clock: Region X5Y4
-------------------------------------------------------------

+-----------+-------+-----------------+------------+-------------+-----------------+----+-------------+------+------+-----+----+------+-----+---------+-------------------------------------------+
| Global Id | Track | Driver Type/Pin | Constraint | Clock Loads | Non-Clock Loads | FF | Memory LUTs | RAMB | URAM | DSP | GT | MMCM | PLL | Hard IP | Net                                       |
+-----------+-------+-----------------+------------+-------------+-----------------+----+-------------+------+------+-----+----+------+-----+---------+-------------------------------------------+
| g0        | 17    | BUFG_PS/O       | None       |           1 |               0 |  0 |           0 |    0 |    0 |   0 |  0 |    0 |   0 |       0 | design_1_i/zynq_ultra_ps_e_0/inst/pl_clk0 |
+-----------+-------+-----------------+------------+-------------+-----------------+----+-------------+------+------+-----+----+------+-----+---------+-------------------------------------------+
* Clock Loads column represents cell count of net connects that connect to a clock pin. Internal cell leaf pins are not considered
** Non-Clock Loads column represents cell count of non-clock pin loads
*** Columns FF, LUTRAM, RAMB through 'Hard IP' represents load cell counts


38. Clock Region Cell Placement per Global Clock: Region X1Y5
-------------------------------------------------------------

+-----------+-------+-----------------+------------+-------------+-----------------+----+-------------+------+------+-----+----+------+-----+---------+----------------------------------------------------------------------------------------------------+
| Global Id | Track | Driver Type/Pin | Constraint | Clock Loads | Non-Clock Loads | FF | Memory LUTs | RAMB | URAM | DSP | GT | MMCM | PLL | Hard IP | Net                                                                                                |
+-----------+-------+-----------------+------------+-------------+-----------------+----+-------------+------+------+-----+----+------+-----+---------+----------------------------------------------------------------------------------------------------+
| g1        | 23    | BUFG_GT/O       | None       |           1 |               0 |  0 |           0 |    1 |    0 |   0 |  0 |    0 |   0 |       0 | design_1_i/usp_rf_data_converter_0/inst/i_design_1_usp_rf_data_converter_0_0_bufg_gt_ctrl/clk_adc2 |
+-----------+-------+-----------------+------------+-------------+-----------------+----+-------------+------+------+-----+----+------+-----+---------+----------------------------------------------------------------------------------------------------+
* Clock Loads column represents cell count of net connects that connect to a clock pin. Internal cell leaf pins are not considered
** Non-Clock Loads column represents cell count of non-clock pin loads
*** Columns FF, LUTRAM, RAMB through 'Hard IP' represents load cell counts


39. Clock Region Cell Placement per Global Clock: Region X2Y5
-------------------------------------------------------------

+-----------+-------+-----------------+------------+-------------+-----------------+----+-------------+------+------+-----+----+------+-----+---------+----------------------------------------------------------------------------------------------------+
| Global Id | Track | Driver Type/Pin | Constraint | Clock Loads | Non-Clock Loads | FF | Memory LUTs | RAMB | URAM | DSP | GT | MMCM | PLL | Hard IP | Net                                                                                                |
+-----------+-------+-----------------+------------+-------------+-----------------+----+-------------+------+------+-----+----+------+-----+---------+----------------------------------------------------------------------------------------------------+
| g1        | 23    | BUFG_GT/O       | None       |           2 |               0 |  0 |           0 |    2 |    0 |   0 |  0 |    0 |   0 |       0 | design_1_i/usp_rf_data_converter_0/inst/i_design_1_usp_rf_data_converter_0_0_bufg_gt_ctrl/clk_adc2 |
+-----------+-------+-----------------+------------+-------------+-----------------+----+-------------+------+------+-----+----+------+-----+---------+----------------------------------------------------------------------------------------------------+
* Clock Loads column represents cell count of net connects that connect to a clock pin. Internal cell leaf pins are not considered
** Non-Clock Loads column represents cell count of non-clock pin loads
*** Columns FF, LUTRAM, RAMB through 'Hard IP' represents load cell counts


40. Clock Region Cell Placement per Global Clock: Region X3Y5
-------------------------------------------------------------

+-----------+-------+-----------------+------------+-------------+-----------------+----+-------------+------+------+-----+----+------+-----+---------+----------------------------------------------------------------------------------------------------+
| Global Id | Track | Driver Type/Pin | Constraint | Clock Loads | Non-Clock Loads | FF | Memory LUTs | RAMB | URAM | DSP | GT | MMCM | PLL | Hard IP | Net                                                                                                |
+-----------+-------+-----------------+------------+-------------+-----------------+----+-------------+------+------+-----+----+------+-----+---------+----------------------------------------------------------------------------------------------------+
| g0+       | 17    | BUFG_PS/O       | None       |           0 |               0 |  0 |           0 |    0 |    0 |   0 |  0 |    0 |   0 |       0 | design_1_i/zynq_ultra_ps_e_0/inst/pl_clk0                                                          |
| g1        | 23    | BUFG_GT/O       | None       |           1 |               0 |  0 |           0 |    1 |    0 |   0 |  0 |    0 |   0 |       0 | design_1_i/usp_rf_data_converter_0/inst/i_design_1_usp_rf_data_converter_0_0_bufg_gt_ctrl/clk_adc2 |
| g2+       | 11    | BUFGCE/O        | None       |           0 |               0 |  0 |           0 |    0 |    0 |   0 |  0 |    0 |   0 |       0 | dbg_hub/inst/BSCANID.u_xsdbm_id/itck_i                                                             |
+-----------+-------+-----------------+------------+-------------+-----------------+----+-------------+------+------+-----+----+------+-----+---------+----------------------------------------------------------------------------------------------------+
* Clock Loads column represents cell count of net connects that connect to a clock pin. Internal cell leaf pins are not considered
** Non-Clock Loads column represents cell count of non-clock pin loads
*** Columns FF, LUTRAM, RAMB through 'Hard IP' represents load cell counts
**** In Global Id column, sympbol '+' indicates that global clock was used only to route through the clock region.


41. Clock Region Cell Placement per Global Clock: Region X4Y5
-------------------------------------------------------------

+-----------+-------+-----------------+------------+-------------+-----------------+----+-------------+------+------+-----+----+------+-----+---------+----------------------------------------------------------------------------------------------------+
| Global Id | Track | Driver Type/Pin | Constraint | Clock Loads | Non-Clock Loads | FF | Memory LUTs | RAMB | URAM | DSP | GT | MMCM | PLL | Hard IP | Net                                                                                                |
+-----------+-------+-----------------+------------+-------------+-----------------+----+-------------+------+------+-----+----+------+-----+---------+----------------------------------------------------------------------------------------------------+
| g0+       | 17    | BUFG_PS/O       | None       |           0 |               0 |  0 |           0 |    0 |    0 |   0 |  0 |    0 |   0 |       0 | design_1_i/zynq_ultra_ps_e_0/inst/pl_clk0                                                          |
| g1        | 23    | BUFG_GT/O       | None       |           3 |               0 |  3 |           0 |    0 |    0 |   0 |  0 |    0 |   0 |       0 | design_1_i/usp_rf_data_converter_0/inst/i_design_1_usp_rf_data_converter_0_0_bufg_gt_ctrl/clk_adc2 |
+-----------+-------+-----------------+------------+-------------+-----------------+----+-------------+------+------+-----+----+------+-----+---------+----------------------------------------------------------------------------------------------------+
* Clock Loads column represents cell count of net connects that connect to a clock pin. Internal cell leaf pins are not considered
** Non-Clock Loads column represents cell count of non-clock pin loads
*** Columns FF, LUTRAM, RAMB through 'Hard IP' represents load cell counts
**** In Global Id column, sympbol '+' indicates that global clock was used only to route through the clock region.


42. Clock Region Cell Placement per Global Clock: Region X5Y5
-------------------------------------------------------------

+-----------+-------+-----------------+------------+-------------+-----------------+----+-------------+------+------+-----+----+------+-----+---------+-------------------------------------------+
| Global Id | Track | Driver Type/Pin | Constraint | Clock Loads | Non-Clock Loads | FF | Memory LUTs | RAMB | URAM | DSP | GT | MMCM | PLL | Hard IP | Net                                       |
+-----------+-------+-----------------+------------+-------------+-----------------+----+-------------+------+------+-----+----+------+-----+---------+-------------------------------------------+
| g0        | 17    | BUFG_PS/O       | None       |           1 |               0 |  0 |           0 |    0 |    0 |   0 |  0 |    0 |   0 |       0 | design_1_i/zynq_ultra_ps_e_0/inst/pl_clk0 |
+-----------+-------+-----------------+------------+-------------+-----------------+----+-------------+------+------+-----+----+------+-----+---------+-------------------------------------------+
* Clock Loads column represents cell count of net connects that connect to a clock pin. Internal cell leaf pins are not considered
** Non-Clock Loads column represents cell count of non-clock pin loads
*** Columns FF, LUTRAM, RAMB through 'Hard IP' represents load cell counts


43. Clock Region Cell Placement per Global Clock: Region X3Y6
-------------------------------------------------------------

+-----------+-------+-----------------+------------+-------------+-----------------+----+-------------+------+------+-----+----+------+-----+---------+-------------------------------------------+
| Global Id | Track | Driver Type/Pin | Constraint | Clock Loads | Non-Clock Loads | FF | Memory LUTs | RAMB | URAM | DSP | GT | MMCM | PLL | Hard IP | Net                                       |
+-----------+-------+-----------------+------------+-------------+-----------------+----+-------------+------+------+-----+----+------+-----+---------+-------------------------------------------+
| g0+       | 17    | BUFG_PS/O       | None       |           0 |               0 |  0 |           0 |    0 |    0 |   0 |  0 |    0 |   0 |       0 | design_1_i/zynq_ultra_ps_e_0/inst/pl_clk0 |
| g2+       | 11    | BUFGCE/O        | None       |           0 |               0 |  0 |           0 |    0 |    0 |   0 |  0 |    0 |   0 |       0 | dbg_hub/inst/BSCANID.u_xsdbm_id/itck_i    |
+-----------+-------+-----------------+------------+-------------+-----------------+----+-------------+------+------+-----+----+------+-----+---------+-------------------------------------------+
* Clock Loads column represents cell count of net connects that connect to a clock pin. Internal cell leaf pins are not considered
** Non-Clock Loads column represents cell count of non-clock pin loads
*** Columns FF, LUTRAM, RAMB through 'Hard IP' represents load cell counts
**** In Global Id column, sympbol '+' indicates that global clock was used only to route through the clock region.


44. Clock Region Cell Placement per Global Clock: Region X4Y6
-------------------------------------------------------------

+-----------+-------+-----------------+------------+-------------+-----------------+----+-------------+------+------+-----+----+------+-----+---------+-------------------------------------------+
| Global Id | Track | Driver Type/Pin | Constraint | Clock Loads | Non-Clock Loads | FF | Memory LUTs | RAMB | URAM | DSP | GT | MMCM | PLL | Hard IP | Net                                       |
+-----------+-------+-----------------+------------+-------------+-----------------+----+-------------+------+------+-----+----+------+-----+---------+-------------------------------------------+
| g0+       | 17    | BUFG_PS/O       | None       |           0 |               0 |  0 |           0 |    0 |    0 |   0 |  0 |    0 |   0 |       0 | design_1_i/zynq_ultra_ps_e_0/inst/pl_clk0 |
+-----------+-------+-----------------+------------+-------------+-----------------+----+-------------+------+------+-----+----+------+-----+---------+-------------------------------------------+
* Clock Loads column represents cell count of net connects that connect to a clock pin. Internal cell leaf pins are not considered
** Non-Clock Loads column represents cell count of non-clock pin loads
*** Columns FF, LUTRAM, RAMB through 'Hard IP' represents load cell counts
**** In Global Id column, sympbol '+' indicates that global clock was used only to route through the clock region.


45. Clock Region Cell Placement per Global Clock: Region X5Y6
-------------------------------------------------------------

+-----------+-------+-----------------+------------+-------------+-----------------+----+-------------+------+------+-----+----+------+-----+---------+-------------------------------------------+
| Global Id | Track | Driver Type/Pin | Constraint | Clock Loads | Non-Clock Loads | FF | Memory LUTs | RAMB | URAM | DSP | GT | MMCM | PLL | Hard IP | Net                                       |
+-----------+-------+-----------------+------------+-------------+-----------------+----+-------------+------+------+-----+----+------+-----+---------+-------------------------------------------+
| g0        | 17    | BUFG_PS/O       | None       |           1 |               0 |  0 |           0 |    0 |    0 |   0 |  0 |    0 |   0 |       0 | design_1_i/zynq_ultra_ps_e_0/inst/pl_clk0 |
+-----------+-------+-----------------+------------+-------------+-----------------+----+-------------+------+------+-----+----+------+-----+---------+-------------------------------------------+
* Clock Loads column represents cell count of net connects that connect to a clock pin. Internal cell leaf pins are not considered
** Non-Clock Loads column represents cell count of non-clock pin loads
*** Columns FF, LUTRAM, RAMB through 'Hard IP' represents load cell counts


46. Clock Region Cell Placement per Global Clock: Region X3Y7
-------------------------------------------------------------

+-----------+-------+-----------------+------------+-------------+-----------------+----+-------------+------+------+-----+----+------+-----+---------+-------------------------------------------+
| Global Id | Track | Driver Type/Pin | Constraint | Clock Loads | Non-Clock Loads | FF | Memory LUTs | RAMB | URAM | DSP | GT | MMCM | PLL | Hard IP | Net                                       |
+-----------+-------+-----------------+------------+-------------+-----------------+----+-------------+------+------+-----+----+------+-----+---------+-------------------------------------------+
| g0+       | 17    | BUFG_PS/O       | None       |           0 |               0 |  0 |           0 |    0 |    0 |   0 |  0 |    0 |   0 |       0 | design_1_i/zynq_ultra_ps_e_0/inst/pl_clk0 |
| g2+       | 11    | BUFGCE/O        | None       |           0 |               0 |  0 |           0 |    0 |    0 |   0 |  0 |    0 |   0 |       0 | dbg_hub/inst/BSCANID.u_xsdbm_id/itck_i    |
+-----------+-------+-----------------+------------+-------------+-----------------+----+-------------+------+------+-----+----+------+-----+---------+-------------------------------------------+
* Clock Loads column represents cell count of net connects that connect to a clock pin. Internal cell leaf pins are not considered
** Non-Clock Loads column represents cell count of non-clock pin loads
*** Columns FF, LUTRAM, RAMB through 'Hard IP' represents load cell counts
**** In Global Id column, sympbol '+' indicates that global clock was used only to route through the clock region.


47. Clock Region Cell Placement per Global Clock: Region X4Y7
-------------------------------------------------------------

+-----------+-------+-----------------+------------+-------------+-----------------+----+-------------+------+------+-----+----+------+-----+---------+-------------------------------------------+
| Global Id | Track | Driver Type/Pin | Constraint | Clock Loads | Non-Clock Loads | FF | Memory LUTs | RAMB | URAM | DSP | GT | MMCM | PLL | Hard IP | Net                                       |
+-----------+-------+-----------------+------------+-------------+-----------------+----+-------------+------+------+-----+----+------+-----+---------+-------------------------------------------+
| g0+       | 17    | BUFG_PS/O       | None       |           0 |               0 |  0 |           0 |    0 |    0 |   0 |  0 |    0 |   0 |       0 | design_1_i/zynq_ultra_ps_e_0/inst/pl_clk0 |
| g2+       | 11    | BUFGCE/O        | None       |           0 |               0 |  0 |           0 |    0 |    0 |   0 |  0 |    0 |   0 |       0 | dbg_hub/inst/BSCANID.u_xsdbm_id/itck_i    |
+-----------+-------+-----------------+------------+-------------+-----------------+----+-------------+------+------+-----+----+------+-----+---------+-------------------------------------------+
* Clock Loads column represents cell count of net connects that connect to a clock pin. Internal cell leaf pins are not considered
** Non-Clock Loads column represents cell count of non-clock pin loads
*** Columns FF, LUTRAM, RAMB through 'Hard IP' represents load cell counts
**** In Global Id column, sympbol '+' indicates that global clock was used only to route through the clock region.


48. Clock Region Cell Placement per Global Clock: Region X5Y7
-------------------------------------------------------------

+-----------+-------+-----------------+------------+-------------+-----------------+----+-------------+------+------+-----+----+------+-----+---------+-------------------------------------------+
| Global Id | Track | Driver Type/Pin | Constraint | Clock Loads | Non-Clock Loads | FF | Memory LUTs | RAMB | URAM | DSP | GT | MMCM | PLL | Hard IP | Net                                       |
+-----------+-------+-----------------+------------+-------------+-----------------+----+-------------+------+------+-----+----+------+-----+---------+-------------------------------------------+
| g0        | 17    | BUFG_PS/O       | None       |           1 |               0 |  0 |           0 |    0 |    0 |   0 |  0 |    0 |   0 |       0 | design_1_i/zynq_ultra_ps_e_0/inst/pl_clk0 |
+-----------+-------+-----------------+------------+-------------+-----------------+----+-------------+------+------+-----+----+------+-----+---------+-------------------------------------------+
* Clock Loads column represents cell count of net connects that connect to a clock pin. Internal cell leaf pins are not considered
** Non-Clock Loads column represents cell count of non-clock pin loads
*** Columns FF, LUTRAM, RAMB through 'Hard IP' represents load cell counts


