
*** Running vivado
    with args -log design_1_wrapper.vdi -applog -m64 -product Vivado -messageDb vivado.pb -mode batch -source design_1_wrapper.tcl -notrace


****** Vivado v2025.1 (64-bit)
  **** SW Build 6140274 on Wed May 21 22:58:25 MDT 2025
  **** IP Build 6138677 on Thu May 22 03:10:11 MDT 2025
  **** SharedData Build 6139179 on Tue May 20 17:58:58 MDT 2025
  **** Start of session at: Fri Dec 12 19:41:30 2025
    ** Copyright 1986-2022 Xilinx, Inc. All Rights Reserved.
    ** Copyright 2022-2025 Advanced Micro Devices, Inc. All Rights Reserved.

source design_1_wrapper.tcl -notrace
INFO: [IP_Flow 19-234] Refreshing IP repositories
INFO: [IP_Flow 19-1700] Loaded user IP repository '/home/thagenlo/Desktop/rfsoc_proj_data_aq.xpr/ip_repo/top_test_1_0'.
INFO: [IP_Flow 19-1700] Loaded user IP repository '/home/thagenlo/Desktop/rfsoc_proj_data_aq.xpr/ip_repo/top_1_0'.
INFO: [IP_Flow 19-1700] Loaded user IP repository '/home/thagenlo/Desktop/rfsoc_proj_data_aq.xpr/rfsoc_proj/rfsoc_proj.ipdefs/iq_framer_1_0'.
INFO: [IP_Flow 19-1700] Loaded user IP repository '/home/thagenlo/Desktop/top_ip'.
INFO: [IP_Flow 19-1700] Loaded user IP repository '/home/thagenlo/Desktop/rfsoc_proj_data_aq.xpr/rfsoc_proj/rfsoc_proj.ipdefs/mmio_interface_1_0'.
INFO: [IP_Flow 19-2313] Loaded Vivado IP repository '/tools/Xilinx/2025.1/Vivado/data/ip'.
WARNING: [IP_Flow 19-1663] Duplicate IP found for 'user.org:user:top:1.0'. The one found in IP location '/home/thagenlo/Desktop/top_ip' will take precedence over the same IP in location /home/thagenlo/Desktop/rfsoc_proj_data_aq.xpr/ip_repo/top_1_0
Command: link_design -top design_1_wrapper -part xczu48dr-ffvg1517-2-e
Design is defaulting to srcset: sources_1
Design is defaulting to constrset: constrs_1
INFO: [Device 21-403] Loading part xczu48dr-ffvg1517-2-e
INFO: [Project 1-5699] Read binary netlist with skipMacroContent - 1
INFO: [Project 1-454] Reading design checkpoint '/home/thagenlo/Desktop/rfsoc_proj_data_aq.xpr/rfsoc_proj/rfsoc_proj.gen/sources_1/bd/design_1/ip/design_1_axi_dma_0_0/design_1_axi_dma_0_0.dcp' for cell 'design_1_i/axi_dma_0'
INFO: [Project 1-454] Reading design checkpoint '/home/thagenlo/Desktop/rfsoc_proj_data_aq.xpr/rfsoc_proj/rfsoc_proj.gen/sources_1/bd/design_1/ip/design_1_axi_smc_0/design_1_axi_smc_0.dcp' for cell 'design_1_i/axi_smc'
INFO: [Project 1-454] Reading design checkpoint '/home/thagenlo/Desktop/rfsoc_proj_data_aq.xpr/rfsoc_proj/rfsoc_proj.gen/sources_1/bd/design_1/ip/design_1_axi_smc_1_0/design_1_axi_smc_1_0.dcp' for cell 'design_1_i/axi_smc_1'
INFO: [Project 1-454] Reading design checkpoint '/home/thagenlo/Desktop/rfsoc_proj_data_aq.xpr/rfsoc_proj/rfsoc_proj.gen/sources_1/bd/design_1/ip/design_1_axis_data_fifo_0_0/design_1_axis_data_fifo_0_0.dcp' for cell 'design_1_i/axis_data_fifo_0'
INFO: [Project 1-454] Reading design checkpoint '/home/thagenlo/Desktop/rfsoc_proj_data_aq.xpr/rfsoc_proj/rfsoc_proj.gen/sources_1/bd/design_1/ip/design_1_cic_compiler_0_0/design_1_cic_compiler_0_0.dcp' for cell 'design_1_i/cic_compiler_0'
INFO: [Project 1-454] Reading design checkpoint '/home/thagenlo/Desktop/rfsoc_proj_data_aq.xpr/rfsoc_proj/rfsoc_proj.gen/sources_1/bd/design_1/ip/design_1_cic_compiler_0_1/design_1_cic_compiler_0_1.dcp' for cell 'design_1_i/cic_compiler_1'
INFO: [Project 1-454] Reading design checkpoint '/home/thagenlo/Desktop/rfsoc_proj_data_aq.xpr/rfsoc_proj/rfsoc_proj.gen/sources_1/bd/design_1/ip/design_1_fir_compiler_0_0/design_1_fir_compiler_0_0.dcp' for cell 'design_1_i/fir_compiler_0'
INFO: [Project 1-454] Reading design checkpoint '/home/thagenlo/Desktop/rfsoc_proj_data_aq.xpr/rfsoc_proj/rfsoc_proj.gen/sources_1/bd/design_1/ip/design_1_fir_compiler_0_1/design_1_fir_compiler_0_1.dcp' for cell 'design_1_i/fir_compiler_1'
INFO: [Project 1-454] Reading design checkpoint '/home/thagenlo/Desktop/rfsoc_proj_data_aq.xpr/rfsoc_proj/rfsoc_proj.gen/sources_1/bd/design_1/ip/design_1_ila_0_0/design_1_ila_0_0.dcp' for cell 'design_1_i/ila_0'
INFO: [Project 1-454] Reading design checkpoint '/home/thagenlo/Desktop/rfsoc_proj_data_aq.xpr/rfsoc_proj/rfsoc_proj.gen/sources_1/bd/design_1/ip/design_1_iq_framer_0_0/design_1_iq_framer_0_0.dcp' for cell 'design_1_i/iq_framer_0'
INFO: [Project 1-454] Reading design checkpoint '/home/thagenlo/Desktop/rfsoc_proj_data_aq.xpr/rfsoc_proj/rfsoc_proj.gen/sources_1/bd/design_1/ip/design_1_mmio_interface_0_0/design_1_mmio_interface_0_0.dcp' for cell 'design_1_i/mmio_interface_0'
INFO: [Project 1-454] Reading design checkpoint '/home/thagenlo/Desktop/rfsoc_proj_data_aq.xpr/rfsoc_proj/rfsoc_proj.gen/sources_1/bd/design_1/ip/design_1_proc_sys_reset_0_0/design_1_proc_sys_reset_0_0.dcp' for cell 'design_1_i/proc_sys_reset_0'
INFO: [Project 1-454] Reading design checkpoint '/home/thagenlo/Desktop/rfsoc_proj_data_aq.xpr/rfsoc_proj/rfsoc_proj.gen/sources_1/bd/design_1/ip/design_1_proc_sys_reset_1_0/design_1_proc_sys_reset_1_0.dcp' for cell 'design_1_i/proc_sys_reset_1'
INFO: [Project 1-454] Reading design checkpoint '/home/thagenlo/Desktop/rfsoc_proj_data_aq.xpr/rfsoc_proj/rfsoc_proj.gen/sources_1/bd/design_1/ip/design_1_top_test_0_0/design_1_top_test_0_0.dcp' for cell 'design_1_i/top_test_0'
INFO: [Project 1-454] Reading design checkpoint '/home/thagenlo/Desktop/rfsoc_proj_data_aq.xpr/rfsoc_proj/rfsoc_proj.gen/sources_1/bd/design_1/ip/design_1_usp_rf_data_converter_0_0/design_1_usp_rf_data_converter_0_0.dcp' for cell 'design_1_i/usp_rf_data_converter_0'
INFO: [Project 1-454] Reading design checkpoint '/home/thagenlo/Desktop/rfsoc_proj_data_aq.xpr/rfsoc_proj/rfsoc_proj.gen/sources_1/bd/design_1/ip/design_1_xpm_cdc_gen_0_0/design_1_xpm_cdc_gen_0_0.dcp' for cell 'design_1_i/xpm_cdc_gen_0'
INFO: [Project 1-454] Reading design checkpoint '/home/thagenlo/Desktop/rfsoc_proj_data_aq.xpr/rfsoc_proj/rfsoc_proj.gen/sources_1/bd/design_1/ip/design_1_zynq_ultra_ps_e_0_0/design_1_zynq_ultra_ps_e_0_0.dcp' for cell 'design_1_i/zynq_ultra_ps_e_0'
Netlist sorting complete. Time (s): cpu = 00:00:00.41 ; elapsed = 00:00:00.42 . Memory (MB): peak = 2636.887 ; gain = 0.000 ; free physical = 3787 ; free virtual = 9828
INFO: [Netlist 29-17] Analyzing 1148 Unisim elements for replacement
INFO: [Netlist 29-28] Unisim Transformation completed in 0 CPU seconds
INFO: [Project 1-479] Netlist was created with Vivado 2025.1
INFO: [Project 1-570] Preparing netlist for logic optimization
INFO: [Chipscope 16-324] Core: design_1_i/ila_0 UUID: be177176-557e-59fe-ace2-fe04795a2b22 
Parsing XDC File [/home/thagenlo/Desktop/rfsoc_proj_data_aq.xpr/rfsoc_proj/rfsoc_proj.gen/sources_1/bd/design_1/ip/design_1_zynq_ultra_ps_e_0_0/design_1_zynq_ultra_ps_e_0_0.xdc] for cell 'design_1_i/zynq_ultra_ps_e_0/inst'
Finished Parsing XDC File [/home/thagenlo/Desktop/rfsoc_proj_data_aq.xpr/rfsoc_proj/rfsoc_proj.gen/sources_1/bd/design_1/ip/design_1_zynq_ultra_ps_e_0_0/design_1_zynq_ultra_ps_e_0_0.xdc] for cell 'design_1_i/zynq_ultra_ps_e_0/inst'
Parsing XDC File [/home/thagenlo/Desktop/rfsoc_proj_data_aq.xpr/rfsoc_proj/rfsoc_proj.gen/sources_1/bd/design_1/ip/design_1_axi_dma_0_0/design_1_axi_dma_0_0.xdc] for cell 'design_1_i/axi_dma_0/U0'
Finished Parsing XDC File [/home/thagenlo/Desktop/rfsoc_proj_data_aq.xpr/rfsoc_proj/rfsoc_proj.gen/sources_1/bd/design_1/ip/design_1_axi_dma_0_0/design_1_axi_dma_0_0.xdc] for cell 'design_1_i/axi_dma_0/U0'
Parsing XDC File [/home/thagenlo/Desktop/rfsoc_proj_data_aq.xpr/rfsoc_proj/rfsoc_proj.gen/sources_1/bd/design_1/ip/design_1_usp_rf_data_converter_0_0/synth/design_1_usp_rf_data_converter_0_0_clocks.xdc] for cell 'design_1_i/usp_rf_data_converter_0/inst'
INFO: [Timing 38-35] Done setting XDC timing constraints. [/home/thagenlo/Desktop/rfsoc_proj_data_aq.xpr/rfsoc_proj/rfsoc_proj.gen/sources_1/bd/design_1/ip/design_1_usp_rf_data_converter_0_0/synth/design_1_usp_rf_data_converter_0_0_clocks.xdc:65]
get_clocks: Time (s): cpu = 00:00:08 ; elapsed = 00:00:06 . Memory (MB): peak = 3736.473 ; gain = 847.184 ; free physical = 2921 ; free virtual = 8962
Finished Parsing XDC File [/home/thagenlo/Desktop/rfsoc_proj_data_aq.xpr/rfsoc_proj/rfsoc_proj.gen/sources_1/bd/design_1/ip/design_1_usp_rf_data_converter_0_0/synth/design_1_usp_rf_data_converter_0_0_clocks.xdc] for cell 'design_1_i/usp_rf_data_converter_0/inst'
Parsing XDC File [/home/thagenlo/Desktop/rfsoc_proj_data_aq.xpr/rfsoc_proj/rfsoc_proj.gen/sources_1/bd/design_1/ip/design_1_proc_sys_reset_0_0/design_1_proc_sys_reset_0_0_board.xdc] for cell 'design_1_i/proc_sys_reset_0/U0'
Finished Parsing XDC File [/home/thagenlo/Desktop/rfsoc_proj_data_aq.xpr/rfsoc_proj/rfsoc_proj.gen/sources_1/bd/design_1/ip/design_1_proc_sys_reset_0_0/design_1_proc_sys_reset_0_0_board.xdc] for cell 'design_1_i/proc_sys_reset_0/U0'
Parsing XDC File [/home/thagenlo/Desktop/rfsoc_proj_data_aq.xpr/rfsoc_proj/rfsoc_proj.gen/sources_1/bd/design_1/ip/design_1_proc_sys_reset_1_0/design_1_proc_sys_reset_1_0_board.xdc] for cell 'design_1_i/proc_sys_reset_1/U0'
Finished Parsing XDC File [/home/thagenlo/Desktop/rfsoc_proj_data_aq.xpr/rfsoc_proj/rfsoc_proj.gen/sources_1/bd/design_1/ip/design_1_proc_sys_reset_1_0/design_1_proc_sys_reset_1_0_board.xdc] for cell 'design_1_i/proc_sys_reset_1/U0'
Parsing XDC File [/home/thagenlo/Desktop/rfsoc_proj_data_aq.xpr/rfsoc_proj/rfsoc_proj.gen/sources_1/bd/design_1/ip/design_1_axi_smc_0/bd_0/ip/ip_1/bd_afc3_psr_aclk_0_board.xdc] for cell 'design_1_i/axi_smc/inst/clk_map/psr_aclk/U0'
Finished Parsing XDC File [/home/thagenlo/Desktop/rfsoc_proj_data_aq.xpr/rfsoc_proj/rfsoc_proj.gen/sources_1/bd/design_1/ip/design_1_axi_smc_0/bd_0/ip/ip_1/bd_afc3_psr_aclk_0_board.xdc] for cell 'design_1_i/axi_smc/inst/clk_map/psr_aclk/U0'
Parsing XDC File [/home/thagenlo/Desktop/rfsoc_proj_data_aq.xpr/rfsoc_proj/rfsoc_proj.gen/sources_1/bd/design_1/ip/design_1_axi_smc_0/smartconnect.xdc] for cell 'design_1_i/axi_smc/inst'
Finished Parsing XDC File [/home/thagenlo/Desktop/rfsoc_proj_data_aq.xpr/rfsoc_proj/rfsoc_proj.gen/sources_1/bd/design_1/ip/design_1_axi_smc_0/smartconnect.xdc] for cell 'design_1_i/axi_smc/inst'
Parsing XDC File [/home/thagenlo/Desktop/rfsoc_proj_data_aq.xpr/rfsoc_proj/rfsoc_proj.gen/sources_1/bd/design_1/ip/design_1_axi_smc_1_0/bd_0/ip/ip_1/bd_a878_psr_aclk_0_board.xdc] for cell 'design_1_i/axi_smc_1/inst/clk_map/psr_aclk/U0'
Finished Parsing XDC File [/home/thagenlo/Desktop/rfsoc_proj_data_aq.xpr/rfsoc_proj/rfsoc_proj.gen/sources_1/bd/design_1/ip/design_1_axi_smc_1_0/bd_0/ip/ip_1/bd_a878_psr_aclk_0_board.xdc] for cell 'design_1_i/axi_smc_1/inst/clk_map/psr_aclk/U0'
Parsing XDC File [/home/thagenlo/Desktop/rfsoc_proj_data_aq.xpr/rfsoc_proj/rfsoc_proj.gen/sources_1/bd/design_1/ip/design_1_axi_smc_1_0/smartconnect.xdc] for cell 'design_1_i/axi_smc_1/inst'
Finished Parsing XDC File [/home/thagenlo/Desktop/rfsoc_proj_data_aq.xpr/rfsoc_proj/rfsoc_proj.gen/sources_1/bd/design_1/ip/design_1_axi_smc_1_0/smartconnect.xdc] for cell 'design_1_i/axi_smc_1/inst'
Parsing XDC File [/home/thagenlo/Desktop/rfsoc_proj_data_aq.xpr/rfsoc_proj/rfsoc_proj.gen/sources_1/bd/design_1/ip/design_1_fir_compiler_0_0/constraints/fir_compiler_v7_2.xdc] for cell 'design_1_i/fir_compiler_0/U0'
Finished Parsing XDC File [/home/thagenlo/Desktop/rfsoc_proj_data_aq.xpr/rfsoc_proj/rfsoc_proj.gen/sources_1/bd/design_1/ip/design_1_fir_compiler_0_0/constraints/fir_compiler_v7_2.xdc] for cell 'design_1_i/fir_compiler_0/U0'
Parsing XDC File [/home/thagenlo/Desktop/rfsoc_proj_data_aq.xpr/rfsoc_proj/rfsoc_proj.gen/sources_1/bd/design_1/ip/design_1_fir_compiler_0_1/constraints/fir_compiler_v7_2.xdc] for cell 'design_1_i/fir_compiler_1/U0'
Finished Parsing XDC File [/home/thagenlo/Desktop/rfsoc_proj_data_aq.xpr/rfsoc_proj/rfsoc_proj.gen/sources_1/bd/design_1/ip/design_1_fir_compiler_0_1/constraints/fir_compiler_v7_2.xdc] for cell 'design_1_i/fir_compiler_1/U0'
Parsing XDC File [/home/thagenlo/Desktop/rfsoc_proj_data_aq.xpr/rfsoc_proj/rfsoc_proj.gen/sources_1/bd/design_1/ip/design_1_ila_0_0/ila_v6_2/constraints/ila_impl.xdc] for cell 'design_1_i/ila_0/inst'
WARNING: [Vivado_Tcl 4-921] Waiver ID 'CDC-10' -to list should not be empty. [/home/thagenlo/Desktop/rfsoc_proj_data_aq.xpr/rfsoc_proj/rfsoc_proj.gen/sources_1/bd/design_1/ip/design_1_ila_0_0/ila_v6_2/constraints/ila_impl.xdc:31]
Finished Parsing XDC File [/home/thagenlo/Desktop/rfsoc_proj_data_aq.xpr/rfsoc_proj/rfsoc_proj.gen/sources_1/bd/design_1/ip/design_1_ila_0_0/ila_v6_2/constraints/ila_impl.xdc] for cell 'design_1_i/ila_0/inst'
Parsing XDC File [/home/thagenlo/Desktop/rfsoc_proj_data_aq.xpr/rfsoc_proj/rfsoc_proj.gen/sources_1/bd/design_1/ip/design_1_ila_0_0/ila_v6_2/constraints/ila.xdc] for cell 'design_1_i/ila_0/inst'
WARNING: [Vivado_Tcl 4-921] Waiver ID 'CDC-10' -to list should not be empty. [/home/thagenlo/Desktop/rfsoc_proj_data_aq.xpr/rfsoc_proj/rfsoc_proj.gen/sources_1/bd/design_1/ip/design_1_ila_0_0/ila_v6_2/constraints/ila.xdc:108]
Finished Parsing XDC File [/home/thagenlo/Desktop/rfsoc_proj_data_aq.xpr/rfsoc_proj/rfsoc_proj.gen/sources_1/bd/design_1/ip/design_1_ila_0_0/ila_v6_2/constraints/ila.xdc] for cell 'design_1_i/ila_0/inst'
Parsing XDC File [/home/thagenlo/Desktop/rfsoc_proj_data_aq.xpr/rfsoc_proj/rfsoc_proj.srcs/constrs_1/imports/Downloads/base.xdc]
Finished Parsing XDC File [/home/thagenlo/Desktop/rfsoc_proj_data_aq.xpr/rfsoc_proj/rfsoc_proj.srcs/constrs_1/imports/Downloads/base.xdc]
Parsing XDC File [/home/thagenlo/Desktop/rfsoc_proj_data_aq.xpr/rfsoc_proj/rfsoc_proj.gen/sources_1/bd/design_1/ip/design_1_axi_dma_0_0/design_1_axi_dma_0_0_clocks.xdc] for cell 'design_1_i/axi_dma_0/U0'
Finished Parsing XDC File [/home/thagenlo/Desktop/rfsoc_proj_data_aq.xpr/rfsoc_proj/rfsoc_proj.gen/sources_1/bd/design_1/ip/design_1_axi_dma_0_0/design_1_axi_dma_0_0_clocks.xdc] for cell 'design_1_i/axi_dma_0/U0'
Parsing XDC File [/home/thagenlo/Desktop/rfsoc_proj_data_aq.xpr/rfsoc_proj/rfsoc_proj.gen/sources_1/bd/design_1/ip/design_1_usp_rf_data_converter_0_0/synth/design_1_usp_rf_data_converter_0_0.xdc] for cell 'design_1_i/usp_rf_data_converter_0/inst'
Finished Parsing XDC File [/home/thagenlo/Desktop/rfsoc_proj_data_aq.xpr/rfsoc_proj/rfsoc_proj.gen/sources_1/bd/design_1/ip/design_1_usp_rf_data_converter_0_0/synth/design_1_usp_rf_data_converter_0_0.xdc] for cell 'design_1_i/usp_rf_data_converter_0/inst'
INFO: [Project 1-1714] 268 XPM XDC files have been applied to the design.
INFO: [Opt 31-138] Pushed 0 inverter(s) to 0 load pin(s).
INFO: [Project 1-1687] 2 scoped IP constraints or related sub-commands were skipped due to synthesis logic optimizations usually triggered by constant connectivity or unconnected output pins. To review the skipped constraints and messages, run the command 'set_param netlist.IPMsgFiltering false' before opening the design.
Netlist sorting complete. Time (s): cpu = 00:00:00.01 ; elapsed = 00:00:00.01 . Memory (MB): peak = 3736.473 ; gain = 0.000 ; free physical = 2914 ; free virtual = 8955
INFO: [Project 1-111] Unisim Transformation Summary:
  A total of 174 instances were transformed.
  CFGLUT5 => CFGLUT5 (SRL16E, SRLC32E): 124 instances
  DSP48E1 => DSP48E2 (DSP_ALU, DSP_A_B_DATA, DSP_C_DATA, DSP_MULTIPLIER, DSP_M_DATA, DSP_OUTPUT, DSP_PREADD, DSP_PREADD_DATA): 14 instances
  DSP48E2 => DSP48E2 (DSP_ALU, DSP_A_B_DATA, DSP_C_DATA, DSP_MULTIPLIER, DSP_M_DATA, DSP_OUTPUT, DSP_PREADD, DSP_PREADD_DATA): 14 instances
  RAM16X1D => RAM32X1D (RAMD32(x2)): 3 instances
  RAM32M16 => RAM32M16 (RAMD32(x14), RAMS32(x2)): 19 instances

36 Infos, 3 Warnings, 0 Critical Warnings and 0 Errors encountered.
link_design completed successfully
link_design: Time (s): cpu = 00:00:28 ; elapsed = 00:00:25 . Memory (MB): peak = 3736.508 ; gain = 2099.598 ; free physical = 2912 ; free virtual = 8953
Command: opt_design
Attempting to get a license for feature 'Implementation' and/or device 'xczu48dr'
INFO: [Common 17-349] Got license for feature 'Implementation' and/or device 'xczu48dr'
Running DRC as a precondition to command opt_design

Starting DRC Task
INFO: [DRC 23-27] Running DRC with 8 threads
INFO: [Project 1-461] DRC finished with 0 Errors
INFO: [Project 1-462] Please refer to the DRC report (report_drc) for more information.

Time (s): cpu = 00:00:03 ; elapsed = 00:00:00.61 . Memory (MB): peak = 3782.133 ; gain = 37.656 ; free physical = 2867 ; free virtual = 8908

Starting Cache Timing Information Task
INFO: [Timing 38-35] Done setting XDC timing constraints.
Ending Cache Timing Information Task | Checksum: a06b208d

Time (s): cpu = 00:00:05 ; elapsed = 00:00:01 . Memory (MB): peak = 3782.133 ; gain = 0.000 ; free physical = 2864 ; free virtual = 8905

Starting Logic Optimization Task

Phase 1 Initialization

Phase 1.1 Core Generation And Design Setup

Phase 1.1.1 Generate And Synthesize Debug Cores
INFO: [Chipscope 16-329] Generating Script for core instance : dbg_hub 
INFO: [IP_Flow 19-3806] Processing IP xilinx.com:ip:xsdbm:3.0 for cell dbg_hub_CV.
INFO: [Chipscope 16-469] Using cached IP synthesis design for IP xilinx.com:ip:xsdbm:3.0, cache-ID = 6e1c718d246c1b2c.
Done building netlist checker database: Time (s): cpu = 00:00:00.01 ; elapsed = 00:00:00.01 . Memory (MB): peak = 4102.930 ; gain = 0.000 ; free physical = 2429 ; free virtual = 8478
Netlist sorting complete. Time (s): cpu = 00:00:00.03 ; elapsed = 00:00:00.03 . Memory (MB): peak = 4102.930 ; gain = 0.000 ; free physical = 2395 ; free virtual = 8444
Phase 1.1.1 Generate And Synthesize Debug Cores | Checksum: 142efd9bd

Time (s): cpu = 00:00:18 ; elapsed = 00:00:29 . Memory (MB): peak = 4102.930 ; gain = 20.812 ; free physical = 2395 ; free virtual = 8444
Phase 1.1 Core Generation And Design Setup | Checksum: 142efd9bd

Time (s): cpu = 00:00:18 ; elapsed = 00:00:29 . Memory (MB): peak = 4102.930 ; gain = 20.812 ; free physical = 2395 ; free virtual = 8444

Phase 1.2 Setup Constraints And Sort Netlist
Phase 1.2 Setup Constraints And Sort Netlist | Checksum: 142efd9bd

Time (s): cpu = 00:00:18 ; elapsed = 00:00:29 . Memory (MB): peak = 4102.930 ; gain = 20.812 ; free physical = 2395 ; free virtual = 8444
Phase 1 Initialization | Checksum: 142efd9bd

Time (s): cpu = 00:00:18 ; elapsed = 00:00:29 . Memory (MB): peak = 4102.930 ; gain = 20.812 ; free physical = 2395 ; free virtual = 8444

Phase 2 Timer Update And Timing Data Collection

Phase 2.1 Timer Update
Phase 2.1 Timer Update | Checksum: 142efd9bd

Time (s): cpu = 00:00:20 ; elapsed = 00:00:30 . Memory (MB): peak = 4102.930 ; gain = 20.812 ; free physical = 2397 ; free virtual = 8446

Phase 2.2 Timing Data Collection
Phase 2.2 Timing Data Collection | Checksum: 142efd9bd

Time (s): cpu = 00:00:20 ; elapsed = 00:00:30 . Memory (MB): peak = 4102.930 ; gain = 20.812 ; free physical = 2390 ; free virtual = 8439
Phase 2 Timer Update And Timing Data Collection | Checksum: 142efd9bd

Time (s): cpu = 00:00:20 ; elapsed = 00:00:30 . Memory (MB): peak = 4102.930 ; gain = 20.812 ; free physical = 2390 ; free virtual = 8439

Phase 3 Retarget
INFO: [Opt 31-1851] Number of loadless carry chains removed were: 0
INFO: [Opt 31-1834] Total Chains To Be Transformed Were: 0 AND Number of Transformed insts Created are: 0
INFO: [Opt 31-1566] Pulled 9 inverters resulting in an inversion of 133 pins
INFO: [Opt 31-138] Pushed 127 inverter(s) to 2911 load pin(s).
INFO: [Opt 31-422] The CLOCK_DOMAINS attribute on the BRAM cell design_1_i/ila_0/inst/ila_core_inst/ila_trace_memory_inst/SUBCORE_RAM_BLK_MEM_1.trace_block_memory/inst_blk_mem_gen/gnbram.gnativebmg.native_blk_mem_gen/valid.cstr/ramloop[0].ram.r/prim_noinit.ram/DEVICE_8SERIES.NO_BMM_INFO.SDP.SIMPLE_PRIM36.ram has been changed from INDEPENDENT to COMMON to match the clocking topology used for the BRAM.
INFO: [Opt 31-422] The CLOCK_DOMAINS attribute on the BRAM cell design_1_i/ila_0/inst/ila_core_inst/ila_trace_memory_inst/SUBCORE_RAM_BLK_MEM_1.trace_block_memory/inst_blk_mem_gen/gnbram.gnativebmg.native_blk_mem_gen/valid.cstr/ramloop[100].ram.r/prim_noinit.ram/DEVICE_8SERIES.NO_BMM_INFO.SDP.SIMPLE_PRIM36.ram has been changed from INDEPENDENT to COMMON to match the clocking topology used for the BRAM.
INFO: [Opt 31-422] The CLOCK_DOMAINS attribute on the BRAM cell design_1_i/ila_0/inst/ila_core_inst/ila_trace_memory_inst/SUBCORE_RAM_BLK_MEM_1.trace_block_memory/inst_blk_mem_gen/gnbram.gnativebmg.native_blk_mem_gen/valid.cstr/ramloop[101].ram.r/prim_noinit.ram/DEVICE_8SERIES.NO_BMM_INFO.SDP.SIMPLE_PRIM36.ram has been changed from INDEPENDENT to COMMON to match the clocking topology used for the BRAM.
INFO: [Opt 31-422] The CLOCK_DOMAINS attribute on the BRAM cell design_1_i/ila_0/inst/ila_core_inst/ila_trace_memory_inst/SUBCORE_RAM_BLK_MEM_1.trace_block_memory/inst_blk_mem_gen/gnbram.gnativebmg.native_blk_mem_gen/valid.cstr/ramloop[102].ram.r/prim_noinit.ram/DEVICE_8SERIES.NO_BMM_INFO.SDP.SIMPLE_PRIM36.ram has been changed from INDEPENDENT to COMMON to match the clocking topology used for the BRAM.
INFO: [Opt 31-422] The CLOCK_DOMAINS attribute on the BRAM cell design_1_i/ila_0/inst/ila_core_inst/ila_trace_memory_inst/SUBCORE_RAM_BLK_MEM_1.trace_block_memory/inst_blk_mem_gen/gnbram.gnativebmg.native_blk_mem_gen/valid.cstr/ramloop[103].ram.r/prim_noinit.ram/DEVICE_8SERIES.NO_BMM_INFO.SDP.SIMPLE_PRIM36.ram has been changed from INDEPENDENT to COMMON to match the clocking topology used for the BRAM.
INFO: [Opt 31-422] The CLOCK_DOMAINS attribute on the BRAM cell design_1_i/ila_0/inst/ila_core_inst/ila_trace_memory_inst/SUBCORE_RAM_BLK_MEM_1.trace_block_memory/inst_blk_mem_gen/gnbram.gnativebmg.native_blk_mem_gen/valid.cstr/ramloop[104].ram.r/prim_noinit.ram/DEVICE_8SERIES.NO_BMM_INFO.SDP.SIMPLE_PRIM36.ram has been changed from INDEPENDENT to COMMON to match the clocking topology used for the BRAM.
INFO: [Opt 31-422] The CLOCK_DOMAINS attribute on the BRAM cell design_1_i/ila_0/inst/ila_core_inst/ila_trace_memory_inst/SUBCORE_RAM_BLK_MEM_1.trace_block_memory/inst_blk_mem_gen/gnbram.gnativebmg.native_blk_mem_gen/valid.cstr/ramloop[105].ram.r/prim_noinit.ram/DEVICE_8SERIES.NO_BMM_INFO.SDP.SIMPLE_PRIM36.ram has been changed from INDEPENDENT to COMMON to match the clocking topology used for the BRAM.
INFO: [Opt 31-422] The CLOCK_DOMAINS attribute on the BRAM cell design_1_i/ila_0/inst/ila_core_inst/ila_trace_memory_inst/SUBCORE_RAM_BLK_MEM_1.trace_block_memory/inst_blk_mem_gen/gnbram.gnativebmg.native_blk_mem_gen/valid.cstr/ramloop[106].ram.r/prim_noinit.ram/DEVICE_8SERIES.NO_BMM_INFO.SDP.SIMPLE_PRIM36.ram has been changed from INDEPENDENT to COMMON to match the clocking topology used for the BRAM.
INFO: [Opt 31-422] The CLOCK_DOMAINS attribute on the BRAM cell design_1_i/ila_0/inst/ila_core_inst/ila_trace_memory_inst/SUBCORE_RAM_BLK_MEM_1.trace_block_memory/inst_blk_mem_gen/gnbram.gnativebmg.native_blk_mem_gen/valid.cstr/ramloop[107].ram.r/prim_noinit.ram/DEVICE_8SERIES.NO_BMM_INFO.SDP.SIMPLE_PRIM36.ram has been changed from INDEPENDENT to COMMON to match the clocking topology used for the BRAM.
INFO: [Opt 31-422] The CLOCK_DOMAINS attribute on the BRAM cell design_1_i/ila_0/inst/ila_core_inst/ila_trace_memory_inst/SUBCORE_RAM_BLK_MEM_1.trace_block_memory/inst_blk_mem_gen/gnbram.gnativebmg.native_blk_mem_gen/valid.cstr/ramloop[108].ram.r/prim_noinit.ram/DEVICE_8SERIES.NO_BMM_INFO.SDP.SIMPLE_PRIM36.ram has been changed from INDEPENDENT to COMMON to match the clocking topology used for the BRAM.
INFO: [Opt 31-422] The CLOCK_DOMAINS attribute on the BRAM cell design_1_i/ila_0/inst/ila_core_inst/ila_trace_memory_inst/SUBCORE_RAM_BLK_MEM_1.trace_block_memory/inst_blk_mem_gen/gnbram.gnativebmg.native_blk_mem_gen/valid.cstr/ramloop[109].ram.r/prim_noinit.ram/DEVICE_8SERIES.NO_BMM_INFO.SDP.SIMPLE_PRIM36.ram has been changed from INDEPENDENT to COMMON to match the clocking topology used for the BRAM.
INFO: [Opt 31-422] The CLOCK_DOMAINS attribute on the BRAM cell design_1_i/ila_0/inst/ila_core_inst/ila_trace_memory_inst/SUBCORE_RAM_BLK_MEM_1.trace_block_memory/inst_blk_mem_gen/gnbram.gnativebmg.native_blk_mem_gen/valid.cstr/ramloop[10].ram.r/prim_noinit.ram/DEVICE_8SERIES.NO_BMM_INFO.SDP.SIMPLE_PRIM36.ram has been changed from INDEPENDENT to COMMON to match the clocking topology used for the BRAM.
INFO: [Opt 31-422] The CLOCK_DOMAINS attribute on the BRAM cell design_1_i/ila_0/inst/ila_core_inst/ila_trace_memory_inst/SUBCORE_RAM_BLK_MEM_1.trace_block_memory/inst_blk_mem_gen/gnbram.gnativebmg.native_blk_mem_gen/valid.cstr/ramloop[110].ram.r/prim_noinit.ram/DEVICE_8SERIES.NO_BMM_INFO.SDP.SIMPLE_PRIM36.ram has been changed from INDEPENDENT to COMMON to match the clocking topology used for the BRAM.
INFO: [Opt 31-422] The CLOCK_DOMAINS attribute on the BRAM cell design_1_i/ila_0/inst/ila_core_inst/ila_trace_memory_inst/SUBCORE_RAM_BLK_MEM_1.trace_block_memory/inst_blk_mem_gen/gnbram.gnativebmg.native_blk_mem_gen/valid.cstr/ramloop[111].ram.r/prim_noinit.ram/DEVICE_8SERIES.NO_BMM_INFO.SDP.SIMPLE_PRIM36.ram has been changed from INDEPENDENT to COMMON to match the clocking topology used for the BRAM.
INFO: [Opt 31-422] The CLOCK_DOMAINS attribute on the BRAM cell design_1_i/ila_0/inst/ila_core_inst/ila_trace_memory_inst/SUBCORE_RAM_BLK_MEM_1.trace_block_memory/inst_blk_mem_gen/gnbram.gnativebmg.native_blk_mem_gen/valid.cstr/ramloop[112].ram.r/prim_noinit.ram/DEVICE_8SERIES.NO_BMM_INFO.SDP.SIMPLE_PRIM36.ram has been changed from INDEPENDENT to COMMON to match the clocking topology used for the BRAM.
INFO: [Opt 31-422] The CLOCK_DOMAINS attribute on the BRAM cell design_1_i/ila_0/inst/ila_core_inst/ila_trace_memory_inst/SUBCORE_RAM_BLK_MEM_1.trace_block_memory/inst_blk_mem_gen/gnbram.gnativebmg.native_blk_mem_gen/valid.cstr/ramloop[113].ram.r/prim_noinit.ram/DEVICE_8SERIES.NO_BMM_INFO.SDP.SIMPLE_PRIM36.ram has been changed from INDEPENDENT to COMMON to match the clocking topology used for the BRAM.
INFO: [Opt 31-422] The CLOCK_DOMAINS attribute on the BRAM cell design_1_i/ila_0/inst/ila_core_inst/ila_trace_memory_inst/SUBCORE_RAM_BLK_MEM_1.trace_block_memory/inst_blk_mem_gen/gnbram.gnativebmg.native_blk_mem_gen/valid.cstr/ramloop[114].ram.r/prim_noinit.ram/DEVICE_8SERIES.NO_BMM_INFO.SDP.SIMPLE_PRIM36.ram has been changed from INDEPENDENT to COMMON to match the clocking topology used for the BRAM.
INFO: [Opt 31-422] The CLOCK_DOMAINS attribute on the BRAM cell design_1_i/ila_0/inst/ila_core_inst/ila_trace_memory_inst/SUBCORE_RAM_BLK_MEM_1.trace_block_memory/inst_blk_mem_gen/gnbram.gnativebmg.native_blk_mem_gen/valid.cstr/ramloop[115].ram.r/prim_noinit.ram/DEVICE_8SERIES.NO_BMM_INFO.SDP.SIMPLE_PRIM36.ram has been changed from INDEPENDENT to COMMON to match the clocking topology used for the BRAM.
INFO: [Opt 31-422] The CLOCK_DOMAINS attribute on the BRAM cell design_1_i/ila_0/inst/ila_core_inst/ila_trace_memory_inst/SUBCORE_RAM_BLK_MEM_1.trace_block_memory/inst_blk_mem_gen/gnbram.gnativebmg.native_blk_mem_gen/valid.cstr/ramloop[116].ram.r/prim_noinit.ram/DEVICE_8SERIES.NO_BMM_INFO.SDP.SIMPLE_PRIM36.ram has been changed from INDEPENDENT to COMMON to match the clocking topology used for the BRAM.
INFO: [Opt 31-422] The CLOCK_DOMAINS attribute on the BRAM cell design_1_i/ila_0/inst/ila_core_inst/ila_trace_memory_inst/SUBCORE_RAM_BLK_MEM_1.trace_block_memory/inst_blk_mem_gen/gnbram.gnativebmg.native_blk_mem_gen/valid.cstr/ramloop[117].ram.r/prim_noinit.ram/DEVICE_8SERIES.NO_BMM_INFO.SDP.SIMPLE_PRIM36.ram has been changed from INDEPENDENT to COMMON to match the clocking topology used for the BRAM.
INFO: [Opt 31-422] The CLOCK_DOMAINS attribute on the BRAM cell design_1_i/ila_0/inst/ila_core_inst/ila_trace_memory_inst/SUBCORE_RAM_BLK_MEM_1.trace_block_memory/inst_blk_mem_gen/gnbram.gnativebmg.native_blk_mem_gen/valid.cstr/ramloop[118].ram.r/prim_noinit.ram/DEVICE_8SERIES.NO_BMM_INFO.SDP.SIMPLE_PRIM36.ram has been changed from INDEPENDENT to COMMON to match the clocking topology used for the BRAM.
INFO: [Opt 31-422] The CLOCK_DOMAINS attribute on the BRAM cell design_1_i/ila_0/inst/ila_core_inst/ila_trace_memory_inst/SUBCORE_RAM_BLK_MEM_1.trace_block_memory/inst_blk_mem_gen/gnbram.gnativebmg.native_blk_mem_gen/valid.cstr/ramloop[119].ram.r/prim_noinit.ram/DEVICE_8SERIES.NO_BMM_INFO.SDP.SIMPLE_PRIM36.ram has been changed from INDEPENDENT to COMMON to match the clocking topology used for the BRAM.
INFO: [Opt 31-422] The CLOCK_DOMAINS attribute on the BRAM cell design_1_i/ila_0/inst/ila_core_inst/ila_trace_memory_inst/SUBCORE_RAM_BLK_MEM_1.trace_block_memory/inst_blk_mem_gen/gnbram.gnativebmg.native_blk_mem_gen/valid.cstr/ramloop[11].ram.r/prim_noinit.ram/DEVICE_8SERIES.NO_BMM_INFO.SDP.SIMPLE_PRIM36.ram has been changed from INDEPENDENT to COMMON to match the clocking topology used for the BRAM.
INFO: [Opt 31-422] The CLOCK_DOMAINS attribute on the BRAM cell design_1_i/ila_0/inst/ila_core_inst/ila_trace_memory_inst/SUBCORE_RAM_BLK_MEM_1.trace_block_memory/inst_blk_mem_gen/gnbram.gnativebmg.native_blk_mem_gen/valid.cstr/ramloop[120].ram.r/prim_noinit.ram/DEVICE_8SERIES.NO_BMM_INFO.SDP.SIMPLE_PRIM36.ram has been changed from INDEPENDENT to COMMON to match the clocking topology used for the BRAM.
INFO: [Opt 31-422] The CLOCK_DOMAINS attribute on the BRAM cell design_1_i/ila_0/inst/ila_core_inst/ila_trace_memory_inst/SUBCORE_RAM_BLK_MEM_1.trace_block_memory/inst_blk_mem_gen/gnbram.gnativebmg.native_blk_mem_gen/valid.cstr/ramloop[121].ram.r/prim_noinit.ram/DEVICE_8SERIES.NO_BMM_INFO.SDP.SIMPLE_PRIM36.ram has been changed from INDEPENDENT to COMMON to match the clocking topology used for the BRAM.
INFO: [Opt 31-422] The CLOCK_DOMAINS attribute on the BRAM cell design_1_i/ila_0/inst/ila_core_inst/ila_trace_memory_inst/SUBCORE_RAM_BLK_MEM_1.trace_block_memory/inst_blk_mem_gen/gnbram.gnativebmg.native_blk_mem_gen/valid.cstr/ramloop[122].ram.r/prim_noinit.ram/DEVICE_8SERIES.NO_BMM_INFO.SDP.SIMPLE_PRIM36.ram has been changed from INDEPENDENT to COMMON to match the clocking topology used for the BRAM.
INFO: [Opt 31-422] The CLOCK_DOMAINS attribute on the BRAM cell design_1_i/ila_0/inst/ila_core_inst/ila_trace_memory_inst/SUBCORE_RAM_BLK_MEM_1.trace_block_memory/inst_blk_mem_gen/gnbram.gnativebmg.native_blk_mem_gen/valid.cstr/ramloop[123].ram.r/prim_noinit.ram/DEVICE_8SERIES.NO_BMM_INFO.SDP.SIMPLE_PRIM36.ram has been changed from INDEPENDENT to COMMON to match the clocking topology used for the BRAM.
INFO: [Opt 31-422] The CLOCK_DOMAINS attribute on the BRAM cell design_1_i/ila_0/inst/ila_core_inst/ila_trace_memory_inst/SUBCORE_RAM_BLK_MEM_1.trace_block_memory/inst_blk_mem_gen/gnbram.gnativebmg.native_blk_mem_gen/valid.cstr/ramloop[124].ram.r/prim_noinit.ram/DEVICE_8SERIES.NO_BMM_INFO.SDP.SIMPLE_PRIM36.ram has been changed from INDEPENDENT to COMMON to match the clocking topology used for the BRAM.
INFO: [Opt 31-422] The CLOCK_DOMAINS attribute on the BRAM cell design_1_i/ila_0/inst/ila_core_inst/ila_trace_memory_inst/SUBCORE_RAM_BLK_MEM_1.trace_block_memory/inst_blk_mem_gen/gnbram.gnativebmg.native_blk_mem_gen/valid.cstr/ramloop[125].ram.r/prim_noinit.ram/DEVICE_8SERIES.NO_BMM_INFO.SDP.SIMPLE_PRIM36.ram has been changed from INDEPENDENT to COMMON to match the clocking topology used for the BRAM.
INFO: [Opt 31-422] The CLOCK_DOMAINS attribute on the BRAM cell design_1_i/ila_0/inst/ila_core_inst/ila_trace_memory_inst/SUBCORE_RAM_BLK_MEM_1.trace_block_memory/inst_blk_mem_gen/gnbram.gnativebmg.native_blk_mem_gen/valid.cstr/ramloop[126].ram.r/prim_noinit.ram/DEVICE_8SERIES.NO_BMM_INFO.SDP.SIMPLE_PRIM36.ram has been changed from INDEPENDENT to COMMON to match the clocking topology used for the BRAM.
INFO: [Opt 31-422] The CLOCK_DOMAINS attribute on the BRAM cell design_1_i/ila_0/inst/ila_core_inst/ila_trace_memory_inst/SUBCORE_RAM_BLK_MEM_1.trace_block_memory/inst_blk_mem_gen/gnbram.gnativebmg.native_blk_mem_gen/valid.cstr/ramloop[127].ram.r/prim_noinit.ram/DEVICE_8SERIES.NO_BMM_INFO.SDP.SIMPLE_PRIM36.ram has been changed from INDEPENDENT to COMMON to match the clocking topology used for the BRAM.
INFO: [Opt 31-422] The CLOCK_DOMAINS attribute on the BRAM cell design_1_i/ila_0/inst/ila_core_inst/ila_trace_memory_inst/SUBCORE_RAM_BLK_MEM_1.trace_block_memory/inst_blk_mem_gen/gnbram.gnativebmg.native_blk_mem_gen/valid.cstr/ramloop[128].ram.r/prim_noinit.ram/DEVICE_8SERIES.NO_BMM_INFO.SDP.SIMPLE_PRIM36.ram has been changed from INDEPENDENT to COMMON to match the clocking topology used for the BRAM.
INFO: [Opt 31-422] The CLOCK_DOMAINS attribute on the BRAM cell design_1_i/ila_0/inst/ila_core_inst/ila_trace_memory_inst/SUBCORE_RAM_BLK_MEM_1.trace_block_memory/inst_blk_mem_gen/gnbram.gnativebmg.native_blk_mem_gen/valid.cstr/ramloop[129].ram.r/prim_noinit.ram/DEVICE_8SERIES.NO_BMM_INFO.SDP.SIMPLE_PRIM36.ram has been changed from INDEPENDENT to COMMON to match the clocking topology used for the BRAM.
INFO: [Opt 31-422] The CLOCK_DOMAINS attribute on the BRAM cell design_1_i/ila_0/inst/ila_core_inst/ila_trace_memory_inst/SUBCORE_RAM_BLK_MEM_1.trace_block_memory/inst_blk_mem_gen/gnbram.gnativebmg.native_blk_mem_gen/valid.cstr/ramloop[12].ram.r/prim_noinit.ram/DEVICE_8SERIES.NO_BMM_INFO.SDP.SIMPLE_PRIM36.ram has been changed from INDEPENDENT to COMMON to match the clocking topology used for the BRAM.
INFO: [Opt 31-422] The CLOCK_DOMAINS attribute on the BRAM cell design_1_i/ila_0/inst/ila_core_inst/ila_trace_memory_inst/SUBCORE_RAM_BLK_MEM_1.trace_block_memory/inst_blk_mem_gen/gnbram.gnativebmg.native_blk_mem_gen/valid.cstr/ramloop[130].ram.r/prim_noinit.ram/DEVICE_8SERIES.NO_BMM_INFO.SDP.SIMPLE_PRIM36.ram has been changed from INDEPENDENT to COMMON to match the clocking topology used for the BRAM.
INFO: [Opt 31-422] The CLOCK_DOMAINS attribute on the BRAM cell design_1_i/ila_0/inst/ila_core_inst/ila_trace_memory_inst/SUBCORE_RAM_BLK_MEM_1.trace_block_memory/inst_blk_mem_gen/gnbram.gnativebmg.native_blk_mem_gen/valid.cstr/ramloop[131].ram.r/prim_noinit.ram/DEVICE_8SERIES.NO_BMM_INFO.SDP.SIMPLE_PRIM36.ram has been changed from INDEPENDENT to COMMON to match the clocking topology used for the BRAM.
INFO: [Opt 31-422] The CLOCK_DOMAINS attribute on the BRAM cell design_1_i/ila_0/inst/ila_core_inst/ila_trace_memory_inst/SUBCORE_RAM_BLK_MEM_1.trace_block_memory/inst_blk_mem_gen/gnbram.gnativebmg.native_blk_mem_gen/valid.cstr/ramloop[132].ram.r/prim_noinit.ram/DEVICE_8SERIES.NO_BMM_INFO.SDP.SIMPLE_PRIM36.ram has been changed from INDEPENDENT to COMMON to match the clocking topology used for the BRAM.
INFO: [Opt 31-422] The CLOCK_DOMAINS attribute on the BRAM cell design_1_i/ila_0/inst/ila_core_inst/ila_trace_memory_inst/SUBCORE_RAM_BLK_MEM_1.trace_block_memory/inst_blk_mem_gen/gnbram.gnativebmg.native_blk_mem_gen/valid.cstr/ramloop[133].ram.r/prim_noinit.ram/DEVICE_8SERIES.NO_BMM_INFO.SDP.SIMPLE_PRIM36.ram has been changed from INDEPENDENT to COMMON to match the clocking topology used for the BRAM.
INFO: [Opt 31-422] The CLOCK_DOMAINS attribute on the BRAM cell design_1_i/ila_0/inst/ila_core_inst/ila_trace_memory_inst/SUBCORE_RAM_BLK_MEM_1.trace_block_memory/inst_blk_mem_gen/gnbram.gnativebmg.native_blk_mem_gen/valid.cstr/ramloop[134].ram.r/prim_noinit.ram/DEVICE_8SERIES.NO_BMM_INFO.SDP.SIMPLE_PRIM36.ram has been changed from INDEPENDENT to COMMON to match the clocking topology used for the BRAM.
INFO: [Opt 31-422] The CLOCK_DOMAINS attribute on the BRAM cell design_1_i/ila_0/inst/ila_core_inst/ila_trace_memory_inst/SUBCORE_RAM_BLK_MEM_1.trace_block_memory/inst_blk_mem_gen/gnbram.gnativebmg.native_blk_mem_gen/valid.cstr/ramloop[135].ram.r/prim_noinit.ram/DEVICE_8SERIES.NO_BMM_INFO.SDP.SIMPLE_PRIM36.ram has been changed from INDEPENDENT to COMMON to match the clocking topology used for the BRAM.
INFO: [Opt 31-422] The CLOCK_DOMAINS attribute on the BRAM cell design_1_i/ila_0/inst/ila_core_inst/ila_trace_memory_inst/SUBCORE_RAM_BLK_MEM_1.trace_block_memory/inst_blk_mem_gen/gnbram.gnativebmg.native_blk_mem_gen/valid.cstr/ramloop[136].ram.r/prim_noinit.ram/DEVICE_8SERIES.NO_BMM_INFO.SDP.SIMPLE_PRIM36.ram has been changed from INDEPENDENT to COMMON to match the clocking topology used for the BRAM.
INFO: [Opt 31-422] The CLOCK_DOMAINS attribute on the BRAM cell design_1_i/ila_0/inst/ila_core_inst/ila_trace_memory_inst/SUBCORE_RAM_BLK_MEM_1.trace_block_memory/inst_blk_mem_gen/gnbram.gnativebmg.native_blk_mem_gen/valid.cstr/ramloop[137].ram.r/prim_noinit.ram/DEVICE_8SERIES.NO_BMM_INFO.SDP.SIMPLE_PRIM36.ram has been changed from INDEPENDENT to COMMON to match the clocking topology used for the BRAM.
INFO: [Opt 31-422] The CLOCK_DOMAINS attribute on the BRAM cell design_1_i/ila_0/inst/ila_core_inst/ila_trace_memory_inst/SUBCORE_RAM_BLK_MEM_1.trace_block_memory/inst_blk_mem_gen/gnbram.gnativebmg.native_blk_mem_gen/valid.cstr/ramloop[138].ram.r/prim_noinit.ram/DEVICE_8SERIES.NO_BMM_INFO.SDP.SIMPLE_PRIM36.ram has been changed from INDEPENDENT to COMMON to match the clocking topology used for the BRAM.
INFO: [Opt 31-422] The CLOCK_DOMAINS attribute on the BRAM cell design_1_i/ila_0/inst/ila_core_inst/ila_trace_memory_inst/SUBCORE_RAM_BLK_MEM_1.trace_block_memory/inst_blk_mem_gen/gnbram.gnativebmg.native_blk_mem_gen/valid.cstr/ramloop[139].ram.r/prim_noinit.ram/DEVICE_8SERIES.NO_BMM_INFO.SDP.SIMPLE_PRIM36.ram has been changed from INDEPENDENT to COMMON to match the clocking topology used for the BRAM.
INFO: [Opt 31-422] The CLOCK_DOMAINS attribute on the BRAM cell design_1_i/ila_0/inst/ila_core_inst/ila_trace_memory_inst/SUBCORE_RAM_BLK_MEM_1.trace_block_memory/inst_blk_mem_gen/gnbram.gnativebmg.native_blk_mem_gen/valid.cstr/ramloop[13].ram.r/prim_noinit.ram/DEVICE_8SERIES.NO_BMM_INFO.SDP.SIMPLE_PRIM36.ram has been changed from INDEPENDENT to COMMON to match the clocking topology used for the BRAM.
INFO: [Opt 31-422] The CLOCK_DOMAINS attribute on the BRAM cell design_1_i/ila_0/inst/ila_core_inst/ila_trace_memory_inst/SUBCORE_RAM_BLK_MEM_1.trace_block_memory/inst_blk_mem_gen/gnbram.gnativebmg.native_blk_mem_gen/valid.cstr/ramloop[140].ram.r/prim_noinit.ram/DEVICE_8SERIES.NO_BMM_INFO.SDP.SIMPLE_PRIM36.ram has been changed from INDEPENDENT to COMMON to match the clocking topology used for the BRAM.
INFO: [Opt 31-422] The CLOCK_DOMAINS attribute on the BRAM cell design_1_i/ila_0/inst/ila_core_inst/ila_trace_memory_inst/SUBCORE_RAM_BLK_MEM_1.trace_block_memory/inst_blk_mem_gen/gnbram.gnativebmg.native_blk_mem_gen/valid.cstr/ramloop[141].ram.r/prim_noinit.ram/DEVICE_8SERIES.NO_BMM_INFO.SDP.SIMPLE_PRIM36.ram has been changed from INDEPENDENT to COMMON to match the clocking topology used for the BRAM.
INFO: [Opt 31-422] The CLOCK_DOMAINS attribute on the BRAM cell design_1_i/ila_0/inst/ila_core_inst/ila_trace_memory_inst/SUBCORE_RAM_BLK_MEM_1.trace_block_memory/inst_blk_mem_gen/gnbram.gnativebmg.native_blk_mem_gen/valid.cstr/ramloop[142].ram.r/prim_noinit.ram/DEVICE_8SERIES.NO_BMM_INFO.SDP.SIMPLE_PRIM36.ram has been changed from INDEPENDENT to COMMON to match the clocking topology used for the BRAM.
INFO: [Opt 31-422] The CLOCK_DOMAINS attribute on the BRAM cell design_1_i/ila_0/inst/ila_core_inst/ila_trace_memory_inst/SUBCORE_RAM_BLK_MEM_1.trace_block_memory/inst_blk_mem_gen/gnbram.gnativebmg.native_blk_mem_gen/valid.cstr/ramloop[143].ram.r/prim_noinit.ram/DEVICE_8SERIES.NO_BMM_INFO.SDP.SIMPLE_PRIM36.ram has been changed from INDEPENDENT to COMMON to match the clocking topology used for the BRAM.
INFO: [Opt 31-422] The CLOCK_DOMAINS attribute on the BRAM cell design_1_i/ila_0/inst/ila_core_inst/ila_trace_memory_inst/SUBCORE_RAM_BLK_MEM_1.trace_block_memory/inst_blk_mem_gen/gnbram.gnativebmg.native_blk_mem_gen/valid.cstr/ramloop[144].ram.r/prim_noinit.ram/DEVICE_8SERIES.NO_BMM_INFO.SDP.SIMPLE_PRIM36.ram has been changed from INDEPENDENT to COMMON to match the clocking topology used for the BRAM.
INFO: [Opt 31-422] The CLOCK_DOMAINS attribute on the BRAM cell design_1_i/ila_0/inst/ila_core_inst/ila_trace_memory_inst/SUBCORE_RAM_BLK_MEM_1.trace_block_memory/inst_blk_mem_gen/gnbram.gnativebmg.native_blk_mem_gen/valid.cstr/ramloop[145].ram.r/prim_noinit.ram/DEVICE_8SERIES.NO_BMM_INFO.SDP.SIMPLE_PRIM36.ram has been changed from INDEPENDENT to COMMON to match the clocking topology used for the BRAM.
INFO: [Opt 31-422] The CLOCK_DOMAINS attribute on the BRAM cell design_1_i/ila_0/inst/ila_core_inst/ila_trace_memory_inst/SUBCORE_RAM_BLK_MEM_1.trace_block_memory/inst_blk_mem_gen/gnbram.gnativebmg.native_blk_mem_gen/valid.cstr/ramloop[146].ram.r/prim_noinit.ram/DEVICE_8SERIES.NO_BMM_INFO.SDP.SIMPLE_PRIM36.ram has been changed from INDEPENDENT to COMMON to match the clocking topology used for the BRAM.
INFO: [Opt 31-422] The CLOCK_DOMAINS attribute on the BRAM cell design_1_i/ila_0/inst/ila_core_inst/ila_trace_memory_inst/SUBCORE_RAM_BLK_MEM_1.trace_block_memory/inst_blk_mem_gen/gnbram.gnativebmg.native_blk_mem_gen/valid.cstr/ramloop[147].ram.r/prim_noinit.ram/DEVICE_8SERIES.NO_BMM_INFO.SDP.SIMPLE_PRIM36.ram has been changed from INDEPENDENT to COMMON to match the clocking topology used for the BRAM.
INFO: [Opt 31-422] The CLOCK_DOMAINS attribute on the BRAM cell design_1_i/ila_0/inst/ila_core_inst/ila_trace_memory_inst/SUBCORE_RAM_BLK_MEM_1.trace_block_memory/inst_blk_mem_gen/gnbram.gnativebmg.native_blk_mem_gen/valid.cstr/ramloop[148].ram.r/prim_noinit.ram/DEVICE_8SERIES.NO_BMM_INFO.SDP.SIMPLE_PRIM36.ram has been changed from INDEPENDENT to COMMON to match the clocking topology used for the BRAM.
INFO: [Opt 31-422] The CLOCK_DOMAINS attribute on the BRAM cell design_1_i/ila_0/inst/ila_core_inst/ila_trace_memory_inst/SUBCORE_RAM_BLK_MEM_1.trace_block_memory/inst_blk_mem_gen/gnbram.gnativebmg.native_blk_mem_gen/valid.cstr/ramloop[149].ram.r/prim_noinit.ram/DEVICE_8SERIES.NO_BMM_INFO.SDP.SIMPLE_PRIM36.ram has been changed from INDEPENDENT to COMMON to match the clocking topology used for the BRAM.
INFO: [Opt 31-422] The CLOCK_DOMAINS attribute on the BRAM cell design_1_i/ila_0/inst/ila_core_inst/ila_trace_memory_inst/SUBCORE_RAM_BLK_MEM_1.trace_block_memory/inst_blk_mem_gen/gnbram.gnativebmg.native_blk_mem_gen/valid.cstr/ramloop[14].ram.r/prim_noinit.ram/DEVICE_8SERIES.NO_BMM_INFO.SDP.SIMPLE_PRIM36.ram has been changed from INDEPENDENT to COMMON to match the clocking topology used for the BRAM.
INFO: [Opt 31-422] The CLOCK_DOMAINS attribute on the BRAM cell design_1_i/ila_0/inst/ila_core_inst/ila_trace_memory_inst/SUBCORE_RAM_BLK_MEM_1.trace_block_memory/inst_blk_mem_gen/gnbram.gnativebmg.native_blk_mem_gen/valid.cstr/ramloop[150].ram.r/prim_noinit.ram/DEVICE_8SERIES.NO_BMM_INFO.SDP.SIMPLE_PRIM36.ram has been changed from INDEPENDENT to COMMON to match the clocking topology used for the BRAM.
INFO: [Opt 31-422] The CLOCK_DOMAINS attribute on the BRAM cell design_1_i/ila_0/inst/ila_core_inst/ila_trace_memory_inst/SUBCORE_RAM_BLK_MEM_1.trace_block_memory/inst_blk_mem_gen/gnbram.gnativebmg.native_blk_mem_gen/valid.cstr/ramloop[151].ram.r/prim_noinit.ram/DEVICE_8SERIES.NO_BMM_INFO.SDP.SIMPLE_PRIM36.ram has been changed from INDEPENDENT to COMMON to match the clocking topology used for the BRAM.
INFO: [Opt 31-422] The CLOCK_DOMAINS attribute on the BRAM cell design_1_i/ila_0/inst/ila_core_inst/ila_trace_memory_inst/SUBCORE_RAM_BLK_MEM_1.trace_block_memory/inst_blk_mem_gen/gnbram.gnativebmg.native_blk_mem_gen/valid.cstr/ramloop[152].ram.r/prim_noinit.ram/DEVICE_8SERIES.NO_BMM_INFO.SDP.SIMPLE_PRIM36.ram has been changed from INDEPENDENT to COMMON to match the clocking topology used for the BRAM.
INFO: [Opt 31-422] The CLOCK_DOMAINS attribute on the BRAM cell design_1_i/ila_0/inst/ila_core_inst/ila_trace_memory_inst/SUBCORE_RAM_BLK_MEM_1.trace_block_memory/inst_blk_mem_gen/gnbram.gnativebmg.native_blk_mem_gen/valid.cstr/ramloop[153].ram.r/prim_noinit.ram/DEVICE_8SERIES.NO_BMM_INFO.SDP.SIMPLE_PRIM36.ram has been changed from INDEPENDENT to COMMON to match the clocking topology used for the BRAM.
INFO: [Opt 31-422] The CLOCK_DOMAINS attribute on the BRAM cell design_1_i/ila_0/inst/ila_core_inst/ila_trace_memory_inst/SUBCORE_RAM_BLK_MEM_1.trace_block_memory/inst_blk_mem_gen/gnbram.gnativebmg.native_blk_mem_gen/valid.cstr/ramloop[154].ram.r/prim_noinit.ram/DEVICE_8SERIES.NO_BMM_INFO.SDP.SIMPLE_PRIM36.ram has been changed from INDEPENDENT to COMMON to match the clocking topology used for the BRAM.
INFO: [Opt 31-422] The CLOCK_DOMAINS attribute on the BRAM cell design_1_i/ila_0/inst/ila_core_inst/ila_trace_memory_inst/SUBCORE_RAM_BLK_MEM_1.trace_block_memory/inst_blk_mem_gen/gnbram.gnativebmg.native_blk_mem_gen/valid.cstr/ramloop[155].ram.r/prim_noinit.ram/DEVICE_8SERIES.NO_BMM_INFO.SDP.SIMPLE_PRIM36.ram has been changed from INDEPENDENT to COMMON to match the clocking topology used for the BRAM.
INFO: [Opt 31-422] The CLOCK_DOMAINS attribute on the BRAM cell design_1_i/ila_0/inst/ila_core_inst/ila_trace_memory_inst/SUBCORE_RAM_BLK_MEM_1.trace_block_memory/inst_blk_mem_gen/gnbram.gnativebmg.native_blk_mem_gen/valid.cstr/ramloop[156].ram.r/prim_noinit.ram/DEVICE_8SERIES.NO_BMM_INFO.SDP.SIMPLE_PRIM36.ram has been changed from INDEPENDENT to COMMON to match the clocking topology used for the BRAM.
INFO: [Opt 31-422] The CLOCK_DOMAINS attribute on the BRAM cell design_1_i/ila_0/inst/ila_core_inst/ila_trace_memory_inst/SUBCORE_RAM_BLK_MEM_1.trace_block_memory/inst_blk_mem_gen/gnbram.gnativebmg.native_blk_mem_gen/valid.cstr/ramloop[157].ram.r/prim_noinit.ram/DEVICE_8SERIES.NO_BMM_INFO.SDP.SIMPLE_PRIM36.ram has been changed from INDEPENDENT to COMMON to match the clocking topology used for the BRAM.
INFO: [Opt 31-422] The CLOCK_DOMAINS attribute on the BRAM cell design_1_i/ila_0/inst/ila_core_inst/ila_trace_memory_inst/SUBCORE_RAM_BLK_MEM_1.trace_block_memory/inst_blk_mem_gen/gnbram.gnativebmg.native_blk_mem_gen/valid.cstr/ramloop[158].ram.r/prim_noinit.ram/DEVICE_8SERIES.NO_BMM_INFO.SDP.SIMPLE_PRIM36.ram has been changed from INDEPENDENT to COMMON to match the clocking topology used for the BRAM.
INFO: [Opt 31-422] The CLOCK_DOMAINS attribute on the BRAM cell design_1_i/ila_0/inst/ila_core_inst/ila_trace_memory_inst/SUBCORE_RAM_BLK_MEM_1.trace_block_memory/inst_blk_mem_gen/gnbram.gnativebmg.native_blk_mem_gen/valid.cstr/ramloop[159].ram.r/prim_noinit.ram/DEVICE_8SERIES.NO_BMM_INFO.SDP.SIMPLE_PRIM36.ram has been changed from INDEPENDENT to COMMON to match the clocking topology used for the BRAM.
INFO: [Opt 31-422] The CLOCK_DOMAINS attribute on the BRAM cell design_1_i/ila_0/inst/ila_core_inst/ila_trace_memory_inst/SUBCORE_RAM_BLK_MEM_1.trace_block_memory/inst_blk_mem_gen/gnbram.gnativebmg.native_blk_mem_gen/valid.cstr/ramloop[15].ram.r/prim_noinit.ram/DEVICE_8SERIES.NO_BMM_INFO.SDP.SIMPLE_PRIM36.ram has been changed from INDEPENDENT to COMMON to match the clocking topology used for the BRAM.
INFO: [Opt 31-422] The CLOCK_DOMAINS attribute on the BRAM cell design_1_i/ila_0/inst/ila_core_inst/ila_trace_memory_inst/SUBCORE_RAM_BLK_MEM_1.trace_block_memory/inst_blk_mem_gen/gnbram.gnativebmg.native_blk_mem_gen/valid.cstr/ramloop[160].ram.r/prim_noinit.ram/DEVICE_8SERIES.NO_BMM_INFO.SDP.SIMPLE_PRIM36.ram has been changed from INDEPENDENT to COMMON to match the clocking topology used for the BRAM.
INFO: [Opt 31-422] The CLOCK_DOMAINS attribute on the BRAM cell design_1_i/ila_0/inst/ila_core_inst/ila_trace_memory_inst/SUBCORE_RAM_BLK_MEM_1.trace_block_memory/inst_blk_mem_gen/gnbram.gnativebmg.native_blk_mem_gen/valid.cstr/ramloop[161].ram.r/prim_noinit.ram/DEVICE_8SERIES.NO_BMM_INFO.SDP.SIMPLE_PRIM36.ram has been changed from INDEPENDENT to COMMON to match the clocking topology used for the BRAM.
INFO: [Opt 31-422] The CLOCK_DOMAINS attribute on the BRAM cell design_1_i/ila_0/inst/ila_core_inst/ila_trace_memory_inst/SUBCORE_RAM_BLK_MEM_1.trace_block_memory/inst_blk_mem_gen/gnbram.gnativebmg.native_blk_mem_gen/valid.cstr/ramloop[162].ram.r/prim_noinit.ram/DEVICE_8SERIES.NO_BMM_INFO.SDP.SIMPLE_PRIM36.ram has been changed from INDEPENDENT to COMMON to match the clocking topology used for the BRAM.
INFO: [Opt 31-422] The CLOCK_DOMAINS attribute on the BRAM cell design_1_i/ila_0/inst/ila_core_inst/ila_trace_memory_inst/SUBCORE_RAM_BLK_MEM_1.trace_block_memory/inst_blk_mem_gen/gnbram.gnativebmg.native_blk_mem_gen/valid.cstr/ramloop[163].ram.r/prim_noinit.ram/DEVICE_8SERIES.NO_BMM_INFO.SDP.SIMPLE_PRIM36.ram has been changed from INDEPENDENT to COMMON to match the clocking topology used for the BRAM.
INFO: [Opt 31-422] The CLOCK_DOMAINS attribute on the BRAM cell design_1_i/ila_0/inst/ila_core_inst/ila_trace_memory_inst/SUBCORE_RAM_BLK_MEM_1.trace_block_memory/inst_blk_mem_gen/gnbram.gnativebmg.native_blk_mem_gen/valid.cstr/ramloop[164].ram.r/prim_noinit.ram/DEVICE_8SERIES.NO_BMM_INFO.SDP.SIMPLE_PRIM36.ram has been changed from INDEPENDENT to COMMON to match the clocking topology used for the BRAM.
INFO: [Opt 31-422] The CLOCK_DOMAINS attribute on the BRAM cell design_1_i/ila_0/inst/ila_core_inst/ila_trace_memory_inst/SUBCORE_RAM_BLK_MEM_1.trace_block_memory/inst_blk_mem_gen/gnbram.gnativebmg.native_blk_mem_gen/valid.cstr/ramloop[165].ram.r/prim_noinit.ram/DEVICE_8SERIES.NO_BMM_INFO.SDP.SIMPLE_PRIM36.ram has been changed from INDEPENDENT to COMMON to match the clocking topology used for the BRAM.
INFO: [Opt 31-422] The CLOCK_DOMAINS attribute on the BRAM cell design_1_i/ila_0/inst/ila_core_inst/ila_trace_memory_inst/SUBCORE_RAM_BLK_MEM_1.trace_block_memory/inst_blk_mem_gen/gnbram.gnativebmg.native_blk_mem_gen/valid.cstr/ramloop[166].ram.r/prim_noinit.ram/DEVICE_8SERIES.NO_BMM_INFO.SDP.SIMPLE_PRIM36.ram has been changed from INDEPENDENT to COMMON to match the clocking topology used for the BRAM.
INFO: [Opt 31-422] The CLOCK_DOMAINS attribute on the BRAM cell design_1_i/ila_0/inst/ila_core_inst/ila_trace_memory_inst/SUBCORE_RAM_BLK_MEM_1.trace_block_memory/inst_blk_mem_gen/gnbram.gnativebmg.native_blk_mem_gen/valid.cstr/ramloop[167].ram.r/prim_noinit.ram/DEVICE_8SERIES.NO_BMM_INFO.SDP.SIMPLE_PRIM36.ram has been changed from INDEPENDENT to COMMON to match the clocking topology used for the BRAM.
INFO: [Opt 31-422] The CLOCK_DOMAINS attribute on the BRAM cell design_1_i/ila_0/inst/ila_core_inst/ila_trace_memory_inst/SUBCORE_RAM_BLK_MEM_1.trace_block_memory/inst_blk_mem_gen/gnbram.gnativebmg.native_blk_mem_gen/valid.cstr/ramloop[168].ram.r/prim_noinit.ram/DEVICE_8SERIES.NO_BMM_INFO.SDP.SIMPLE_PRIM36.ram has been changed from INDEPENDENT to COMMON to match the clocking topology used for the BRAM.
INFO: [Opt 31-422] The CLOCK_DOMAINS attribute on the BRAM cell design_1_i/ila_0/inst/ila_core_inst/ila_trace_memory_inst/SUBCORE_RAM_BLK_MEM_1.trace_block_memory/inst_blk_mem_gen/gnbram.gnativebmg.native_blk_mem_gen/valid.cstr/ramloop[169].ram.r/prim_noinit.ram/DEVICE_8SERIES.NO_BMM_INFO.SDP.SIMPLE_PRIM36.ram has been changed from INDEPENDENT to COMMON to match the clocking topology used for the BRAM.
INFO: [Opt 31-422] The CLOCK_DOMAINS attribute on the BRAM cell design_1_i/ila_0/inst/ila_core_inst/ila_trace_memory_inst/SUBCORE_RAM_BLK_MEM_1.trace_block_memory/inst_blk_mem_gen/gnbram.gnativebmg.native_blk_mem_gen/valid.cstr/ramloop[16].ram.r/prim_noinit.ram/DEVICE_8SERIES.NO_BMM_INFO.SDP.SIMPLE_PRIM36.ram has been changed from INDEPENDENT to COMMON to match the clocking topology used for the BRAM.
INFO: [Opt 31-422] The CLOCK_DOMAINS attribute on the BRAM cell design_1_i/ila_0/inst/ila_core_inst/ila_trace_memory_inst/SUBCORE_RAM_BLK_MEM_1.trace_block_memory/inst_blk_mem_gen/gnbram.gnativebmg.native_blk_mem_gen/valid.cstr/ramloop[170].ram.r/prim_noinit.ram/DEVICE_8SERIES.NO_BMM_INFO.SDP.SIMPLE_PRIM36.ram has been changed from INDEPENDENT to COMMON to match the clocking topology used for the BRAM.
INFO: [Opt 31-422] The CLOCK_DOMAINS attribute on the BRAM cell design_1_i/ila_0/inst/ila_core_inst/ila_trace_memory_inst/SUBCORE_RAM_BLK_MEM_1.trace_block_memory/inst_blk_mem_gen/gnbram.gnativebmg.native_blk_mem_gen/valid.cstr/ramloop[171].ram.r/prim_noinit.ram/DEVICE_8SERIES.NO_BMM_INFO.SDP.SIMPLE_PRIM36.ram has been changed from INDEPENDENT to COMMON to match the clocking topology used for the BRAM.
INFO: [Opt 31-422] The CLOCK_DOMAINS attribute on the BRAM cell design_1_i/ila_0/inst/ila_core_inst/ila_trace_memory_inst/SUBCORE_RAM_BLK_MEM_1.trace_block_memory/inst_blk_mem_gen/gnbram.gnativebmg.native_blk_mem_gen/valid.cstr/ramloop[172].ram.r/prim_noinit.ram/DEVICE_8SERIES.NO_BMM_INFO.SDP.SIMPLE_PRIM36.ram has been changed from INDEPENDENT to COMMON to match the clocking topology used for the BRAM.
INFO: [Opt 31-422] The CLOCK_DOMAINS attribute on the BRAM cell design_1_i/ila_0/inst/ila_core_inst/ila_trace_memory_inst/SUBCORE_RAM_BLK_MEM_1.trace_block_memory/inst_blk_mem_gen/gnbram.gnativebmg.native_blk_mem_gen/valid.cstr/ramloop[173].ram.r/prim_noinit.ram/DEVICE_8SERIES.NO_BMM_INFO.SDP.SIMPLE_PRIM36.ram has been changed from INDEPENDENT to COMMON to match the clocking topology used for the BRAM.
INFO: [Opt 31-422] The CLOCK_DOMAINS attribute on the BRAM cell design_1_i/ila_0/inst/ila_core_inst/ila_trace_memory_inst/SUBCORE_RAM_BLK_MEM_1.trace_block_memory/inst_blk_mem_gen/gnbram.gnativebmg.native_blk_mem_gen/valid.cstr/ramloop[174].ram.r/prim_noinit.ram/DEVICE_8SERIES.NO_BMM_INFO.SDP.SIMPLE_PRIM36.ram has been changed from INDEPENDENT to COMMON to match the clocking topology used for the BRAM.
INFO: [Opt 31-422] The CLOCK_DOMAINS attribute on the BRAM cell design_1_i/ila_0/inst/ila_core_inst/ila_trace_memory_inst/SUBCORE_RAM_BLK_MEM_1.trace_block_memory/inst_blk_mem_gen/gnbram.gnativebmg.native_blk_mem_gen/valid.cstr/ramloop[175].ram.r/prim_noinit.ram/DEVICE_8SERIES.NO_BMM_INFO.SDP.SIMPLE_PRIM36.ram has been changed from INDEPENDENT to COMMON to match the clocking topology used for the BRAM.
INFO: [Opt 31-422] The CLOCK_DOMAINS attribute on the BRAM cell design_1_i/ila_0/inst/ila_core_inst/ila_trace_memory_inst/SUBCORE_RAM_BLK_MEM_1.trace_block_memory/inst_blk_mem_gen/gnbram.gnativebmg.native_blk_mem_gen/valid.cstr/ramloop[176].ram.r/prim_noinit.ram/DEVICE_8SERIES.NO_BMM_INFO.SDP.SIMPLE_PRIM36.ram has been changed from INDEPENDENT to COMMON to match the clocking topology used for the BRAM.
INFO: [Opt 31-422] The CLOCK_DOMAINS attribute on the BRAM cell design_1_i/ila_0/inst/ila_core_inst/ila_trace_memory_inst/SUBCORE_RAM_BLK_MEM_1.trace_block_memory/inst_blk_mem_gen/gnbram.gnativebmg.native_blk_mem_gen/valid.cstr/ramloop[177].ram.r/prim_noinit.ram/DEVICE_8SERIES.NO_BMM_INFO.SDP.SIMPLE_PRIM36.ram has been changed from INDEPENDENT to COMMON to match the clocking topology used for the BRAM.
INFO: [Opt 31-422] The CLOCK_DOMAINS attribute on the BRAM cell design_1_i/ila_0/inst/ila_core_inst/ila_trace_memory_inst/SUBCORE_RAM_BLK_MEM_1.trace_block_memory/inst_blk_mem_gen/gnbram.gnativebmg.native_blk_mem_gen/valid.cstr/ramloop[178].ram.r/prim_noinit.ram/DEVICE_8SERIES.NO_BMM_INFO.SDP.SIMPLE_PRIM36.ram has been changed from INDEPENDENT to COMMON to match the clocking topology used for the BRAM.
INFO: [Opt 31-422] The CLOCK_DOMAINS attribute on the BRAM cell design_1_i/ila_0/inst/ila_core_inst/ila_trace_memory_inst/SUBCORE_RAM_BLK_MEM_1.trace_block_memory/inst_blk_mem_gen/gnbram.gnativebmg.native_blk_mem_gen/valid.cstr/ramloop[179].ram.r/prim_noinit.ram/DEVICE_8SERIES.NO_BMM_INFO.SDP.SIMPLE_PRIM36.ram has been changed from INDEPENDENT to COMMON to match the clocking topology used for the BRAM.
INFO: [Opt 31-422] The CLOCK_DOMAINS attribute on the BRAM cell design_1_i/ila_0/inst/ila_core_inst/ila_trace_memory_inst/SUBCORE_RAM_BLK_MEM_1.trace_block_memory/inst_blk_mem_gen/gnbram.gnativebmg.native_blk_mem_gen/valid.cstr/ramloop[17].ram.r/prim_noinit.ram/DEVICE_8SERIES.NO_BMM_INFO.SDP.SIMPLE_PRIM36.ram has been changed from INDEPENDENT to COMMON to match the clocking topology used for the BRAM.
INFO: [Opt 31-422] The CLOCK_DOMAINS attribute on the BRAM cell design_1_i/ila_0/inst/ila_core_inst/ila_trace_memory_inst/SUBCORE_RAM_BLK_MEM_1.trace_block_memory/inst_blk_mem_gen/gnbram.gnativebmg.native_blk_mem_gen/valid.cstr/ramloop[180].ram.r/prim_noinit.ram/DEVICE_8SERIES.NO_BMM_INFO.SDP.SIMPLE_PRIM36.ram has been changed from INDEPENDENT to COMMON to match the clocking topology used for the BRAM.
INFO: [Opt 31-422] The CLOCK_DOMAINS attribute on the BRAM cell design_1_i/ila_0/inst/ila_core_inst/ila_trace_memory_inst/SUBCORE_RAM_BLK_MEM_1.trace_block_memory/inst_blk_mem_gen/gnbram.gnativebmg.native_blk_mem_gen/valid.cstr/ramloop[181].ram.r/prim_noinit.ram/DEVICE_8SERIES.NO_BMM_INFO.SDP.SIMPLE_PRIM36.ram has been changed from INDEPENDENT to COMMON to match the clocking topology used for the BRAM.
INFO: [Opt 31-422] The CLOCK_DOMAINS attribute on the BRAM cell design_1_i/ila_0/inst/ila_core_inst/ila_trace_memory_inst/SUBCORE_RAM_BLK_MEM_1.trace_block_memory/inst_blk_mem_gen/gnbram.gnativebmg.native_blk_mem_gen/valid.cstr/ramloop[182].ram.r/prim_noinit.ram/DEVICE_8SERIES.NO_BMM_INFO.SDP.SIMPLE_PRIM36.ram has been changed from INDEPENDENT to COMMON to match the clocking topology used for the BRAM.
INFO: [Opt 31-422] The CLOCK_DOMAINS attribute on the BRAM cell design_1_i/ila_0/inst/ila_core_inst/ila_trace_memory_inst/SUBCORE_RAM_BLK_MEM_1.trace_block_memory/inst_blk_mem_gen/gnbram.gnativebmg.native_blk_mem_gen/valid.cstr/ramloop[183].ram.r/prim_noinit.ram/DEVICE_8SERIES.NO_BMM_INFO.SDP.SIMPLE_PRIM36.ram has been changed from INDEPENDENT to COMMON to match the clocking topology used for the BRAM.
INFO: [Opt 31-422] The CLOCK_DOMAINS attribute on the BRAM cell design_1_i/ila_0/inst/ila_core_inst/ila_trace_memory_inst/SUBCORE_RAM_BLK_MEM_1.trace_block_memory/inst_blk_mem_gen/gnbram.gnativebmg.native_blk_mem_gen/valid.cstr/ramloop[184].ram.r/prim_noinit.ram/DEVICE_8SERIES.NO_BMM_INFO.SDP.SIMPLE_PRIM36.ram has been changed from INDEPENDENT to COMMON to match the clocking topology used for the BRAM.
INFO: [Opt 31-422] The CLOCK_DOMAINS attribute on the BRAM cell design_1_i/ila_0/inst/ila_core_inst/ila_trace_memory_inst/SUBCORE_RAM_BLK_MEM_1.trace_block_memory/inst_blk_mem_gen/gnbram.gnativebmg.native_blk_mem_gen/valid.cstr/ramloop[185].ram.r/prim_noinit.ram/DEVICE_8SERIES.NO_BMM_INFO.SDP.SIMPLE_PRIM36.ram has been changed from INDEPENDENT to COMMON to match the clocking topology used for the BRAM.
INFO: [Opt 31-422] The CLOCK_DOMAINS attribute on the BRAM cell design_1_i/ila_0/inst/ila_core_inst/ila_trace_memory_inst/SUBCORE_RAM_BLK_MEM_1.trace_block_memory/inst_blk_mem_gen/gnbram.gnativebmg.native_blk_mem_gen/valid.cstr/ramloop[186].ram.r/prim_noinit.ram/DEVICE_8SERIES.NO_BMM_INFO.SDP.SIMPLE_PRIM36.ram has been changed from INDEPENDENT to COMMON to match the clocking topology used for the BRAM.
INFO: [Opt 31-422] The CLOCK_DOMAINS attribute on the BRAM cell design_1_i/ila_0/inst/ila_core_inst/ila_trace_memory_inst/SUBCORE_RAM_BLK_MEM_1.trace_block_memory/inst_blk_mem_gen/gnbram.gnativebmg.native_blk_mem_gen/valid.cstr/ramloop[187].ram.r/prim_noinit.ram/DEVICE_8SERIES.NO_BMM_INFO.SDP.SIMPLE_PRIM36.ram has been changed from INDEPENDENT to COMMON to match the clocking topology used for the BRAM.
INFO: [Opt 31-422] The CLOCK_DOMAINS attribute on the BRAM cell design_1_i/ila_0/inst/ila_core_inst/ila_trace_memory_inst/SUBCORE_RAM_BLK_MEM_1.trace_block_memory/inst_blk_mem_gen/gnbram.gnativebmg.native_blk_mem_gen/valid.cstr/ramloop[188].ram.r/prim_noinit.ram/DEVICE_8SERIES.NO_BMM_INFO.SDP.SIMPLE_PRIM36.ram has been changed from INDEPENDENT to COMMON to match the clocking topology used for the BRAM.
INFO: [Opt 31-422] The CLOCK_DOMAINS attribute on the BRAM cell design_1_i/ila_0/inst/ila_core_inst/ila_trace_memory_inst/SUBCORE_RAM_BLK_MEM_1.trace_block_memory/inst_blk_mem_gen/gnbram.gnativebmg.native_blk_mem_gen/valid.cstr/ramloop[189].ram.r/prim_noinit.ram/DEVICE_8SERIES.NO_BMM_INFO.SDP.SIMPLE_PRIM36.ram has been changed from INDEPENDENT to COMMON to match the clocking topology used for the BRAM.
INFO: [Opt 31-422] The CLOCK_DOMAINS attribute on the BRAM cell design_1_i/ila_0/inst/ila_core_inst/ila_trace_memory_inst/SUBCORE_RAM_BLK_MEM_1.trace_block_memory/inst_blk_mem_gen/gnbram.gnativebmg.native_blk_mem_gen/valid.cstr/ramloop[18].ram.r/prim_noinit.ram/DEVICE_8SERIES.NO_BMM_INFO.SDP.SIMPLE_PRIM36.ram has been changed from INDEPENDENT to COMMON to match the clocking topology used for the BRAM.
INFO: [Common 17-14] Message 'Opt 31-422' appears 100 times and further instances of the messages will be disabled. Use the Tcl command set_msg_config to change the current settings.
INFO: [Opt 31-49] Retargeted 0 cell(s).
Phase 3 Retarget | Checksum: 1b747f312

Time (s): cpu = 00:00:21 ; elapsed = 00:00:31 . Memory (MB): peak = 4102.930 ; gain = 20.812 ; free physical = 2391 ; free virtual = 8441
Retarget | Checksum: 1b747f312
INFO: [Opt 31-389] Phase Retarget created 43 cells and removed 494 cells
INFO: [Opt 31-1021] In phase Retarget, 214 netlist objects are constrained preventing optimization. Please run opt_design with -debug_log to get more detail. 

Phase 4 Constant propagation
INFO: [Opt 31-138] Pushed 0 inverter(s) to 0 load pin(s).
Phase 4 Constant propagation | Checksum: 152a457cb

Time (s): cpu = 00:00:21 ; elapsed = 00:00:31 . Memory (MB): peak = 4102.930 ; gain = 20.812 ; free physical = 2392 ; free virtual = 8441
Constant propagation | Checksum: 152a457cb
INFO: [Opt 31-389] Phase Constant propagation created 3 cells and removed 69 cells
INFO: [Opt 31-1021] In phase Constant propagation, 200 netlist objects are constrained preventing optimization. Please run opt_design with -debug_log to get more detail. 

Phase 5 Sweep
INFO: [Constraints 18-11670] Building netlist checker database with flags, 0x8
Done building netlist checker database: Time (s): cpu = 00:00:00.02 ; elapsed = 00:00:00.01 . Memory (MB): peak = 4102.930 ; gain = 0.000 ; free physical = 2418 ; free virtual = 8468
INFO: [Constraints 18-11670] Building netlist checker database with flags, 0x8
Done building netlist checker database: Time (s): cpu = 00:00:00.01 ; elapsed = 00:00:00.01 . Memory (MB): peak = 4102.930 ; gain = 0.000 ; free physical = 2419 ; free virtual = 8468
Phase 5 Sweep | Checksum: 1191a3ff5

Time (s): cpu = 00:00:22 ; elapsed = 00:00:32 . Memory (MB): peak = 4102.930 ; gain = 20.812 ; free physical = 2417 ; free virtual = 8466
Sweep | Checksum: 1191a3ff5
INFO: [Opt 31-389] Phase Sweep created 0 cells and removed 743 cells
INFO: [Opt 31-1021] In phase Sweep, 1166 netlist objects are constrained preventing optimization. Please run opt_design with -debug_log to get more detail. 

Phase 6 BUFG optimization
INFO: [Opt 31-1077] Phase BUFG optimization inserted 0 global clock buffer(s) for CLOCK_LOW_FANOUT.
Phase 6 BUFG optimization | Checksum: 1191a3ff5

Time (s): cpu = 00:00:23 ; elapsed = 00:00:33 . Memory (MB): peak = 4134.945 ; gain = 52.828 ; free physical = 2417 ; free virtual = 8466
BUFG optimization | Checksum: 1191a3ff5
INFO: [Opt 31-662] Phase BUFG optimization created 0 cells of which 0 are BUFGs and removed 0 cells.

Phase 7 Shift Register Optimization
INFO: [Opt 31-1064] SRL Remap converted 0 SRLs to 0 registers and converted 0 registers of register chains to 0 SRLs
Phase 7 Shift Register Optimization | Checksum: 1191a3ff5

Time (s): cpu = 00:00:23 ; elapsed = 00:00:33 . Memory (MB): peak = 4134.945 ; gain = 52.828 ; free physical = 2417 ; free virtual = 8466
Shift Register Optimization | Checksum: 1191a3ff5
INFO: [Opt 31-389] Phase Shift Register Optimization created 0 cells and removed 0 cells

Phase 8 Post Processing Netlist
Phase 8 Post Processing Netlist | Checksum: 173f60ffc

Time (s): cpu = 00:00:23 ; elapsed = 00:00:33 . Memory (MB): peak = 4134.945 ; gain = 52.828 ; free physical = 2417 ; free virtual = 8467
Post Processing Netlist | Checksum: 173f60ffc
INFO: [Opt 31-389] Phase Post Processing Netlist created 0 cells and removed 0 cells
INFO: [Opt 31-1021] In phase Post Processing Netlist, 240 netlist objects are constrained preventing optimization. Please run opt_design with -debug_log to get more detail. 

Phase 9 Finalization

Phase 9.1 Finalizing Design Cores and Updating Shapes
Phase 9.1 Finalizing Design Cores and Updating Shapes | Checksum: 16cc8655d

Time (s): cpu = 00:00:24 ; elapsed = 00:00:33 . Memory (MB): peak = 4134.945 ; gain = 52.828 ; free physical = 2418 ; free virtual = 8467

Phase 9.2 Verifying Netlist Connectivity

Starting Connectivity Check Task

Time (s): cpu = 00:00:00.05 ; elapsed = 00:00:00.06 . Memory (MB): peak = 4134.945 ; gain = 0.000 ; free physical = 2418 ; free virtual = 8468
Phase 9.2 Verifying Netlist Connectivity | Checksum: 16cc8655d

Time (s): cpu = 00:00:24 ; elapsed = 00:00:33 . Memory (MB): peak = 4134.945 ; gain = 52.828 ; free physical = 2418 ; free virtual = 8468
Phase 9 Finalization | Checksum: 16cc8655d

Time (s): cpu = 00:00:24 ; elapsed = 00:00:33 . Memory (MB): peak = 4134.945 ; gain = 52.828 ; free physical = 2418 ; free virtual = 8468
Opt_design Change Summary
=========================


-------------------------------------------------------------------------------------------------------------------------
|  Phase                        |  #Cells created  |  #Cells Removed  |  #Constrained objects preventing optimizations  |
-------------------------------------------------------------------------------------------------------------------------
|  Retarget                     |              43  |             494  |                                            214  |
|  Constant propagation         |               3  |              69  |                                            200  |
|  Sweep                        |               0  |             743  |                                           1166  |
|  BUFG optimization            |               0  |               0  |                                              0  |
|  Shift Register Optimization  |               0  |               0  |                                              0  |
|  Post Processing Netlist      |               0  |               0  |                                            240  |
-------------------------------------------------------------------------------------------------------------------------


Ending Logic Optimization Task | Checksum: 16cc8655d

Time (s): cpu = 00:00:24 ; elapsed = 00:00:33 . Memory (MB): peak = 4134.945 ; gain = 52.828 ; free physical = 2418 ; free virtual = 8467

Starting Power Optimization Task
INFO: [Pwropt 34-132] Skipping clock gating for clocks with a period < 2.00 ns.
INFO: [Timing 38-35] Done setting XDC timing constraints.
Running Vector-less Activity Propagation...

Finished Running Vector-less Activity Propagation
INFO: [Pwropt 34-9] Applying IDT optimizations ...
INFO: [Pwropt 34-10] Applying ODC optimizations ...


Starting PowerOpt Patch Enables Task
INFO: [Pwropt 34-162] WRITE_MODE attribute of 0 BRAM(s) out of a total of 376 has been updated to save power. Run report_power_opt to get a complete listing of the BRAMs updated.
INFO: [Pwropt 34-201] Structural ODC has moved 2 WE to EN ports
Number of BRAM Ports augmented: 481 newly gated: 2 Total Ports: 752
Ending PowerOpt Patch Enables Task | Checksum: 1ac6de454

Time (s): cpu = 00:00:02 ; elapsed = 00:00:02 . Memory (MB): peak = 4775.977 ; gain = 0.000 ; free physical = 1905 ; free virtual = 7954
Ending Power Optimization Task | Checksum: 1ac6de454

Time (s): cpu = 00:00:31 ; elapsed = 00:00:19 . Memory (MB): peak = 4775.977 ; gain = 641.031 ; free physical = 1905 ; free virtual = 7954

Starting Final Cleanup Task

Starting Logic Optimization Task
INFO: [Timing 38-35] Done setting XDC timing constraints.
Ending Logic Optimization Task | Checksum: 1befaccfe

Time (s): cpu = 00:00:07 ; elapsed = 00:00:03 . Memory (MB): peak = 4775.977 ; gain = 0.000 ; free physical = 1910 ; free virtual = 7959
Ending Final Cleanup Task | Checksum: 1befaccfe

Time (s): cpu = 00:00:09 ; elapsed = 00:00:05 . Memory (MB): peak = 4775.977 ; gain = 0.000 ; free physical = 1910 ; free virtual = 7959

Starting Netlist Obfuscation Task
Netlist sorting complete. Time (s): cpu = 00:00:00.01 ; elapsed = 00:00:00.01 . Memory (MB): peak = 4775.977 ; gain = 0.000 ; free physical = 1910 ; free virtual = 7959
Ending Netlist Obfuscation Task | Checksum: 1befaccfe

Time (s): cpu = 00:00:00.01 ; elapsed = 00:00:00.02 . Memory (MB): peak = 4775.977 ; gain = 0.000 ; free physical = 1910 ; free virtual = 7959
INFO: [Common 17-83] Releasing license: Implementation
177 Infos, 3 Warnings, 0 Critical Warnings and 0 Errors encountered.
opt_design completed successfully
opt_design: Time (s): cpu = 00:01:12 ; elapsed = 00:01:01 . Memory (MB): peak = 4775.977 ; gain = 1039.469 ; free physical = 1910 ; free virtual = 7959
INFO: [Vivado 12-24828] Executing command : report_drc -file design_1_wrapper_drc_opted.rpt -pb design_1_wrapper_drc_opted.pb -rpx design_1_wrapper_drc_opted.rpx
Command: report_drc -file design_1_wrapper_drc_opted.rpt -pb design_1_wrapper_drc_opted.pb -rpx design_1_wrapper_drc_opted.rpx
INFO: [IP_Flow 19-1839] IP Catalog is up to date.
INFO: [DRC 23-27] Running DRC with 8 threads
INFO: [Vivado_Tcl 2-168] The results of DRC are in file /home/thagenlo/Desktop/rfsoc_proj_data_aq.xpr/rfsoc_proj/rfsoc_proj.runs/impl_1/design_1_wrapper_drc_opted.rpt.
report_drc completed successfully
INFO: [Timing 38-35] Done setting XDC timing constraints.
INFO: [Timing 38-480] Writing timing data to binary archive.
Wrote PlaceDB: Time (s): cpu = 00:00:00.08 ; elapsed = 00:00:00.02 . Memory (MB): peak = 4775.977 ; gain = 0.000 ; free physical = 1892 ; free virtual = 7943
Wrote PulsedLatchDB: Time (s): cpu = 00:00:00 ; elapsed = 00:00:00 . Memory (MB): peak = 4775.977 ; gain = 0.000 ; free physical = 1892 ; free virtual = 7943
Writing XDEF routing.
Write ShapeDB Complete: Time (s): cpu = 00:00:00.2 ; elapsed = 00:00:00.05 . Memory (MB): peak = 4775.977 ; gain = 0.000 ; free physical = 1888 ; free virtual = 7942
Writing XDEF routing logical nets.
Writing XDEF routing special nets.
Wrote RouteStorage: Time (s): cpu = 00:00:00.39 ; elapsed = 00:00:00.1 . Memory (MB): peak = 4775.977 ; gain = 0.000 ; free physical = 1886 ; free virtual = 7941
Wrote Netlist Cache: Time (s): cpu = 00:00:00 ; elapsed = 00:00:00 . Memory (MB): peak = 4775.977 ; gain = 0.000 ; free physical = 1886 ; free virtual = 7941
Wrote Device Cache: Time (s): cpu = 00:00:00.06 ; elapsed = 00:00:00.02 . Memory (MB): peak = 4775.977 ; gain = 0.000 ; free physical = 1881 ; free virtual = 7939
Write Physdb Complete: Time (s): cpu = 00:00:00.55 ; elapsed = 00:00:00.15 . Memory (MB): peak = 4775.977 ; gain = 0.000 ; free physical = 1881 ; free virtual = 7939
INFO: [Common 17-1381] The checkpoint '/home/thagenlo/Desktop/rfsoc_proj_data_aq.xpr/rfsoc_proj/rfsoc_proj.runs/impl_1/design_1_wrapper_opt.dcp' has been generated.
INFO: [Chipscope 16-240] Debug cores have already been implemented
Command: place_design
Attempting to get a license for feature 'Implementation' and/or device 'xczu48dr'
INFO: [Common 17-349] Got license for feature 'Implementation' and/or device 'xczu48dr'
INFO: [Common 17-83] Releasing license: Implementation
INFO: [DRC 23-27] Running DRC with 8 threads
INFO: [Vivado_Tcl 4-198] DRC finished with 0 Errors
INFO: [Vivado_Tcl 4-199] Please refer to the DRC report (report_drc) for more information.
Running DRC as a precondition to command place_design
INFO: [DRC 23-27] Running DRC with 8 threads
INFO: [Vivado_Tcl 4-198] DRC finished with 0 Errors
INFO: [Vivado_Tcl 4-199] Please refer to the DRC report (report_drc) for more information.
INFO: [Place 30-611] Multithreading enabled for place_design using a maximum of 8 CPUs

Starting Placer Task

Phase 1 Placer Initialization

Phase 1.1 Placer Initialization Netlist Sorting
Netlist sorting complete. Time (s): cpu = 00:00:00.02 ; elapsed = 00:00:00.01 . Memory (MB): peak = 4775.977 ; gain = 0.000 ; free physical = 1838 ; free virtual = 7900
Phase 1.1 Placer Initialization Netlist Sorting | Checksum: fd37c4a5

Time (s): cpu = 00:00:00.03 ; elapsed = 00:00:00.03 . Memory (MB): peak = 4775.977 ; gain = 0.000 ; free physical = 1838 ; free virtual = 7900
Netlist sorting complete. Time (s): cpu = 00:00:00.02 ; elapsed = 00:00:00.01 . Memory (MB): peak = 4775.977 ; gain = 0.000 ; free physical = 1838 ; free virtual = 7900

Phase 1.2 IO Placement/ Clock Placement/ Build Placer Device
Phase 1.2 IO Placement/ Clock Placement/ Build Placer Device | Checksum: 1f85be2d0

Time (s): cpu = 00:00:12 ; elapsed = 00:00:11 . Memory (MB): peak = 5001.840 ; gain = 225.863 ; free physical = 1573 ; free virtual = 7635

Phase 1.3 Build Placer Netlist Model
Phase 1.3 Build Placer Netlist Model | Checksum: 2916d00a2

Time (s): cpu = 00:00:24 ; elapsed = 00:00:17 . Memory (MB): peak = 5033.855 ; gain = 257.879 ; free physical = 1486 ; free virtual = 7549

Phase 1.4 Constrain Clocks/Macros
Phase 1.4 Constrain Clocks/Macros | Checksum: 2916d00a2

Time (s): cpu = 00:00:24 ; elapsed = 00:00:17 . Memory (MB): peak = 5033.855 ; gain = 257.879 ; free physical = 1486 ; free virtual = 7549
Phase 1 Placer Initialization | Checksum: 2916d00a2

Time (s): cpu = 00:00:25 ; elapsed = 00:00:17 . Memory (MB): peak = 5033.855 ; gain = 257.879 ; free physical = 1486 ; free virtual = 7549

Phase 2 Global Placement

Phase 2.1 Floorplanning

Phase 2.1.1 Partition Driven Placement

Phase 2.1.1.1 PBP: Partition Driven Placement
Phase 2.1.1.1 PBP: Partition Driven Placement | Checksum: 2278158ab

Time (s): cpu = 00:00:41 ; elapsed = 00:00:24 . Memory (MB): peak = 5033.855 ; gain = 257.879 ; free physical = 1503 ; free virtual = 7566

Phase 2.1.1.2 PBP: Clock Region Placement
INFO: [Place 30-3162] Check ILP status : ILP-based clock placer completed successfully.
Phase 2.1.1.2 PBP: Clock Region Placement | Checksum: 2278158ab

Time (s): cpu = 00:00:42 ; elapsed = 00:00:25 . Memory (MB): peak = 5033.855 ; gain = 257.879 ; free physical = 1516 ; free virtual = 7579

Phase 2.1.1.3 PBP: Compute Congestion
Phase 2.1.1.3 PBP: Compute Congestion | Checksum: 2278158ab

Time (s): cpu = 00:00:57 ; elapsed = 00:00:29 . Memory (MB): peak = 5510.840 ; gain = 734.863 ; free physical = 1033 ; free virtual = 7096

Phase 2.1.1.4 PBP: UpdateTiming
Phase 2.1.1.4 PBP: UpdateTiming | Checksum: 1fc15d006

Time (s): cpu = 00:00:59 ; elapsed = 00:00:30 . Memory (MB): peak = 5542.855 ; gain = 766.879 ; free physical = 1033 ; free virtual = 7096

Phase 2.1.1.5 PBP: Add part constraints
Phase 2.1.1.5 PBP: Add part constraints | Checksum: 1fc15d006

Time (s): cpu = 00:00:59 ; elapsed = 00:00:30 . Memory (MB): peak = 5542.855 ; gain = 766.879 ; free physical = 1033 ; free virtual = 7096
Phase 2.1.1 Partition Driven Placement | Checksum: 1fc15d006

Time (s): cpu = 00:00:59 ; elapsed = 00:00:30 . Memory (MB): peak = 5542.855 ; gain = 766.879 ; free physical = 1033 ; free virtual = 7096
Phase 2.1 Floorplanning | Checksum: 221db4fab

Time (s): cpu = 00:00:59 ; elapsed = 00:00:30 . Memory (MB): peak = 5542.855 ; gain = 766.879 ; free physical = 1033 ; free virtual = 7096

Phase 2.2 Update Timing before SLR Path Opt
Phase 2.2 Update Timing before SLR Path Opt | Checksum: 221db4fab

Time (s): cpu = 00:00:59 ; elapsed = 00:00:30 . Memory (MB): peak = 5542.855 ; gain = 766.879 ; free physical = 1033 ; free virtual = 7096

Phase 2.3 Post-Processing in Floorplanning
Phase 2.3 Post-Processing in Floorplanning | Checksum: 221db4fab

Time (s): cpu = 00:00:59 ; elapsed = 00:00:30 . Memory (MB): peak = 5542.855 ; gain = 766.879 ; free physical = 986 ; free virtual = 7060

Phase 2.4 Global Place Phase1
Phase 2.4 Global Place Phase1 | Checksum: 25d8c6d12

Time (s): cpu = 00:02:25 ; elapsed = 00:01:03 . Memory (MB): peak = 5711.855 ; gain = 935.879 ; free physical = 844 ; free virtual = 6908

Phase 2.5 Global Place Phase2

Phase 2.5.1 UpdateTiming Before Physical Synthesis
Phase 2.5.1 UpdateTiming Before Physical Synthesis | Checksum: 285dc274e

Time (s): cpu = 00:02:29 ; elapsed = 00:01:04 . Memory (MB): peak = 5711.855 ; gain = 935.879 ; free physical = 840 ; free virtual = 6903

Phase 2.5.2 Physical Synthesis In Placer
INFO: [Physopt 32-1035] Found 0 LUTNM shape to break, 935 LUT instances to create LUTNM shape
INFO: [Physopt 32-1044] Break lutnm for timing: one critical 0, two critical 0, total 0, new lutff created 0
INFO: [Physopt 32-1138] End 1 Pass. Optimized 370 nets or LUTs. Breaked 0 LUT, combined 370 existing LUTs and moved 0 existing LUT
INFO: [Physopt 32-670] No setup violation found.  Equivalent Driver Rewiring was not performed.
INFO: [Physopt 32-65] No nets found for high-fanout optimization.
INFO: [Physopt 32-232] Optimized 0 net. Created 0 new instance.
INFO: [Physopt 32-775] End 1 Pass. Optimized 0 net or cell. Created 0 new cell, deleted 0 existing cell and moved 0 existing cell
INFO: [Physopt 32-670] No setup violation found.  DSP Register Optimization was not performed.
INFO: [Physopt 32-670] No setup violation found.  Shift Register to Pipeline Optimization was not performed.
INFO: [Physopt 32-670] No setup violation found.  Shift Register Optimization was not performed.
INFO: [Physopt 32-670] No setup violation found.  BRAM Register Optimization was not performed.
INFO: [Physopt 32-670] No setup violation found.  URAM Register Optimization was not performed.
INFO: [Physopt 32-949] No candidate nets found for dynamic/static region interface net replication
INFO: [Physopt 32-775] End 1 Pass. Optimized 0 net or cell. Created 0 new cell, deleted 0 existing cell and moved 0 existing cell
Netlist sorting complete. Time (s): cpu = 00:00:00.01 ; elapsed = 00:00:00.01 . Memory (MB): peak = 5711.855 ; gain = 0.000 ; free physical = 838 ; free virtual = 6901

Summary of Physical Synthesis Optimizations
============================================


-----------------------------------------------------------------------------------------------------------------------------------------------------------
|  Optimization                                     |  Added Cells  |  Removed Cells  |  Optimized Cells/Nets  |  Dont Touch  |  Iterations  |  Elapsed   |
-----------------------------------------------------------------------------------------------------------------------------------------------------------
|  LUT Combining                                    |            0  |            370  |                   370  |           0  |           1  |  00:00:00  |
|  Retime                                           |            0  |              0  |                     0  |           0  |           1  |  00:00:00  |
|  Equivalent Driver Rewiring                       |            0  |              0  |                     0  |           0  |           0  |  00:00:00  |
|  Very High Fanout                                 |            0  |              0  |                     0  |           0  |           1  |  00:00:00  |
|  DSP Register                                     |            0  |              0  |                     0  |           0  |           0  |  00:00:00  |
|  Shift Register to Pipeline                       |            0  |              0  |                     0  |           0  |           0  |  00:00:00  |
|  Shift Register                                   |            0  |              0  |                     0  |           0  |           0  |  00:00:00  |
|  BRAM Register                                    |            0  |              0  |                     0  |           0  |           0  |  00:00:00  |
|  URAM Register                                    |            0  |              0  |                     0  |           0  |           0  |  00:00:00  |
|  Dynamic/Static Region Interface Net Replication  |            0  |              0  |                     0  |           0  |           1  |  00:00:00  |
|  Total                                            |            0  |            370  |                   370  |           0  |           4  |  00:00:01  |
-----------------------------------------------------------------------------------------------------------------------------------------------------------


Phase 2.5.2 Physical Synthesis In Placer | Checksum: 15a9bbcc2

Time (s): cpu = 00:02:33 ; elapsed = 00:01:06 . Memory (MB): peak = 5711.855 ; gain = 935.879 ; free physical = 889 ; free virtual = 6953
Phase 2.5 Global Place Phase2 | Checksum: 15d0ab3c4

Time (s): cpu = 00:03:08 ; elapsed = 00:01:18 . Memory (MB): peak = 5711.855 ; gain = 935.879 ; free physical = 909 ; free virtual = 6973
Phase 2 Global Placement | Checksum: 15d0ab3c4

Time (s): cpu = 00:03:08 ; elapsed = 00:01:18 . Memory (MB): peak = 5711.855 ; gain = 935.879 ; free physical = 909 ; free virtual = 6973

Phase 3 Detail Placement

Phase 3.1 Commit Multi Column Macros
Phase 3.1 Commit Multi Column Macros | Checksum: d8004029

Time (s): cpu = 00:03:24 ; elapsed = 00:01:23 . Memory (MB): peak = 5711.855 ; gain = 935.879 ; free physical = 887 ; free virtual = 6951

Phase 3.2 Commit Most Macros & LUTRAMs
Phase 3.2 Commit Most Macros & LUTRAMs | Checksum: 1e04142d1

Time (s): cpu = 00:03:29 ; elapsed = 00:01:25 . Memory (MB): peak = 5711.855 ; gain = 935.879 ; free physical = 890 ; free virtual = 6953

Phase 3.3 Small Shape DP

Phase 3.3.1 Small Shape Clustering
Phase 3.3.1 Small Shape Clustering | Checksum: 14e9f8305

Time (s): cpu = 00:03:44 ; elapsed = 00:01:30 . Memory (MB): peak = 5711.855 ; gain = 935.879 ; free physical = 876 ; free virtual = 6941

Phase 3.3.2 Slice Area Swap

Phase 3.3.2.1 Slice Area Swap Initial
Phase 3.3.2.1 Slice Area Swap Initial | Checksum: 215b6cd11

Time (s): cpu = 00:03:45 ; elapsed = 00:01:31 . Memory (MB): peak = 5711.855 ; gain = 935.879 ; free physical = 877 ; free virtual = 6942
Phase 3.3.2 Slice Area Swap | Checksum: 215b6cd11

Time (s): cpu = 00:03:46 ; elapsed = 00:01:31 . Memory (MB): peak = 5711.855 ; gain = 935.879 ; free physical = 877 ; free virtual = 6942
Phase 3.3 Small Shape DP | Checksum: 1bcec1ff2

Time (s): cpu = 00:03:51 ; elapsed = 00:01:33 . Memory (MB): peak = 5711.855 ; gain = 935.879 ; free physical = 896 ; free virtual = 6961

Phase 3.4 Re-assign LUT pins
Phase 3.4 Re-assign LUT pins | Checksum: 1a255d9f5

Time (s): cpu = 00:03:53 ; elapsed = 00:01:34 . Memory (MB): peak = 5711.855 ; gain = 935.879 ; free physical = 905 ; free virtual = 6970

Phase 3.5 Pipeline Register Optimization
Phase 3.5 Pipeline Register Optimization | Checksum: 1b1c2abb7

Time (s): cpu = 00:03:53 ; elapsed = 00:01:34 . Memory (MB): peak = 5711.855 ; gain = 935.879 ; free physical = 905 ; free virtual = 6970
Phase 3 Detail Placement | Checksum: 1b1c2abb7

Time (s): cpu = 00:03:53 ; elapsed = 00:01:34 . Memory (MB): peak = 5711.855 ; gain = 935.879 ; free physical = 905 ; free virtual = 6970

Phase 4 Post Placement Optimization and Clean-Up

Phase 4.1 Post Commit Optimization
INFO: [Timing 38-35] Done setting XDC timing constraints.

Phase 4.1.1 Post Placement Optimization
Post Placement Optimization Initialization | Checksum: 195d107b2

Phase 4.1.1.1 BUFG Insertion

Starting Physical Synthesis Task

Phase 1 Physical Synthesis Initialization
INFO: [Physopt 32-721] Multithreading enabled for phys_opt_design using a maximum of 8 CPUs
INFO: [Physopt 32-619] Estimated Timing Summary | WNS=1.415 | TNS=0.000 |
Phase 1 Physical Synthesis Initialization | Checksum: 1889837cc

Time (s): cpu = 00:00:02 ; elapsed = 00:00:00.37 . Memory (MB): peak = 5711.855 ; gain = 0.000 ; free physical = 884 ; free virtual = 6949
INFO: [Place 46-56] BUFG insertion identified 0 candidate nets. Inserted BUFG: 0, Replicated BUFG Driver: 0, Skipped due to Placement/Routing Conflicts: 0, Skipped due to Timing Degradation: 0, Skipped due to netlist editing failed: 0.
Ending Physical Synthesis Task | Checksum: 21103c8b6

Time (s): cpu = 00:00:02 ; elapsed = 00:00:00.59 . Memory (MB): peak = 5711.855 ; gain = 0.000 ; free physical = 884 ; free virtual = 6949
Phase 4.1.1.1 BUFG Insertion | Checksum: 195d107b2

Time (s): cpu = 00:04:27 ; elapsed = 00:01:44 . Memory (MB): peak = 5711.855 ; gain = 935.879 ; free physical = 884 ; free virtual = 6949

Phase 4.1.1.2 Post Placement Timing Optimization
INFO: [Place 30-746] Post Placement Timing Summary WNS=1.415. For the most accurate timing information please run report_timing.
Phase 4.1.1.2 Post Placement Timing Optimization | Checksum: 15925a1b9

Time (s): cpu = 00:04:27 ; elapsed = 00:01:44 . Memory (MB): peak = 5711.855 ; gain = 935.879 ; free physical = 884 ; free virtual = 6949

Time (s): cpu = 00:04:27 ; elapsed = 00:01:44 . Memory (MB): peak = 5711.855 ; gain = 935.879 ; free physical = 884 ; free virtual = 6949
Phase 4.1 Post Commit Optimization | Checksum: 15925a1b9

Time (s): cpu = 00:04:27 ; elapsed = 00:01:45 . Memory (MB): peak = 5711.855 ; gain = 935.879 ; free physical = 884 ; free virtual = 6949
Netlist sorting complete. Time (s): cpu = 00:00:00.01 ; elapsed = 00:00:00.01 . Memory (MB): peak = 5823.480 ; gain = 0.000 ; free physical = 729 ; free virtual = 6794

Phase 4.2 Post Placement Cleanup
Phase 4.2 Post Placement Cleanup | Checksum: 18cd634db

Time (s): cpu = 00:04:48 ; elapsed = 00:01:56 . Memory (MB): peak = 5823.480 ; gain = 1047.504 ; free physical = 729 ; free virtual = 6794

Phase 4.3 Placer Reporting

Phase 4.3.1 Print Estimated Congestion
INFO: [Place 30-612] Post-Placement Estimated Congestion 
 ________________________________________________________________________
|           | Global Congestion | Long Congestion   | Short Congestion  |
| Direction | Region Size       | Region Size       | Region Size       |
|___________|___________________|___________________|___________________|
|      North|                1x1|                1x1|                1x1|
|___________|___________________|___________________|___________________|
|      South|                1x1|                1x1|                1x1|
|___________|___________________|___________________|___________________|
|       East|                1x1|                1x1|                2x2|
|___________|___________________|___________________|___________________|
|       West|                1x1|                1x1|                2x2|
|___________|___________________|___________________|___________________|

Phase 4.3.1 Print Estimated Congestion | Checksum: 18cd634db

Time (s): cpu = 00:04:49 ; elapsed = 00:01:56 . Memory (MB): peak = 5823.480 ; gain = 1047.504 ; free physical = 729 ; free virtual = 6794
Phase 4.3 Placer Reporting | Checksum: 18cd634db

Time (s): cpu = 00:04:49 ; elapsed = 00:01:56 . Memory (MB): peak = 5823.480 ; gain = 1047.504 ; free physical = 729 ; free virtual = 6794

Phase 4.4 Final Placement Cleanup
Netlist sorting complete. Time (s): cpu = 00:00:00.01 ; elapsed = 00:00:00.01 . Memory (MB): peak = 5823.480 ; gain = 0.000 ; free physical = 729 ; free virtual = 6794

Time (s): cpu = 00:04:49 ; elapsed = 00:01:56 . Memory (MB): peak = 5823.480 ; gain = 1047.504 ; free physical = 729 ; free virtual = 6794
Phase 4 Post Placement Optimization and Clean-Up | Checksum: 1209eb24a

Time (s): cpu = 00:04:49 ; elapsed = 00:01:56 . Memory (MB): peak = 5823.480 ; gain = 1047.504 ; free physical = 729 ; free virtual = 6794
Ending Placer Task | Checksum: 116b9d0ee

Time (s): cpu = 00:04:50 ; elapsed = 00:01:56 . Memory (MB): peak = 5823.480 ; gain = 1047.504 ; free physical = 729 ; free virtual = 6794
215 Infos, 3 Warnings, 0 Critical Warnings and 0 Errors encountered.
place_design completed successfully
place_design: Time (s): cpu = 00:04:56 ; elapsed = 00:01:57 . Memory (MB): peak = 5823.480 ; gain = 1047.504 ; free physical = 729 ; free virtual = 6794
INFO: [Vivado 12-24838] Running report commands "report_control_sets, report_io, report_utilization" in parallel.
Running report generation with 3 threads.
INFO: [Vivado 12-24828] Executing command : report_control_sets -verbose -file design_1_wrapper_control_sets_placed.rpt
report_control_sets: Time (s): cpu = 00:00:00.46 ; elapsed = 00:00:00.33 . Memory (MB): peak = 5823.480 ; gain = 0.000 ; free physical = 704 ; free virtual = 6769
INFO: [Vivado 12-24828] Executing command : report_io -file design_1_wrapper_io_placed.rpt
report_io: Time (s): cpu = 00:00:00.6 ; elapsed = 00:00:00.64 . Memory (MB): peak = 5823.480 ; gain = 0.000 ; free physical = 660 ; free virtual = 6726
INFO: [Vivado 12-24828] Executing command : report_utilization -file design_1_wrapper_utilization_placed.rpt -pb design_1_wrapper_utilization_placed.pb
INFO: [Timing 38-480] Writing timing data to binary archive.
Write ShapeDB Complete: Time (s): cpu = 00:00:00.35 ; elapsed = 00:00:00.08 . Memory (MB): peak = 5823.480 ; gain = 0.000 ; free physical = 667 ; free virtual = 6740
Wrote PlaceDB: Time (s): cpu = 00:00:04 ; elapsed = 00:00:01 . Memory (MB): peak = 5823.480 ; gain = 0.000 ; free physical = 636 ; free virtual = 6750
Wrote PulsedLatchDB: Time (s): cpu = 00:00:00 ; elapsed = 00:00:00 . Memory (MB): peak = 5823.480 ; gain = 0.000 ; free physical = 636 ; free virtual = 6750
Writing XDEF routing.
Writing XDEF routing logical nets.
Writing XDEF routing special nets.
Wrote RouteStorage: Time (s): cpu = 00:00:00.28 ; elapsed = 00:00:00.1 . Memory (MB): peak = 5823.480 ; gain = 0.000 ; free physical = 635 ; free virtual = 6751
Wrote Netlist Cache: Time (s): cpu = 00:00:00.09 ; elapsed = 00:00:00.04 . Memory (MB): peak = 5823.480 ; gain = 0.000 ; free physical = 628 ; free virtual = 6746
Wrote Device Cache: Time (s): cpu = 00:00:00.05 ; elapsed = 00:00:00.01 . Memory (MB): peak = 5823.480 ; gain = 0.000 ; free physical = 628 ; free virtual = 6749
Write Physdb Complete: Time (s): cpu = 00:00:04 ; elapsed = 00:00:01 . Memory (MB): peak = 5823.480 ; gain = 0.000 ; free physical = 628 ; free virtual = 6749
INFO: [Common 17-1381] The checkpoint '/home/thagenlo/Desktop/rfsoc_proj_data_aq.xpr/rfsoc_proj/rfsoc_proj.runs/impl_1/design_1_wrapper_placed.dcp' has been generated.
Command: phys_opt_design
Attempting to get a license for feature 'Implementation' and/or device 'xczu48dr'
INFO: [Common 17-349] Got license for feature 'Implementation' and/or device 'xczu48dr'

Starting Initial Update Timing Task

Time (s): cpu = 00:00:12 ; elapsed = 00:00:03 . Memory (MB): peak = 5823.480 ; gain = 0.000 ; free physical = 653 ; free virtual = 6734
INFO: [Vivado_Tcl 4-2279] Estimated Timing Summary | WNS= 1.414 | TNS= 0.000 | 
INFO: [Vivado_Tcl 4-383] Design worst setup slack (WNS) is greater than or equal to 0.000 ns. All physical synthesis setup optimizations will be skipped.
INFO: [Vivado_Tcl 4-232] No setup violation found. The netlist was not modified.
INFO: [Common 17-83] Releasing license: Implementation
226 Infos, 3 Warnings, 0 Critical Warnings and 0 Errors encountered.
phys_opt_design completed successfully
INFO: [Timing 38-480] Writing timing data to binary archive.
Write ShapeDB Complete: Time (s): cpu = 00:00:00.3 ; elapsed = 00:00:00.07 . Memory (MB): peak = 5823.480 ; gain = 0.000 ; free physical = 657 ; free virtual = 6745
Wrote PlaceDB: Time (s): cpu = 00:00:04 ; elapsed = 00:00:01 . Memory (MB): peak = 5823.480 ; gain = 0.000 ; free physical = 625 ; free virtual = 6756
Wrote PulsedLatchDB: Time (s): cpu = 00:00:00 ; elapsed = 00:00:00 . Memory (MB): peak = 5823.480 ; gain = 0.000 ; free physical = 625 ; free virtual = 6756
Writing XDEF routing.
Writing XDEF routing logical nets.
Writing XDEF routing special nets.
Wrote RouteStorage: Time (s): cpu = 00:00:00.26 ; elapsed = 00:00:00.1 . Memory (MB): peak = 5823.480 ; gain = 0.000 ; free physical = 625 ; free virtual = 6756
Wrote Netlist Cache: Time (s): cpu = 00:00:00.09 ; elapsed = 00:00:00.03 . Memory (MB): peak = 5823.480 ; gain = 0.000 ; free physical = 625 ; free virtual = 6760
Wrote Device Cache: Time (s): cpu = 00:00:00.05 ; elapsed = 00:00:00.02 . Memory (MB): peak = 5823.480 ; gain = 0.000 ; free physical = 623 ; free virtual = 6760
Write Physdb Complete: Time (s): cpu = 00:00:04 ; elapsed = 00:00:01 . Memory (MB): peak = 5823.480 ; gain = 0.000 ; free physical = 623 ; free virtual = 6760
INFO: [Common 17-1381] The checkpoint '/home/thagenlo/Desktop/rfsoc_proj_data_aq.xpr/rfsoc_proj/rfsoc_proj.runs/impl_1/design_1_wrapper_physopt.dcp' has been generated.
Command: route_design
Attempting to get a license for feature 'Implementation' and/or device 'xczu48dr'
INFO: [Common 17-349] Got license for feature 'Implementation' and/or device 'xczu48dr'


Starting Routing Task
INFO: [Route 35-254] Multithreading enabled for route_design using a maximum of 8 CPUs

Phase 1 Build RT Design
Checksum: PlaceDB: 73f78d45 ConstDB: 0 ShapeSum: 140d658d RouteDB: 8eb4de1c
Nodegraph reading from file.  Time (s): cpu = 00:00:00.8 ; elapsed = 00:00:00.87 . Memory (MB): peak = 5823.480 ; gain = 0.000 ; free physical = 643 ; free virtual = 6739
Post Restoration Checksum: NetGraph: 700f956c | NumContArr: 1dac8c9e | Constraints: 1b3d7314 | Timing: c2a8fa9d
Phase 1 Build RT Design | Checksum: 16ba28fbb

Time (s): cpu = 00:00:20 ; elapsed = 00:00:08 . Memory (MB): peak = 5823.480 ; gain = 0.000 ; free physical = 660 ; free virtual = 6757

Phase 2 Router Initialization

Phase 2.1 Fix Topology Constraints
Phase 2.1 Fix Topology Constraints | Checksum: 16ba28fbb

Time (s): cpu = 00:00:20 ; elapsed = 00:00:08 . Memory (MB): peak = 5823.480 ; gain = 0.000 ; free physical = 660 ; free virtual = 6757

Phase 2.2 Pre Route Cleanup
Phase 2.2 Pre Route Cleanup | Checksum: 16ba28fbb

Time (s): cpu = 00:00:20 ; elapsed = 00:00:08 . Memory (MB): peak = 5823.480 ; gain = 0.000 ; free physical = 660 ; free virtual = 6757

Phase 2.3 Global Clock Net Routing
 Number of Nodes with overlaps = 0
Phase 2.3 Global Clock Net Routing | Checksum: 19a2bfb9c

Time (s): cpu = 00:00:25 ; elapsed = 00:00:11 . Memory (MB): peak = 5823.480 ; gain = 0.000 ; free physical = 675 ; free virtual = 6771

Phase 2.4 Update Timing
Phase 2.4 Update Timing | Checksum: 23169fae8

Time (s): cpu = 00:00:32 ; elapsed = 00:00:13 . Memory (MB): peak = 5823.480 ; gain = 0.000 ; free physical = 676 ; free virtual = 6773
INFO: [Route 35-416] Intermediate Timing Summary | WNS=1.502  | TNS=0.000  | WHS=-0.043 | THS=-3.425 |


Phase 2.5 Update Timing for Bus Skew

Phase 2.5.1 Update Timing
Phase 2.5.1 Update Timing | Checksum: 1f89577d7

Time (s): cpu = 00:00:48 ; elapsed = 00:00:17 . Memory (MB): peak = 5823.480 ; gain = 0.000 ; free physical = 690 ; free virtual = 6786
INFO: [Route 35-416] Intermediate Timing Summary | WNS=1.502  | TNS=0.000  | WHS=-0.072 | THS=-3.910 |

Phase 2.5 Update Timing for Bus Skew | Checksum: 1f30d40eb

Time (s): cpu = 00:00:48 ; elapsed = 00:00:17 . Memory (MB): peak = 5823.480 ; gain = 0.000 ; free physical = 690 ; free virtual = 6787

Phase 2.6 Soft Constraint Pins - Fast Budgeting
Phase 2.6 Soft Constraint Pins - Fast Budgeting | Checksum: 1f30d40eb

Time (s): cpu = 00:00:49 ; elapsed = 00:00:17 . Memory (MB): peak = 5823.480 ; gain = 0.000 ; free physical = 690 ; free virtual = 6787

Router Utilization Summary
  Global Vertical Routing Utilization    = 0.00228448 %
  Global Horizontal Routing Utilization  = 0.000237793 %
  Routable Net Status*
  *Does not include unroutable nets such as driverless and loadless.
  Run report_route_status for detailed report.
  Number of Failed Nets               = 34578
    (Failed Nets is the sum of unrouted and partially routed nets)
  Number of Unrouted Nets             = 28992
  Number of Partially Routed Nets     = 5586
  Number of Node Overlaps             = 0

Phase 2 Router Initialization | Checksum: 16614827e

Time (s): cpu = 00:00:52 ; elapsed = 00:00:18 . Memory (MB): peak = 5823.480 ; gain = 0.000 ; free physical = 695 ; free virtual = 6791

Phase 3 Global Routing
Phase 3 Global Routing | Checksum: 16614827e

Time (s): cpu = 00:00:52 ; elapsed = 00:00:18 . Memory (MB): peak = 5823.480 ; gain = 0.000 ; free physical = 695 ; free virtual = 6791

Phase 4 Initial Routing

Phase 4.1 Initial Net Routing Pass
Phase 4.1 Initial Net Routing Pass | Checksum: 1812846ae

Time (s): cpu = 00:01:06 ; elapsed = 00:00:23 . Memory (MB): peak = 5823.480 ; gain = 0.000 ; free physical = 702 ; free virtual = 6799
Phase 4 Initial Routing | Checksum: 21e89b2b4

Time (s): cpu = 00:01:07 ; elapsed = 00:00:23 . Memory (MB): peak = 5823.480 ; gain = 0.000 ; free physical = 704 ; free virtual = 6800

Phase 5 Rip-up And Reroute

Phase 5.1 Global Iteration 0
 Number of Nodes with overlaps = 5290
 Number of Nodes with overlaps = 307
 Number of Nodes with overlaps = 33
 Number of Nodes with overlaps = 2
 Number of Nodes with overlaps = 1
 Number of Nodes with overlaps = 1
 Number of Nodes with overlaps = 0
INFO: [Route 35-416] Intermediate Timing Summary | WNS=1.292  | TNS=0.000  | WHS=-0.018 | THS=-0.054 |

Phase 5.1 Global Iteration 0 | Checksum: e731e1ac

Time (s): cpu = 00:02:00 ; elapsed = 00:00:43 . Memory (MB): peak = 5823.480 ; gain = 0.000 ; free physical = 712 ; free virtual = 6809

Phase 5.2 Additional Iteration for Hold
Phase 5.2 Additional Iteration for Hold | Checksum: 11945a9d2

Time (s): cpu = 00:02:00 ; elapsed = 00:00:43 . Memory (MB): peak = 5823.480 ; gain = 0.000 ; free physical = 712 ; free virtual = 6809
Phase 5 Rip-up And Reroute | Checksum: 11945a9d2

Time (s): cpu = 00:02:00 ; elapsed = 00:00:43 . Memory (MB): peak = 5823.480 ; gain = 0.000 ; free physical = 712 ; free virtual = 6809

Phase 6 Delay and Skew Optimization

Phase 6.1 Delay CleanUp
INFO: [Route 35-416] Intermediate Timing Summary | WNS=1.292  | TNS=0.000  | WHS=0.010  | THS=0.000  |

INFO: [Route 35-416] Intermediate Timing Summary | WNS=1.292  | TNS=0.000  | WHS=0.010  | THS=0.000  |

Phase 6.1 Delay CleanUp | Checksum: 1acbe9aa4

Time (s): cpu = 00:02:07 ; elapsed = 00:00:44 . Memory (MB): peak = 5823.480 ; gain = 0.000 ; free physical = 714 ; free virtual = 6811

Phase 6.2 Clock Skew Optimization
Phase 6.2 Clock Skew Optimization | Checksum: 1acbe9aa4

Time (s): cpu = 00:02:07 ; elapsed = 00:00:44 . Memory (MB): peak = 5823.480 ; gain = 0.000 ; free physical = 714 ; free virtual = 6811
Phase 6 Delay and Skew Optimization | Checksum: 1acbe9aa4

Time (s): cpu = 00:02:07 ; elapsed = 00:00:44 . Memory (MB): peak = 5823.480 ; gain = 0.000 ; free physical = 714 ; free virtual = 6811

Phase 7 Post Hold Fix

Phase 7.1 Hold Fix Iter
INFO: [Route 35-416] Intermediate Timing Summary | WNS=1.292  | TNS=0.000  | WHS=0.010  | THS=0.000  |

Phase 7.1 Hold Fix Iter | Checksum: cfc7ce87

Time (s): cpu = 00:02:12 ; elapsed = 00:00:45 . Memory (MB): peak = 5823.480 ; gain = 0.000 ; free physical = 718 ; free virtual = 6815
Phase 7 Post Hold Fix | Checksum: cfc7ce87

Time (s): cpu = 00:02:12 ; elapsed = 00:00:46 . Memory (MB): peak = 5823.480 ; gain = 0.000 ; free physical = 718 ; free virtual = 6815

Phase 8 Route finalize

Router Utilization Summary
  Global Vertical Routing Utilization    = 2.41817 %
  Global Horizontal Routing Utilization  = 1.51848 %
  Routable Net Status*
  *Does not include unroutable nets such as driverless and loadless.
  Run report_route_status for detailed report.
  Number of Failed Nets               = 0
    (Failed Nets is the sum of unrouted and partially routed nets)
  Number of Unrouted Nets             = 0
  Number of Partially Routed Nets     = 0
  Number of Node Overlaps             = 0

Phase 8 Route finalize | Checksum: cfc7ce87

Time (s): cpu = 00:02:14 ; elapsed = 00:00:46 . Memory (MB): peak = 5823.480 ; gain = 0.000 ; free physical = 720 ; free virtual = 6817

Phase 9 Verifying routed nets

 Verification completed successfully
Phase 9 Verifying routed nets | Checksum: cfc7ce87

Time (s): cpu = 00:02:14 ; elapsed = 00:00:46 . Memory (MB): peak = 5823.480 ; gain = 0.000 ; free physical = 719 ; free virtual = 6816

Phase 10 Depositing Routes
Phase 10 Depositing Routes | Checksum: cfc7ce87

Time (s): cpu = 00:02:16 ; elapsed = 00:00:47 . Memory (MB): peak = 5823.480 ; gain = 0.000 ; free physical = 719 ; free virtual = 6816

Phase 11 Resolve XTalk
Phase 11 Resolve XTalk | Checksum: cfc7ce87

Time (s): cpu = 00:02:17 ; elapsed = 00:00:47 . Memory (MB): peak = 5823.480 ; gain = 0.000 ; free physical = 719 ; free virtual = 6816

Phase 12 Post Process Routing
Phase 12 Post Process Routing | Checksum: cfc7ce87

Time (s): cpu = 00:02:17 ; elapsed = 00:00:48 . Memory (MB): peak = 5823.480 ; gain = 0.000 ; free physical = 719 ; free virtual = 6816

Phase 13 Post Router Timing
INFO: [Route 35-57] Estimated Timing Summary | WNS=1.292  | TNS=0.000  | WHS=0.010  | THS=0.000  |

INFO: [Route 35-327] The final timing numbers are based on the router estimated timing analysis. For a complete and accurate timing signoff, please run report_timing_summary.
Phase 13 Post Router Timing | Checksum: cfc7ce87

Time (s): cpu = 00:02:17 ; elapsed = 00:00:48 . Memory (MB): peak = 5823.480 ; gain = 0.000 ; free physical = 719 ; free virtual = 6816
Total Elapsed time in route_design: 47.7 secs

Phase 14 Post-Route Event Processing
Phase 14 Post-Route Event Processing | Checksum: 15cc8def7

Time (s): cpu = 00:02:18 ; elapsed = 00:00:48 . Memory (MB): peak = 5823.480 ; gain = 0.000 ; free physical = 719 ; free virtual = 6816
INFO: [Route 35-16] Router Completed Successfully
Ending Routing Task | Checksum: 15cc8def7

Time (s): cpu = 00:02:18 ; elapsed = 00:00:48 . Memory (MB): peak = 5823.480 ; gain = 0.000 ; free physical = 719 ; free virtual = 6816

Routing Is Done.
INFO: [Common 17-83] Releasing license: Implementation
240 Infos, 3 Warnings, 0 Critical Warnings and 0 Errors encountered.
route_design completed successfully
route_design: Time (s): cpu = 00:02:18 ; elapsed = 00:00:48 . Memory (MB): peak = 5823.480 ; gain = 0.000 ; free physical = 719 ; free virtual = 6816
INFO: [Vivado 12-24828] Executing command : report_drc -file design_1_wrapper_drc_routed.rpt -pb design_1_wrapper_drc_routed.pb -rpx design_1_wrapper_drc_routed.rpx
Command: report_drc -file design_1_wrapper_drc_routed.rpt -pb design_1_wrapper_drc_routed.pb -rpx design_1_wrapper_drc_routed.rpx
INFO: [IP_Flow 19-1839] IP Catalog is up to date.
INFO: [DRC 23-27] Running DRC with 8 threads
INFO: [Vivado_Tcl 2-168] The results of DRC are in file /home/thagenlo/Desktop/rfsoc_proj_data_aq.xpr/rfsoc_proj/rfsoc_proj.runs/impl_1/design_1_wrapper_drc_routed.rpt.
report_drc completed successfully
INFO: [Vivado 12-24828] Executing command : report_methodology -file design_1_wrapper_methodology_drc_routed.rpt -pb design_1_wrapper_methodology_drc_routed.pb -rpx design_1_wrapper_methodology_drc_routed.rpx
Command: report_methodology -file design_1_wrapper_methodology_drc_routed.rpt -pb design_1_wrapper_methodology_drc_routed.pb -rpx design_1_wrapper_methodology_drc_routed.rpx
INFO: [Timing 38-35] Done setting XDC timing constraints.
INFO: [DRC 23-133] Running Methodology with 8 threads
INFO: [Vivado_Tcl 2-1520] The results of Report Methodology are in file /home/thagenlo/Desktop/rfsoc_proj_data_aq.xpr/rfsoc_proj/rfsoc_proj.runs/impl_1/design_1_wrapper_methodology_drc_routed.rpt.
report_methodology completed successfully
report_methodology: Time (s): cpu = 00:00:27 ; elapsed = 00:00:06 . Memory (MB): peak = 5823.480 ; gain = 0.000 ; free physical = 709 ; free virtual = 6806
INFO: [Vivado 12-24828] Executing command : report_timing_summary -max_paths 10 -routable_nets -report_unconstrained -file design_1_wrapper_timing_summary_routed.rpt -pb design_1_wrapper_timing_summary_routed.pb -rpx design_1_wrapper_timing_summary_routed.rpx -warn_on_violation 
INFO: [Timing 38-35] Done setting XDC timing constraints.
INFO: [Timing 38-91] UpdateTimingParams: Speed grade: -2, Temperature grade: E, Delay Type: min_max.
INFO: [Timing 38-191] Multithreading enabled for timing update using a maximum of 8 CPUs
WARNING: [Timing 38-436] There are set_bus_skew constraint(s) in this design. Please run report_bus_skew to ensure that bus skew requirements are met.
INFO: [Vivado 12-24838] Running report commands "report_bus_skew, report_incremental_reuse, report_route_status" in parallel.
Running report generation with 3 threads.
INFO: [Vivado 12-24828] Executing command : report_incremental_reuse -file design_1_wrapper_incremental_reuse_routed.rpt
INFO: [Vivado_Tcl 4-1062] Incremental flow is disabled. No incremental reuse Info to report.
INFO: [Vivado 12-24828] Executing command : report_bus_skew -warn_on_violation -file design_1_wrapper_bus_skew_routed.rpt -pb design_1_wrapper_bus_skew_routed.pb -rpx design_1_wrapper_bus_skew_routed.rpx
INFO: [Timing 38-91] UpdateTimingParams: Speed grade: -2, Temperature grade: E, Delay Type: min_max.
INFO: [Timing 38-191] Multithreading enabled for timing update using a maximum of 8 CPUs
INFO: [Vivado 12-24828] Executing command : report_route_status -file design_1_wrapper_route_status.rpt -pb design_1_wrapper_route_status.pb
INFO: [Vivado 12-24828] Executing command : report_power -file design_1_wrapper_power_routed.rpt -pb design_1_wrapper_power_summary_routed.pb -rpx design_1_wrapper_power_routed.rpx
Command: report_power -file design_1_wrapper_power_routed.rpt -pb design_1_wrapper_power_summary_routed.pb -rpx design_1_wrapper_power_routed.rpx
Running Vector-less Activity Propagation...

Finished Running Vector-less Activity Propagation
WARNING: [Power 33-332] Found switching activity that implies high-fanout reset nets being asserted for excessive periods of time which may result in inaccurate power analysis.
Resolution: To review and fix problems, please run Power Constraints Advisor in the GUI from Tools > Power Constraints Advisor or run report_power with the -advisory option to generate a text report.
260 Infos, 5 Warnings, 0 Critical Warnings and 0 Errors encountered.
report_power completed successfully
report_power: Time (s): cpu = 00:00:15 ; elapsed = 00:00:09 . Memory (MB): peak = 5879.508 ; gain = 56.027 ; free physical = 700 ; free virtual = 6812
INFO: [Vivado 12-24828] Executing command : report_clock_utilization -file design_1_wrapper_clock_utilization_routed.rpt
report_clock_utilization: Time (s): cpu = 00:00:06 ; elapsed = 00:00:06 . Memory (MB): peak = 5879.508 ; gain = 0.000 ; free physical = 702 ; free virtual = 6814
generate_parallel_reports: Time (s): cpu = 00:01:09 ; elapsed = 00:00:27 . Memory (MB): peak = 5879.508 ; gain = 56.027 ; free physical = 702 ; free virtual = 6814
INFO: [Timing 38-480] Writing timing data to binary archive.
Write ShapeDB Complete: Time (s): cpu = 00:00:00.3 ; elapsed = 00:00:00.06 . Memory (MB): peak = 5879.508 ; gain = 0.000 ; free physical = 698 ; free virtual = 6818
Wrote PlaceDB: Time (s): cpu = 00:00:03 ; elapsed = 00:00:01 . Memory (MB): peak = 5879.508 ; gain = 0.000 ; free physical = 651 ; free virtual = 6812
Wrote PulsedLatchDB: Time (s): cpu = 00:00:00 ; elapsed = 00:00:00 . Memory (MB): peak = 5879.508 ; gain = 0.000 ; free physical = 651 ; free virtual = 6812
Writing XDEF routing.
Writing XDEF routing logical nets.
Writing XDEF routing special nets.
Wrote RouteStorage: Time (s): cpu = 00:00:01 ; elapsed = 00:00:00.32 . Memory (MB): peak = 5879.508 ; gain = 0.000 ; free physical = 644 ; free virtual = 6815
Wrote Netlist Cache: Time (s): cpu = 00:00:00.06 ; elapsed = 00:00:00.04 . Memory (MB): peak = 5879.508 ; gain = 0.000 ; free physical = 636 ; free virtual = 6811
Wrote Device Cache: Time (s): cpu = 00:00:00.03 ; elapsed = 00:00:00.01 . Memory (MB): peak = 5879.508 ; gain = 0.000 ; free physical = 636 ; free virtual = 6813
Write Physdb Complete: Time (s): cpu = 00:00:05 ; elapsed = 00:00:02 . Memory (MB): peak = 5879.508 ; gain = 0.000 ; free physical = 636 ; free virtual = 6814
INFO: [Common 17-1381] The checkpoint '/home/thagenlo/Desktop/rfsoc_proj_data_aq.xpr/rfsoc_proj/rfsoc_proj.runs/impl_1/design_1_wrapper_routed.dcp' has been generated.
INFO: [Memdata 28-208] The XPM instance: <design_1_i/axis_data_fifo_0/inst/gen_fifo.xpm_fifo_axis_inst/xpm_fifo_base_inst/gen_sdpram.xpm_memory_base_inst> is part of IP: <design_1_i/axis_data_fifo_0>. This XPM instance will be excluded from the .mmi because updatemem is prohibited from making changes to an XPM that is part of an IP.
INFO: [Memdata 28-167] Found XPM memory block design_1_i/axi_smc_1/inst/s00_nodes/s00_w_node/inst/inst_mi_handler/gen_normal_area.inst_fifo_node_payld/gen_xpm_memory_fifo.inst_fifo/gen_mem_rep[0].inst_xpm_memory/xpm_memory_base_inst with a P_MEMORY_PRIMITIVE property set to distributed. A value of block is required. You will not be able to use the updatemem program to update the bitstream with new data for the design_1_i/axi_smc_1/inst/s00_nodes/s00_w_node/inst/inst_mi_handler/gen_normal_area.inst_fifo_node_payld/gen_xpm_memory_fifo.inst_fifo/gen_mem_rep[0].inst_xpm_memory/xpm_memory_base_inst block.
INFO: [Memdata 28-167] Found XPM memory block design_1_i/axi_smc_1/inst/s00_nodes/s00_b_node/inst/inst_mi_handler/gen_normal_area.inst_fifo_node_payld/gen_xpm_memory_fifo.inst_fifo/gen_mem_rep[0].inst_xpm_memory/xpm_memory_base_inst with a P_MEMORY_PRIMITIVE property set to distributed. A value of block is required. You will not be able to use the updatemem program to update the bitstream with new data for the design_1_i/axi_smc_1/inst/s00_nodes/s00_b_node/inst/inst_mi_handler/gen_normal_area.inst_fifo_node_payld/gen_xpm_memory_fifo.inst_fifo/gen_mem_rep[0].inst_xpm_memory/xpm_memory_base_inst block.
INFO: [Memdata 28-167] Found XPM memory block design_1_i/axi_smc_1/inst/s00_nodes/s00_aw_node/inst/inst_mi_handler/gen_normal_area.inst_fifo_node_payld/gen_xpm_memory_fifo.inst_fifo/gen_mem_rep[0].inst_xpm_memory/xpm_memory_base_inst with a P_MEMORY_PRIMITIVE property set to distributed. A value of block is required. You will not be able to use the updatemem program to update the bitstream with new data for the design_1_i/axi_smc_1/inst/s00_nodes/s00_aw_node/inst/inst_mi_handler/gen_normal_area.inst_fifo_node_payld/gen_xpm_memory_fifo.inst_fifo/gen_mem_rep[0].inst_xpm_memory/xpm_memory_base_inst block.
INFO: [Memdata 28-167] Found XPM memory block design_1_i/axi_smc/inst/switchboards/i_nodes/i_w_node/inst/inst_si_handler/gen_si_handler.gen_request_fifos.gen_req_fifo[2].inst_req_fifo/gen_xpm_memory_fifo.inst_fifo/gen_mem_rep[0].inst_xpm_memory/xpm_memory_base_inst with a P_MEMORY_PRIMITIVE property set to distributed. A value of block is required. You will not be able to use the updatemem program to update the bitstream with new data for the design_1_i/axi_smc/inst/switchboards/i_nodes/i_w_node/inst/inst_si_handler/gen_si_handler.gen_request_fifos.gen_req_fifo[2].inst_req_fifo/gen_xpm_memory_fifo.inst_fifo/gen_mem_rep[0].inst_xpm_memory/xpm_memory_base_inst block.
INFO: [Memdata 28-167] Found XPM memory block design_1_i/axi_smc/inst/switchboards/i_nodes/i_w_node/inst/inst_si_handler/gen_si_handler.gen_request_fifos.gen_req_fifo[1].inst_req_fifo/gen_xpm_memory_fifo.inst_fifo/gen_mem_rep[0].inst_xpm_memory/xpm_memory_base_inst with a P_MEMORY_PRIMITIVE property set to distributed. A value of block is required. You will not be able to use the updatemem program to update the bitstream with new data for the design_1_i/axi_smc/inst/switchboards/i_nodes/i_w_node/inst/inst_si_handler/gen_si_handler.gen_request_fifos.gen_req_fifo[1].inst_req_fifo/gen_xpm_memory_fifo.inst_fifo/gen_mem_rep[0].inst_xpm_memory/xpm_memory_base_inst block.
INFO: [Memdata 28-167] Found XPM memory block design_1_i/axi_smc/inst/switchboards/i_nodes/i_w_node/inst/inst_si_handler/gen_si_handler.gen_request_fifos.gen_req_fifo[0].inst_req_fifo/gen_xpm_memory_fifo.inst_fifo/gen_mem_rep[0].inst_xpm_memory/xpm_memory_base_inst with a P_MEMORY_PRIMITIVE property set to distributed. A value of block is required. You will not be able to use the updatemem program to update the bitstream with new data for the design_1_i/axi_smc/inst/switchboards/i_nodes/i_w_node/inst/inst_si_handler/gen_si_handler.gen_request_fifos.gen_req_fifo[0].inst_req_fifo/gen_xpm_memory_fifo.inst_fifo/gen_mem_rep[0].inst_xpm_memory/xpm_memory_base_inst block.
INFO: [Memdata 28-167] Found XPM memory block design_1_i/axi_dma_0/U0/I_PRMRY_DATAMOVER/GEN_S2MM_FULL.I_S2MM_FULL_WRAPPER/GEN_ENABLE_INDET_BTT_SF.I_INDET_BTT/I_XD_FIFO/NON_BLK_MEM.I_SYNC_FIFOGEN_FIFO/xpm_fifo_base_inst/gen_sdpram.xpm_memory_base_inst with a P_MEMORY_PRIMITIVE property set to auto. A value of block is required. You will not be able to use the updatemem program to update the bitstream with new data for the design_1_i/axi_dma_0/U0/I_PRMRY_DATAMOVER/GEN_S2MM_FULL.I_S2MM_FULL_WRAPPER/GEN_ENABLE_INDET_BTT_SF.I_INDET_BTT/I_XD_FIFO/NON_BLK_MEM.I_SYNC_FIFOGEN_FIFO/xpm_fifo_base_inst/gen_sdpram.xpm_memory_base_inst block.
INFO: [Memdata 28-208] The XPM instance: <design_1_i/axi_dma_0/U0/I_PRMRY_DATAMOVER/GEN_S2MM_FULL.I_S2MM_FULL_WRAPPER/GEN_ENABLE_INDET_BTT_SF.I_INDET_BTT/I_DATA_FIFO/BLK_MEM.I_SYNC_FIFOGEN_FIFO/xpm_fifo_base_inst/gen_sdpram.xpm_memory_base_inst> is part of IP: <design_1_i/axi_dma_0>. This XPM instance will be excluded from the .mmi because updatemem is prohibited from making changes to an XPM that is part of an IP.
Command: write_bitstream -force design_1_wrapper.bit
Attempting to get a license for feature 'Implementation' and/or device 'xczu48dr'
INFO: [Common 17-349] Got license for feature 'Implementation' and/or device 'xczu48dr'
Running DRC as a precondition to command write_bitstream
INFO: [IP_Flow 19-1839] IP Catalog is up to date.
INFO: [DRC 23-27] Running DRC with 8 threads
INFO: [Vivado 12-3199] DRC finished with 0 Errors
INFO: [Vivado 12-3200] Please refer to the DRC report (report_drc) for more information.
INFO: [Designutils 20-2272] Running write_bitstream with 8 threads.
Loading data files...
Loading site data...
Loading route data...
Processing options...
Creating bitmap...
Creating bitstream...
Bitstream compression saved 156797728 bits.
Writing bitstream ./design_1_wrapper.bit...
INFO: [Vivado 12-1842] Bitgen Completed Successfully.
INFO: [Common 17-83] Releasing license: Implementation
280 Infos, 5 Warnings, 0 Critical Warnings and 0 Errors encountered.
write_bitstream completed successfully
write_bitstream: Time (s): cpu = 00:01:29 ; elapsed = 00:01:15 . Memory (MB): peak = 6061.949 ; gain = 70.387 ; free physical = 500 ; free virtual = 6645
INFO: [Common 17-206] Exiting Vivado at Fri Dec 12 19:47:52 2025...
