
****** Vivado v2025.1 (64-bit)
  **** SW Build 6140274 on Wed May 21 22:58:25 MDT 2025
  **** IP Build 6138677 on Thu May 22 03:10:11 MDT 2025
  **** SharedData Build 6139179 on Tue May 20 17:58:58 MDT 2025
  **** Start of session at: Wed Dec 10 14:01:17 2025
    ** Copyright 1986-2022 Xilinx, Inc. All Rights Reserved.
    ** Copyright 2022-2025 Advanced Micro Devices, Inc. All Rights Reserved.

source /home/thagenlo/Desktop/rfsoc_proj_NEW_NEW.xpr/rfsoc_proj/rfsoc_proj.runs/impl_1/.Xil/Vivado-1707957-eecs-digital-42/dc_drv.0/dc/debug_ip_core.tcl
# set_param project.singleFileAddWarning.threshold 0
# set_param power.BramSDPPropagationFix 1
# set_param chipscope.maxJobs 4
# set_param synth.enableIncremental 0
# set_param general.usePosixSpawnForFork 1
# set_param tcl.collectionResultDisplayLimit 0
# set_param xicom.use_bs_reader 1
# set_param bd.open.in_stealth_mode 2
# set_param runs.launchOptions { -jobs 8  }
# set_param power.enableUnconnectedCarry8PinPower 1
# set_param power.enableCarry8RouteBelPower 1
# set_param power.enableLutRouteBelPower 1
# set_param chipscope.flow 0
# set_param ips.addSpecialDataToCacheID 0
# set script_paths /home/thagenlo/Desktop/rfsoc_proj_NEW_NEW.xpr/rfsoc_proj/rfsoc_proj.runs/impl_1/.Xil/Vivado-1707957-eecs-digital-42/dbg_hub_CV.0/out/get_cs_ip.tcl
# foreach script_path $script_paths { 
#     source $script_path
#     lappend debug_ip_vlnv $ip_vlnv 
#     lappend debug_ip_module_name $ip_module_name
#     lappend debug_params $params
#     lappend debug_intf_params $intf_params
#     lappend debug_connectivity $connectivity
#     lappend debug_output_xci $output_xci
#     lappend debug_output_dcp $output_dcp
#     lappend debug_output_dir $output_dir
#     lappend debug_synth_opts $synth_opts
#     lappend debug_xdc_files $xdc_files
# }
## set_param project.singleFileAddWarning.threshold 0
## set_param power.BramSDPPropagationFix 1
## set_param chipscope.maxJobs 4
## set_param synth.enableIncremental 0
## set_param general.usePosixSpawnForFork 1
## set_param tcl.collectionResultDisplayLimit 0
## set_param xicom.use_bs_reader 1
## set_param bd.open.in_stealth_mode 2
## set_param runs.launchOptions { -jobs 8  }
## set_param power.enableUnconnectedCarry8PinPower 1
## set_param power.enableCarry8RouteBelPower 1
## set_param power.enableLutRouteBelPower 1
## set_param chipscope.flow 0
## set part xczu48dr-ffvg1517-2-e
## set board_part_repo_paths {}
## set board_part realdigital.org:rfsoc4x2:part0:1.0
## set board_connections {}
## set tool_flow Vivado
## set ip_vlnv xilinx.com:ip:xsdbm:3.0
## set ip_module_name dbg_hub
## set params {{{PARAM_VALUE.C_BSCAN_MODE} {false} {PARAM_VALUE.C_BSCAN_MODE_WITH_CORE} {false} {PARAM_VALUE.C_CLK_INPUT_FREQ_HZ} {300000000} {PARAM_VALUE.C_ENABLE_CLK_DIVIDER} {false} {PARAM_VALUE.C_EN_BSCANID_VEC} {false} {PARAM_VALUE.C_NUM_BSCAN_MASTER_PORTS} {0} {PARAM_VALUE.C_TWO_PRIM_MODE} {false} {PARAM_VALUE.C_USER_SCAN_CHAIN} {1} {PARAM_VALUE.C_USE_EXT_BSCAN} {false} {PARAM_VALUE.C_XSDB_NUM_SLAVES} {3}}}
## set intf_params {}
## set connectivity {}
## set output_xci /home/thagenlo/Desktop/rfsoc_proj_NEW_NEW.xpr/rfsoc_proj/rfsoc_proj.runs/impl_1/.Xil/Vivado-1707957-eecs-digital-42/dbg_hub_CV.0/out/result.xci
## set output_dcp /home/thagenlo/Desktop/rfsoc_proj_NEW_NEW.xpr/rfsoc_proj/rfsoc_proj.runs/impl_1/.Xil/Vivado-1707957-eecs-digital-42/dbg_hub_CV.0/out/result.dcp
## set output_dir /home/thagenlo/Desktop/rfsoc_proj_NEW_NEW.xpr/rfsoc_proj/rfsoc_proj.runs/impl_1/.Xil/Vivado-1707957-eecs-digital-42/dbg_hub_CV.0/out
## set ip_repo_paths {
##   /home/thagenlo/Desktop/rfsoc_proj_NEW_NEW.xpr/rfsoc_proj/rfsoc_proj.ipdefs/iq_framer_1_0
##   /home/thagenlo/Desktop/top_ip
##   /home/thagenlo/Desktop/rfsoc_proj_NEW_NEW.xpr/rfsoc_proj/rfsoc_proj.ipdefs/mmio_interface_1_0
## }
## set ip_output_repo /home/thagenlo/Desktop/rfsoc_proj_NEW_NEW.xpr/rfsoc_proj/rfsoc_proj.cache/ip
## set ip_cache_permissions {read write}
## set oopbus_ip_repo_paths [get_param chipscope.oopbus_ip_repo_paths]
## set synth_opts {}
## set xdc_files {}
# set debug_ip_repo_paths $ip_repo_paths
# set debug_ip_output_repo $ip_output_repo
# set debug_ip_cache_permissions $ip_cache_permissions
# set debug_oopbus_ip_repo_paths [get_param chipscope.oopbus_ip_repo_paths]
# set ordering_constrs 1
# set jobs 4
# source {/tools/Xilinx/2025.1/Vivado/scripts/ip/ipxchipscope.tcl}
INFO: [IP_Flow 19-234] Refreshing IP repositories
INFO: [IP_Flow 19-1700] Loaded user IP repository '/home/thagenlo/Desktop/rfsoc_proj_NEW_NEW.xpr/rfsoc_proj/rfsoc_proj.ipdefs/iq_framer_1_0'.
INFO: [IP_Flow 19-1700] Loaded user IP repository '/home/thagenlo/Desktop/top_ip'.
INFO: [IP_Flow 19-1700] Loaded user IP repository '/home/thagenlo/Desktop/rfsoc_proj_NEW_NEW.xpr/rfsoc_proj/rfsoc_proj.ipdefs/mmio_interface_1_0'.
INFO: [IP_Flow 19-2313] Loaded Vivado IP repository '/tools/Xilinx/2025.1/Vivado/data/ip'.
IP SYNTH XDC FILES = 
Current synth_xdc_files = 
DBG: creating temporary IP: dbg_hub
/home/thagenlo/Desktop/rfsoc_proj_NEW_NEW.xpr/rfsoc_proj/rfsoc_proj.runs/impl_1/.Xil/Vivado-1707957-eecs-digital-42/dc_drv.0/dc/prj_ip.srcs/sources_1/ip/dbg_hub/dbg_hub.xci
INFO: [IP_Flow 19-1686] Generating 'Instantiation Template' target for IP 'dbg_hub'...
INFO: [IP_Flow 19-1686] Generating 'Synthesis' target for IP 'dbg_hub'...
INFO: [IP_Flow 19-1686] Generating 'Simulation' target for IP 'dbg_hub'...
generation completed successfully
Succeeded copying xdc_files
Succeeded copying xci files
created run dbg_hub_synth_1
launching all runs dbg_hub_synth_1
[Wed Dec 10 14:01:22 2025] Launched dbg_hub_synth_1...
Run output will be captured here: /home/thagenlo/Desktop/rfsoc_proj_NEW_NEW.xpr/rfsoc_proj/rfsoc_proj.runs/impl_1/.Xil/Vivado-1707957-eecs-digital-42/dc_drv.0/dc/prj_ip.runs/dbg_hub_synth_1/runme.log
INFO: [InternalPartition_RunlogStart-1] dbg_hub
[Wed Dec 10 14:01:22 2025] Waiting for dbg_hub_synth_1 to finish...

*** Running vivado
    with args -log dbg_hub.vds -m64 -product Vivado -mode batch -messageDb vivado.pb -notrace -source dbg_hub.tcl


****** Vivado v2025.1 (64-bit)
  **** SW Build 6140274 on Wed May 21 22:58:25 MDT 2025
  **** IP Build 6138677 on Thu May 22 03:10:11 MDT 2025
  **** SharedData Build 6139179 on Tue May 20 17:58:58 MDT 2025
  **** Start of session at: Wed Dec 10 14:01:24 2025
    ** Copyright 1986-2022 Xilinx, Inc. All Rights Reserved.
    ** Copyright 2022-2025 Advanced Micro Devices, Inc. All Rights Reserved.

source dbg_hub.tcl -notrace
INFO: [IP_Flow 19-234] Refreshing IP repositories
INFO: [IP_Flow 19-1700] Loaded user IP repository '/home/thagenlo/Desktop/rfsoc_proj_NEW_NEW.xpr/rfsoc_proj/rfsoc_proj.ipdefs/iq_framer_1_0'.
INFO: [IP_Flow 19-1700] Loaded user IP repository '/home/thagenlo/Desktop/top_ip'.
INFO: [IP_Flow 19-1700] Loaded user IP repository '/home/thagenlo/Desktop/rfsoc_proj_NEW_NEW.xpr/rfsoc_proj/rfsoc_proj.ipdefs/mmio_interface_1_0'.
INFO: [IP_Flow 19-2313] Loaded Vivado IP repository '/tools/Xilinx/2025.1/Vivado/data/ip'.
Command: synth_design -top dbg_hub -part xczu48dr-ffvg1517-2-e -incremental_mode off -mode out_of_context
Starting synth_design
Attempting to get a license for feature 'Synthesis' and/or device 'xczu48dr'
INFO: [Common 17-349] Got license for feature 'Synthesis' and/or device 'xczu48dr'
INFO: [Device 21-403] Loading part xczu48dr-ffvg1517-2-e
INFO: [Synth 8-7079] Multithreading enabled for synth_design using a maximum of 7 processes.
INFO: [Synth 8-7078] Launching helper process for spawning children vivado processes
INFO: [Synth 8-7075] Helper process launched with PID 1708713
---------------------------------------------------------------------------------
Starting RTL Elaboration : Time (s): cpu = 00:00:04 ; elapsed = 00:00:04 . Memory (MB): peak = 2803.336 ; gain = 334.859 ; free physical = 246 ; free virtual = 5339
---------------------------------------------------------------------------------
INFO: [Synth 8-11241] undeclared symbol 'tms_int', assumed default net type 'wire' [/home/thagenlo/Desktop/rfsoc_proj_NEW_NEW.xpr/rfsoc_proj/rfsoc_proj.runs/impl_1/.Xil/Vivado-1707957-eecs-digital-42/dc_drv.0/dc/prj_ip.gen/sources_1/ip/dbg_hub/hdl/verilog/xsdbm_v3_0_4_bs_core_ext.vh:30]
INFO: [Synth 8-11241] undeclared symbol 'runtest_int', assumed default net type 'wire' [/home/thagenlo/Desktop/rfsoc_proj_NEW_NEW.xpr/rfsoc_proj/rfsoc_proj.runs/impl_1/.Xil/Vivado-1707957-eecs-digital-42/dc_drv.0/dc/prj_ip.gen/sources_1/ip/dbg_hub/hdl/verilog/xsdbm_v3_0_4_bs_core_ext.vh:32]
INFO: [Synth 8-11241] undeclared symbol 'tms_int', assumed default net type 'wire' [/home/thagenlo/Desktop/rfsoc_proj_NEW_NEW.xpr/rfsoc_proj/rfsoc_proj.runs/impl_1/.Xil/Vivado-1707957-eecs-digital-42/dc_drv.0/dc/prj_ip.gen/sources_1/ip/dbg_hub/hdl/verilog/xsdbm_v3_0_4_bs_core_ext.vh:69]
INFO: [Synth 8-11241] undeclared symbol 'runtest_int', assumed default net type 'wire' [/home/thagenlo/Desktop/rfsoc_proj_NEW_NEW.xpr/rfsoc_proj/rfsoc_proj.runs/impl_1/.Xil/Vivado-1707957-eecs-digital-42/dc_drv.0/dc/prj_ip.gen/sources_1/ip/dbg_hub/hdl/verilog/xsdbm_v3_0_4_bs_core_ext.vh:71]
INFO: [Synth 8-11241] undeclared symbol 'tms_int', assumed default net type 'wire' [/home/thagenlo/Desktop/rfsoc_proj_NEW_NEW.xpr/rfsoc_proj/rfsoc_proj.runs/impl_1/.Xil/Vivado-1707957-eecs-digital-42/dc_drv.0/dc/prj_ip.gen/sources_1/ip/dbg_hub/hdl/verilog/xsdbm_v3_0_4_bs_core_ext.vh:109]
INFO: [Synth 8-11241] undeclared symbol 'runtest_int', assumed default net type 'wire' [/home/thagenlo/Desktop/rfsoc_proj_NEW_NEW.xpr/rfsoc_proj/rfsoc_proj.runs/impl_1/.Xil/Vivado-1707957-eecs-digital-42/dc_drv.0/dc/prj_ip.gen/sources_1/ip/dbg_hub/hdl/verilog/xsdbm_v3_0_4_bs_core_ext.vh:111]
INFO: [Synth 8-11241] undeclared symbol 'tms_int', assumed default net type 'wire' [/home/thagenlo/Desktop/rfsoc_proj_NEW_NEW.xpr/rfsoc_proj/rfsoc_proj.runs/impl_1/.Xil/Vivado-1707957-eecs-digital-42/dc_drv.0/dc/prj_ip.gen/sources_1/ip/dbg_hub/hdl/verilog/xsdbm_v3_0_4_bs_core_ext.vh:150]
INFO: [Synth 8-11241] undeclared symbol 'runtest_int', assumed default net type 'wire' [/home/thagenlo/Desktop/rfsoc_proj_NEW_NEW.xpr/rfsoc_proj/rfsoc_proj.runs/impl_1/.Xil/Vivado-1707957-eecs-digital-42/dc_drv.0/dc/prj_ip.gen/sources_1/ip/dbg_hub/hdl/verilog/xsdbm_v3_0_4_bs_core_ext.vh:152]
INFO: [Synth 8-11241] undeclared symbol 'tms_int', assumed default net type 'wire' [/home/thagenlo/Desktop/rfsoc_proj_NEW_NEW.xpr/rfsoc_proj/rfsoc_proj.runs/impl_1/.Xil/Vivado-1707957-eecs-digital-42/dc_drv.0/dc/prj_ip.gen/sources_1/ip/dbg_hub/hdl/verilog/xsdbm_v3_0_4_bs_core_ext.vh:192]
INFO: [Synth 8-11241] undeclared symbol 'runtest_int', assumed default net type 'wire' [/home/thagenlo/Desktop/rfsoc_proj_NEW_NEW.xpr/rfsoc_proj/rfsoc_proj.runs/impl_1/.Xil/Vivado-1707957-eecs-digital-42/dc_drv.0/dc/prj_ip.gen/sources_1/ip/dbg_hub/hdl/verilog/xsdbm_v3_0_4_bs_core_ext.vh:194]
INFO: [Synth 8-11241] undeclared symbol 'tms_int', assumed default net type 'wire' [/home/thagenlo/Desktop/rfsoc_proj_NEW_NEW.xpr/rfsoc_proj/rfsoc_proj.runs/impl_1/.Xil/Vivado-1707957-eecs-digital-42/dc_drv.0/dc/prj_ip.gen/sources_1/ip/dbg_hub/hdl/verilog/xsdbm_v3_0_4_bs_core_ext.vh:235]
INFO: [Synth 8-11241] undeclared symbol 'runtest_int', assumed default net type 'wire' [/home/thagenlo/Desktop/rfsoc_proj_NEW_NEW.xpr/rfsoc_proj/rfsoc_proj.runs/impl_1/.Xil/Vivado-1707957-eecs-digital-42/dc_drv.0/dc/prj_ip.gen/sources_1/ip/dbg_hub/hdl/verilog/xsdbm_v3_0_4_bs_core_ext.vh:237]
INFO: [Synth 8-11241] undeclared symbol 'tms_int', assumed default net type 'wire' [/home/thagenlo/Desktop/rfsoc_proj_NEW_NEW.xpr/rfsoc_proj/rfsoc_proj.runs/impl_1/.Xil/Vivado-1707957-eecs-digital-42/dc_drv.0/dc/prj_ip.gen/sources_1/ip/dbg_hub/hdl/verilog/xsdbm_v3_0_4_bs_core_ext.vh:279]
INFO: [Synth 8-11241] undeclared symbol 'runtest_int', assumed default net type 'wire' [/home/thagenlo/Desktop/rfsoc_proj_NEW_NEW.xpr/rfsoc_proj/rfsoc_proj.runs/impl_1/.Xil/Vivado-1707957-eecs-digital-42/dc_drv.0/dc/prj_ip.gen/sources_1/ip/dbg_hub/hdl/verilog/xsdbm_v3_0_4_bs_core_ext.vh:281]
INFO: [Synth 8-11241] undeclared symbol 'tms_int', assumed default net type 'wire' [/home/thagenlo/Desktop/rfsoc_proj_NEW_NEW.xpr/rfsoc_proj/rfsoc_proj.runs/impl_1/.Xil/Vivado-1707957-eecs-digital-42/dc_drv.0/dc/prj_ip.gen/sources_1/ip/dbg_hub/hdl/verilog/xsdbm_v3_0_4_bs_core_ext.vh:324]
INFO: [Synth 8-11241] undeclared symbol 'runtest_int', assumed default net type 'wire' [/home/thagenlo/Desktop/rfsoc_proj_NEW_NEW.xpr/rfsoc_proj/rfsoc_proj.runs/impl_1/.Xil/Vivado-1707957-eecs-digital-42/dc_drv.0/dc/prj_ip.gen/sources_1/ip/dbg_hub/hdl/verilog/xsdbm_v3_0_4_bs_core_ext.vh:326]
INFO: [Synth 8-11241] undeclared symbol 'tms_int', assumed default net type 'wire' [/home/thagenlo/Desktop/rfsoc_proj_NEW_NEW.xpr/rfsoc_proj/rfsoc_proj.runs/impl_1/.Xil/Vivado-1707957-eecs-digital-42/dc_drv.0/dc/prj_ip.gen/sources_1/ip/dbg_hub/hdl/verilog/xsdbm_v3_0_4_bs_core_ext.vh:370]
INFO: [Synth 8-11241] undeclared symbol 'runtest_int', assumed default net type 'wire' [/home/thagenlo/Desktop/rfsoc_proj_NEW_NEW.xpr/rfsoc_proj/rfsoc_proj.runs/impl_1/.Xil/Vivado-1707957-eecs-digital-42/dc_drv.0/dc/prj_ip.gen/sources_1/ip/dbg_hub/hdl/verilog/xsdbm_v3_0_4_bs_core_ext.vh:372]
INFO: [Synth 8-11241] undeclared symbol 'tms_int', assumed default net type 'wire' [/home/thagenlo/Desktop/rfsoc_proj_NEW_NEW.xpr/rfsoc_proj/rfsoc_proj.runs/impl_1/.Xil/Vivado-1707957-eecs-digital-42/dc_drv.0/dc/prj_ip.gen/sources_1/ip/dbg_hub/hdl/verilog/xsdbm_v3_0_4_bs_core_ext.vh:417]
INFO: [Synth 8-11241] undeclared symbol 'runtest_int', assumed default net type 'wire' [/home/thagenlo/Desktop/rfsoc_proj_NEW_NEW.xpr/rfsoc_proj/rfsoc_proj.runs/impl_1/.Xil/Vivado-1707957-eecs-digital-42/dc_drv.0/dc/prj_ip.gen/sources_1/ip/dbg_hub/hdl/verilog/xsdbm_v3_0_4_bs_core_ext.vh:419]
INFO: [Synth 8-11241] undeclared symbol 'tms_int', assumed default net type 'wire' [/home/thagenlo/Desktop/rfsoc_proj_NEW_NEW.xpr/rfsoc_proj/rfsoc_proj.runs/impl_1/.Xil/Vivado-1707957-eecs-digital-42/dc_drv.0/dc/prj_ip.gen/sources_1/ip/dbg_hub/hdl/verilog/xsdbm_v3_0_4_bs_core_ext.vh:465]
INFO: [Synth 8-11241] undeclared symbol 'runtest_int', assumed default net type 'wire' [/home/thagenlo/Desktop/rfsoc_proj_NEW_NEW.xpr/rfsoc_proj/rfsoc_proj.runs/impl_1/.Xil/Vivado-1707957-eecs-digital-42/dc_drv.0/dc/prj_ip.gen/sources_1/ip/dbg_hub/hdl/verilog/xsdbm_v3_0_4_bs_core_ext.vh:467]
INFO: [Synth 8-11241] undeclared symbol 'tms_int', assumed default net type 'wire' [/home/thagenlo/Desktop/rfsoc_proj_NEW_NEW.xpr/rfsoc_proj/rfsoc_proj.runs/impl_1/.Xil/Vivado-1707957-eecs-digital-42/dc_drv.0/dc/prj_ip.gen/sources_1/ip/dbg_hub/hdl/verilog/xsdbm_v3_0_4_bs_core_ext.vh:514]
INFO: [Synth 8-11241] undeclared symbol 'runtest_int', assumed default net type 'wire' [/home/thagenlo/Desktop/rfsoc_proj_NEW_NEW.xpr/rfsoc_proj/rfsoc_proj.runs/impl_1/.Xil/Vivado-1707957-eecs-digital-42/dc_drv.0/dc/prj_ip.gen/sources_1/ip/dbg_hub/hdl/verilog/xsdbm_v3_0_4_bs_core_ext.vh:516]
INFO: [Synth 8-11241] undeclared symbol 'tms_int', assumed default net type 'wire' [/home/thagenlo/Desktop/rfsoc_proj_NEW_NEW.xpr/rfsoc_proj/rfsoc_proj.runs/impl_1/.Xil/Vivado-1707957-eecs-digital-42/dc_drv.0/dc/prj_ip.gen/sources_1/ip/dbg_hub/hdl/verilog/xsdbm_v3_0_4_bs_core_ext.vh:564]
INFO: [Synth 8-11241] undeclared symbol 'runtest_int', assumed default net type 'wire' [/home/thagenlo/Desktop/rfsoc_proj_NEW_NEW.xpr/rfsoc_proj/rfsoc_proj.runs/impl_1/.Xil/Vivado-1707957-eecs-digital-42/dc_drv.0/dc/prj_ip.gen/sources_1/ip/dbg_hub/hdl/verilog/xsdbm_v3_0_4_bs_core_ext.vh:566]
INFO: [Synth 8-11241] undeclared symbol 'tms_int', assumed default net type 'wire' [/home/thagenlo/Desktop/rfsoc_proj_NEW_NEW.xpr/rfsoc_proj/rfsoc_proj.runs/impl_1/.Xil/Vivado-1707957-eecs-digital-42/dc_drv.0/dc/prj_ip.gen/sources_1/ip/dbg_hub/hdl/verilog/xsdbm_v3_0_4_bs_core_ext.vh:615]
INFO: [Synth 8-11241] undeclared symbol 'runtest_int', assumed default net type 'wire' [/home/thagenlo/Desktop/rfsoc_proj_NEW_NEW.xpr/rfsoc_proj/rfsoc_proj.runs/impl_1/.Xil/Vivado-1707957-eecs-digital-42/dc_drv.0/dc/prj_ip.gen/sources_1/ip/dbg_hub/hdl/verilog/xsdbm_v3_0_4_bs_core_ext.vh:617]
INFO: [Synth 8-11241] undeclared symbol 'tms_int', assumed default net type 'wire' [/home/thagenlo/Desktop/rfsoc_proj_NEW_NEW.xpr/rfsoc_proj/rfsoc_proj.runs/impl_1/.Xil/Vivado-1707957-eecs-digital-42/dc_drv.0/dc/prj_ip.gen/sources_1/ip/dbg_hub/hdl/verilog/xsdbm_v3_0_4_bs_core.vh:30]
INFO: [Synth 8-11241] undeclared symbol 'runtest_int', assumed default net type 'wire' [/home/thagenlo/Desktop/rfsoc_proj_NEW_NEW.xpr/rfsoc_proj/rfsoc_proj.runs/impl_1/.Xil/Vivado-1707957-eecs-digital-42/dc_drv.0/dc/prj_ip.gen/sources_1/ip/dbg_hub/hdl/verilog/xsdbm_v3_0_4_bs_core.vh:32]
INFO: [Synth 8-11241] undeclared symbol 'tms_int', assumed default net type 'wire' [/home/thagenlo/Desktop/rfsoc_proj_NEW_NEW.xpr/rfsoc_proj/rfsoc_proj.runs/impl_1/.Xil/Vivado-1707957-eecs-digital-42/dc_drv.0/dc/prj_ip.gen/sources_1/ip/dbg_hub/hdl/verilog/xsdbm_v3_0_4_bs_core.vh:69]
INFO: [Synth 8-11241] undeclared symbol 'runtest_int', assumed default net type 'wire' [/home/thagenlo/Desktop/rfsoc_proj_NEW_NEW.xpr/rfsoc_proj/rfsoc_proj.runs/impl_1/.Xil/Vivado-1707957-eecs-digital-42/dc_drv.0/dc/prj_ip.gen/sources_1/ip/dbg_hub/hdl/verilog/xsdbm_v3_0_4_bs_core.vh:71]
INFO: [Synth 8-11241] undeclared symbol 'tms_int', assumed default net type 'wire' [/home/thagenlo/Desktop/rfsoc_proj_NEW_NEW.xpr/rfsoc_proj/rfsoc_proj.runs/impl_1/.Xil/Vivado-1707957-eecs-digital-42/dc_drv.0/dc/prj_ip.gen/sources_1/ip/dbg_hub/hdl/verilog/xsdbm_v3_0_4_bs_core.vh:109]
INFO: [Synth 8-11241] undeclared symbol 'runtest_int', assumed default net type 'wire' [/home/thagenlo/Desktop/rfsoc_proj_NEW_NEW.xpr/rfsoc_proj/rfsoc_proj.runs/impl_1/.Xil/Vivado-1707957-eecs-digital-42/dc_drv.0/dc/prj_ip.gen/sources_1/ip/dbg_hub/hdl/verilog/xsdbm_v3_0_4_bs_core.vh:111]
INFO: [Synth 8-11241] undeclared symbol 'tms_int', assumed default net type 'wire' [/home/thagenlo/Desktop/rfsoc_proj_NEW_NEW.xpr/rfsoc_proj/rfsoc_proj.runs/impl_1/.Xil/Vivado-1707957-eecs-digital-42/dc_drv.0/dc/prj_ip.gen/sources_1/ip/dbg_hub/hdl/verilog/xsdbm_v3_0_4_bs_core.vh:150]
INFO: [Synth 8-11241] undeclared symbol 'runtest_int', assumed default net type 'wire' [/home/thagenlo/Desktop/rfsoc_proj_NEW_NEW.xpr/rfsoc_proj/rfsoc_proj.runs/impl_1/.Xil/Vivado-1707957-eecs-digital-42/dc_drv.0/dc/prj_ip.gen/sources_1/ip/dbg_hub/hdl/verilog/xsdbm_v3_0_4_bs_core.vh:152]
INFO: [Synth 8-11241] undeclared symbol 'tms_int', assumed default net type 'wire' [/home/thagenlo/Desktop/rfsoc_proj_NEW_NEW.xpr/rfsoc_proj/rfsoc_proj.runs/impl_1/.Xil/Vivado-1707957-eecs-digital-42/dc_drv.0/dc/prj_ip.gen/sources_1/ip/dbg_hub/hdl/verilog/xsdbm_v3_0_4_bs_core.vh:192]
INFO: [Synth 8-11241] undeclared symbol 'runtest_int', assumed default net type 'wire' [/home/thagenlo/Desktop/rfsoc_proj_NEW_NEW.xpr/rfsoc_proj/rfsoc_proj.runs/impl_1/.Xil/Vivado-1707957-eecs-digital-42/dc_drv.0/dc/prj_ip.gen/sources_1/ip/dbg_hub/hdl/verilog/xsdbm_v3_0_4_bs_core.vh:194]
INFO: [Synth 8-11241] undeclared symbol 'tms_int', assumed default net type 'wire' [/home/thagenlo/Desktop/rfsoc_proj_NEW_NEW.xpr/rfsoc_proj/rfsoc_proj.runs/impl_1/.Xil/Vivado-1707957-eecs-digital-42/dc_drv.0/dc/prj_ip.gen/sources_1/ip/dbg_hub/hdl/verilog/xsdbm_v3_0_4_bs_core.vh:235]
INFO: [Synth 8-11241] undeclared symbol 'runtest_int', assumed default net type 'wire' [/home/thagenlo/Desktop/rfsoc_proj_NEW_NEW.xpr/rfsoc_proj/rfsoc_proj.runs/impl_1/.Xil/Vivado-1707957-eecs-digital-42/dc_drv.0/dc/prj_ip.gen/sources_1/ip/dbg_hub/hdl/verilog/xsdbm_v3_0_4_bs_core.vh:237]
INFO: [Synth 8-11241] undeclared symbol 'tms_int', assumed default net type 'wire' [/home/thagenlo/Desktop/rfsoc_proj_NEW_NEW.xpr/rfsoc_proj/rfsoc_proj.runs/impl_1/.Xil/Vivado-1707957-eecs-digital-42/dc_drv.0/dc/prj_ip.gen/sources_1/ip/dbg_hub/hdl/verilog/xsdbm_v3_0_4_bs_core.vh:279]
INFO: [Synth 8-11241] undeclared symbol 'runtest_int', assumed default net type 'wire' [/home/thagenlo/Desktop/rfsoc_proj_NEW_NEW.xpr/rfsoc_proj/rfsoc_proj.runs/impl_1/.Xil/Vivado-1707957-eecs-digital-42/dc_drv.0/dc/prj_ip.gen/sources_1/ip/dbg_hub/hdl/verilog/xsdbm_v3_0_4_bs_core.vh:281]
INFO: [Synth 8-11241] undeclared symbol 'tms_int', assumed default net type 'wire' [/home/thagenlo/Desktop/rfsoc_proj_NEW_NEW.xpr/rfsoc_proj/rfsoc_proj.runs/impl_1/.Xil/Vivado-1707957-eecs-digital-42/dc_drv.0/dc/prj_ip.gen/sources_1/ip/dbg_hub/hdl/verilog/xsdbm_v3_0_4_bs_core.vh:324]
INFO: [Synth 8-11241] undeclared symbol 'runtest_int', assumed default net type 'wire' [/home/thagenlo/Desktop/rfsoc_proj_NEW_NEW.xpr/rfsoc_proj/rfsoc_proj.runs/impl_1/.Xil/Vivado-1707957-eecs-digital-42/dc_drv.0/dc/prj_ip.gen/sources_1/ip/dbg_hub/hdl/verilog/xsdbm_v3_0_4_bs_core.vh:326]
INFO: [Synth 8-11241] undeclared symbol 'tms_int', assumed default net type 'wire' [/home/thagenlo/Desktop/rfsoc_proj_NEW_NEW.xpr/rfsoc_proj/rfsoc_proj.runs/impl_1/.Xil/Vivado-1707957-eecs-digital-42/dc_drv.0/dc/prj_ip.gen/sources_1/ip/dbg_hub/hdl/verilog/xsdbm_v3_0_4_bs_core.vh:370]
INFO: [Synth 8-11241] undeclared symbol 'runtest_int', assumed default net type 'wire' [/home/thagenlo/Desktop/rfsoc_proj_NEW_NEW.xpr/rfsoc_proj/rfsoc_proj.runs/impl_1/.Xil/Vivado-1707957-eecs-digital-42/dc_drv.0/dc/prj_ip.gen/sources_1/ip/dbg_hub/hdl/verilog/xsdbm_v3_0_4_bs_core.vh:372]
INFO: [Synth 8-11241] undeclared symbol 'tms_int', assumed default net type 'wire' [/home/thagenlo/Desktop/rfsoc_proj_NEW_NEW.xpr/rfsoc_proj/rfsoc_proj.runs/impl_1/.Xil/Vivado-1707957-eecs-digital-42/dc_drv.0/dc/prj_ip.gen/sources_1/ip/dbg_hub/hdl/verilog/xsdbm_v3_0_4_bs_core.vh:417]
INFO: [Synth 8-11241] undeclared symbol 'runtest_int', assumed default net type 'wire' [/home/thagenlo/Desktop/rfsoc_proj_NEW_NEW.xpr/rfsoc_proj/rfsoc_proj.runs/impl_1/.Xil/Vivado-1707957-eecs-digital-42/dc_drv.0/dc/prj_ip.gen/sources_1/ip/dbg_hub/hdl/verilog/xsdbm_v3_0_4_bs_core.vh:419]
INFO: [Synth 8-11241] undeclared symbol 'tms_int', assumed default net type 'wire' [/home/thagenlo/Desktop/rfsoc_proj_NEW_NEW.xpr/rfsoc_proj/rfsoc_proj.runs/impl_1/.Xil/Vivado-1707957-eecs-digital-42/dc_drv.0/dc/prj_ip.gen/sources_1/ip/dbg_hub/hdl/verilog/xsdbm_v3_0_4_bs_core.vh:465]
INFO: [Synth 8-11241] undeclared symbol 'runtest_int', assumed default net type 'wire' [/home/thagenlo/Desktop/rfsoc_proj_NEW_NEW.xpr/rfsoc_proj/rfsoc_proj.runs/impl_1/.Xil/Vivado-1707957-eecs-digital-42/dc_drv.0/dc/prj_ip.gen/sources_1/ip/dbg_hub/hdl/verilog/xsdbm_v3_0_4_bs_core.vh:467]
INFO: [Synth 8-11241] undeclared symbol 'tms_int', assumed default net type 'wire' [/home/thagenlo/Desktop/rfsoc_proj_NEW_NEW.xpr/rfsoc_proj/rfsoc_proj.runs/impl_1/.Xil/Vivado-1707957-eecs-digital-42/dc_drv.0/dc/prj_ip.gen/sources_1/ip/dbg_hub/hdl/verilog/xsdbm_v3_0_4_bs_core.vh:514]
INFO: [Synth 8-11241] undeclared symbol 'runtest_int', assumed default net type 'wire' [/home/thagenlo/Desktop/rfsoc_proj_NEW_NEW.xpr/rfsoc_proj/rfsoc_proj.runs/impl_1/.Xil/Vivado-1707957-eecs-digital-42/dc_drv.0/dc/prj_ip.gen/sources_1/ip/dbg_hub/hdl/verilog/xsdbm_v3_0_4_bs_core.vh:516]
INFO: [Synth 8-11241] undeclared symbol 'tms_int', assumed default net type 'wire' [/home/thagenlo/Desktop/rfsoc_proj_NEW_NEW.xpr/rfsoc_proj/rfsoc_proj.runs/impl_1/.Xil/Vivado-1707957-eecs-digital-42/dc_drv.0/dc/prj_ip.gen/sources_1/ip/dbg_hub/hdl/verilog/xsdbm_v3_0_4_bs_core.vh:564]
INFO: [Synth 8-11241] undeclared symbol 'runtest_int', assumed default net type 'wire' [/home/thagenlo/Desktop/rfsoc_proj_NEW_NEW.xpr/rfsoc_proj/rfsoc_proj.runs/impl_1/.Xil/Vivado-1707957-eecs-digital-42/dc_drv.0/dc/prj_ip.gen/sources_1/ip/dbg_hub/hdl/verilog/xsdbm_v3_0_4_bs_core.vh:566]
INFO: [Synth 8-11241] undeclared symbol 'tms_int', assumed default net type 'wire' [/home/thagenlo/Desktop/rfsoc_proj_NEW_NEW.xpr/rfsoc_proj/rfsoc_proj.runs/impl_1/.Xil/Vivado-1707957-eecs-digital-42/dc_drv.0/dc/prj_ip.gen/sources_1/ip/dbg_hub/hdl/verilog/xsdbm_v3_0_4_bs_core.vh:615]
INFO: [Synth 8-11241] undeclared symbol 'runtest_int', assumed default net type 'wire' [/home/thagenlo/Desktop/rfsoc_proj_NEW_NEW.xpr/rfsoc_proj/rfsoc_proj.runs/impl_1/.Xil/Vivado-1707957-eecs-digital-42/dc_drv.0/dc/prj_ip.gen/sources_1/ip/dbg_hub/hdl/verilog/xsdbm_v3_0_4_bs_core.vh:617]
INFO: [Synth 8-11241] undeclared symbol 'tms_int', assumed default net type 'wire' [/home/thagenlo/Desktop/rfsoc_proj_NEW_NEW.xpr/rfsoc_proj/rfsoc_proj.runs/impl_1/.Xil/Vivado-1707957-eecs-digital-42/dc_drv.0/dc/prj_ip.gen/sources_1/ip/dbg_hub/hdl/verilog/xsdbm_v3_0_4_bs_core_vec.vh:30]
INFO: [Synth 8-11241] undeclared symbol 'runtest_int', assumed default net type 'wire' [/home/thagenlo/Desktop/rfsoc_proj_NEW_NEW.xpr/rfsoc_proj/rfsoc_proj.runs/impl_1/.Xil/Vivado-1707957-eecs-digital-42/dc_drv.0/dc/prj_ip.gen/sources_1/ip/dbg_hub/hdl/verilog/xsdbm_v3_0_4_bs_core_vec.vh:32]
INFO: [Synth 8-11241] undeclared symbol 'tms_int', assumed default net type 'wire' [/home/thagenlo/Desktop/rfsoc_proj_NEW_NEW.xpr/rfsoc_proj/rfsoc_proj.runs/impl_1/.Xil/Vivado-1707957-eecs-digital-42/dc_drv.0/dc/prj_ip.gen/sources_1/ip/dbg_hub/hdl/verilog/xsdbm_v3_0_4_bs_core_vec.vh:65]
INFO: [Synth 8-11241] undeclared symbol 'runtest_int', assumed default net type 'wire' [/home/thagenlo/Desktop/rfsoc_proj_NEW_NEW.xpr/rfsoc_proj/rfsoc_proj.runs/impl_1/.Xil/Vivado-1707957-eecs-digital-42/dc_drv.0/dc/prj_ip.gen/sources_1/ip/dbg_hub/hdl/verilog/xsdbm_v3_0_4_bs_core_vec.vh:67]
INFO: [Synth 8-11241] undeclared symbol 'tms_int', assumed default net type 'wire' [/home/thagenlo/Desktop/rfsoc_proj_NEW_NEW.xpr/rfsoc_proj/rfsoc_proj.runs/impl_1/.Xil/Vivado-1707957-eecs-digital-42/dc_drv.0/dc/prj_ip.gen/sources_1/ip/dbg_hub/hdl/verilog/xsdbm_v3_0_4_bs_core_vec.vh:100]
INFO: [Synth 8-11241] undeclared symbol 'runtest_int', assumed default net type 'wire' [/home/thagenlo/Desktop/rfsoc_proj_NEW_NEW.xpr/rfsoc_proj/rfsoc_proj.runs/impl_1/.Xil/Vivado-1707957-eecs-digital-42/dc_drv.0/dc/prj_ip.gen/sources_1/ip/dbg_hub/hdl/verilog/xsdbm_v3_0_4_bs_core_vec.vh:102]
INFO: [Synth 8-11241] undeclared symbol 'tms_int', assumed default net type 'wire' [/home/thagenlo/Desktop/rfsoc_proj_NEW_NEW.xpr/rfsoc_proj/rfsoc_proj.runs/impl_1/.Xil/Vivado-1707957-eecs-digital-42/dc_drv.0/dc/prj_ip.gen/sources_1/ip/dbg_hub/hdl/verilog/xsdbm_v3_0_4_bs_core_vec.vh:135]
INFO: [Synth 8-11241] undeclared symbol 'runtest_int', assumed default net type 'wire' [/home/thagenlo/Desktop/rfsoc_proj_NEW_NEW.xpr/rfsoc_proj/rfsoc_proj.runs/impl_1/.Xil/Vivado-1707957-eecs-digital-42/dc_drv.0/dc/prj_ip.gen/sources_1/ip/dbg_hub/hdl/verilog/xsdbm_v3_0_4_bs_core_vec.vh:137]
INFO: [Synth 8-11241] undeclared symbol 'tms_int', assumed default net type 'wire' [/home/thagenlo/Desktop/rfsoc_proj_NEW_NEW.xpr/rfsoc_proj/rfsoc_proj.runs/impl_1/.Xil/Vivado-1707957-eecs-digital-42/dc_drv.0/dc/prj_ip.gen/sources_1/ip/dbg_hub/hdl/verilog/xsdbm_v3_0_4_bs_core_vec.vh:170]
INFO: [Synth 8-11241] undeclared symbol 'runtest_int', assumed default net type 'wire' [/home/thagenlo/Desktop/rfsoc_proj_NEW_NEW.xpr/rfsoc_proj/rfsoc_proj.runs/impl_1/.Xil/Vivado-1707957-eecs-digital-42/dc_drv.0/dc/prj_ip.gen/sources_1/ip/dbg_hub/hdl/verilog/xsdbm_v3_0_4_bs_core_vec.vh:172]
INFO: [Synth 8-11241] undeclared symbol 'tms_int', assumed default net type 'wire' [/home/thagenlo/Desktop/rfsoc_proj_NEW_NEW.xpr/rfsoc_proj/rfsoc_proj.runs/impl_1/.Xil/Vivado-1707957-eecs-digital-42/dc_drv.0/dc/prj_ip.gen/sources_1/ip/dbg_hub/hdl/verilog/xsdbm_v3_0_4_bs_core_vec.vh:205]
INFO: [Synth 8-11241] undeclared symbol 'runtest_int', assumed default net type 'wire' [/home/thagenlo/Desktop/rfsoc_proj_NEW_NEW.xpr/rfsoc_proj/rfsoc_proj.runs/impl_1/.Xil/Vivado-1707957-eecs-digital-42/dc_drv.0/dc/prj_ip.gen/sources_1/ip/dbg_hub/hdl/verilog/xsdbm_v3_0_4_bs_core_vec.vh:207]
INFO: [Synth 8-11241] undeclared symbol 'tms_int', assumed default net type 'wire' [/home/thagenlo/Desktop/rfsoc_proj_NEW_NEW.xpr/rfsoc_proj/rfsoc_proj.runs/impl_1/.Xil/Vivado-1707957-eecs-digital-42/dc_drv.0/dc/prj_ip.gen/sources_1/ip/dbg_hub/hdl/verilog/xsdbm_v3_0_4_bs_core_vec.vh:240]
INFO: [Synth 8-11241] undeclared symbol 'runtest_int', assumed default net type 'wire' [/home/thagenlo/Desktop/rfsoc_proj_NEW_NEW.xpr/rfsoc_proj/rfsoc_proj.runs/impl_1/.Xil/Vivado-1707957-eecs-digital-42/dc_drv.0/dc/prj_ip.gen/sources_1/ip/dbg_hub/hdl/verilog/xsdbm_v3_0_4_bs_core_vec.vh:242]
INFO: [Synth 8-11241] undeclared symbol 'tms_int', assumed default net type 'wire' [/home/thagenlo/Desktop/rfsoc_proj_NEW_NEW.xpr/rfsoc_proj/rfsoc_proj.runs/impl_1/.Xil/Vivado-1707957-eecs-digital-42/dc_drv.0/dc/prj_ip.gen/sources_1/ip/dbg_hub/hdl/verilog/xsdbm_v3_0_4_bs_core_vec.vh:275]
INFO: [Synth 8-11241] undeclared symbol 'runtest_int', assumed default net type 'wire' [/home/thagenlo/Desktop/rfsoc_proj_NEW_NEW.xpr/rfsoc_proj/rfsoc_proj.runs/impl_1/.Xil/Vivado-1707957-eecs-digital-42/dc_drv.0/dc/prj_ip.gen/sources_1/ip/dbg_hub/hdl/verilog/xsdbm_v3_0_4_bs_core_vec.vh:277]
INFO: [Synth 8-11241] undeclared symbol 'tms_int', assumed default net type 'wire' [/home/thagenlo/Desktop/rfsoc_proj_NEW_NEW.xpr/rfsoc_proj/rfsoc_proj.runs/impl_1/.Xil/Vivado-1707957-eecs-digital-42/dc_drv.0/dc/prj_ip.gen/sources_1/ip/dbg_hub/hdl/verilog/xsdbm_v3_0_4_bs_core_vec.vh:310]
INFO: [Synth 8-11241] undeclared symbol 'runtest_int', assumed default net type 'wire' [/home/thagenlo/Desktop/rfsoc_proj_NEW_NEW.xpr/rfsoc_proj/rfsoc_proj.runs/impl_1/.Xil/Vivado-1707957-eecs-digital-42/dc_drv.0/dc/prj_ip.gen/sources_1/ip/dbg_hub/hdl/verilog/xsdbm_v3_0_4_bs_core_vec.vh:312]
INFO: [Synth 8-11241] undeclared symbol 'tms_int', assumed default net type 'wire' [/home/thagenlo/Desktop/rfsoc_proj_NEW_NEW.xpr/rfsoc_proj/rfsoc_proj.runs/impl_1/.Xil/Vivado-1707957-eecs-digital-42/dc_drv.0/dc/prj_ip.gen/sources_1/ip/dbg_hub/hdl/verilog/xsdbm_v3_0_4_bs_core_vec.vh:345]
INFO: [Synth 8-11241] undeclared symbol 'runtest_int', assumed default net type 'wire' [/home/thagenlo/Desktop/rfsoc_proj_NEW_NEW.xpr/rfsoc_proj/rfsoc_proj.runs/impl_1/.Xil/Vivado-1707957-eecs-digital-42/dc_drv.0/dc/prj_ip.gen/sources_1/ip/dbg_hub/hdl/verilog/xsdbm_v3_0_4_bs_core_vec.vh:347]
INFO: [Synth 8-11241] undeclared symbol 'tms_int', assumed default net type 'wire' [/home/thagenlo/Desktop/rfsoc_proj_NEW_NEW.xpr/rfsoc_proj/rfsoc_proj.runs/impl_1/.Xil/Vivado-1707957-eecs-digital-42/dc_drv.0/dc/prj_ip.gen/sources_1/ip/dbg_hub/hdl/verilog/xsdbm_v3_0_4_bs_core_vec.vh:380]
INFO: [Synth 8-11241] undeclared symbol 'runtest_int', assumed default net type 'wire' [/home/thagenlo/Desktop/rfsoc_proj_NEW_NEW.xpr/rfsoc_proj/rfsoc_proj.runs/impl_1/.Xil/Vivado-1707957-eecs-digital-42/dc_drv.0/dc/prj_ip.gen/sources_1/ip/dbg_hub/hdl/verilog/xsdbm_v3_0_4_bs_core_vec.vh:382]
INFO: [Synth 8-11241] undeclared symbol 'tms_int', assumed default net type 'wire' [/home/thagenlo/Desktop/rfsoc_proj_NEW_NEW.xpr/rfsoc_proj/rfsoc_proj.runs/impl_1/.Xil/Vivado-1707957-eecs-digital-42/dc_drv.0/dc/prj_ip.gen/sources_1/ip/dbg_hub/hdl/verilog/xsdbm_v3_0_4_bs_core_vec.vh:415]
INFO: [Synth 8-11241] undeclared symbol 'runtest_int', assumed default net type 'wire' [/home/thagenlo/Desktop/rfsoc_proj_NEW_NEW.xpr/rfsoc_proj/rfsoc_proj.runs/impl_1/.Xil/Vivado-1707957-eecs-digital-42/dc_drv.0/dc/prj_ip.gen/sources_1/ip/dbg_hub/hdl/verilog/xsdbm_v3_0_4_bs_core_vec.vh:417]
INFO: [Synth 8-11241] undeclared symbol 'tms_int', assumed default net type 'wire' [/home/thagenlo/Desktop/rfsoc_proj_NEW_NEW.xpr/rfsoc_proj/rfsoc_proj.runs/impl_1/.Xil/Vivado-1707957-eecs-digital-42/dc_drv.0/dc/prj_ip.gen/sources_1/ip/dbg_hub/hdl/verilog/xsdbm_v3_0_4_bs_core_vec.vh:450]
INFO: [Synth 8-11241] undeclared symbol 'runtest_int', assumed default net type 'wire' [/home/thagenlo/Desktop/rfsoc_proj_NEW_NEW.xpr/rfsoc_proj/rfsoc_proj.runs/impl_1/.Xil/Vivado-1707957-eecs-digital-42/dc_drv.0/dc/prj_ip.gen/sources_1/ip/dbg_hub/hdl/verilog/xsdbm_v3_0_4_bs_core_vec.vh:452]
INFO: [Synth 8-11241] undeclared symbol 'tms_int', assumed default net type 'wire' [/home/thagenlo/Desktop/rfsoc_proj_NEW_NEW.xpr/rfsoc_proj/rfsoc_proj.runs/impl_1/.Xil/Vivado-1707957-eecs-digital-42/dc_drv.0/dc/prj_ip.gen/sources_1/ip/dbg_hub/hdl/verilog/xsdbm_v3_0_4_bs_core_vec.vh:485]
INFO: [Synth 8-11241] undeclared symbol 'runtest_int', assumed default net type 'wire' [/home/thagenlo/Desktop/rfsoc_proj_NEW_NEW.xpr/rfsoc_proj/rfsoc_proj.runs/impl_1/.Xil/Vivado-1707957-eecs-digital-42/dc_drv.0/dc/prj_ip.gen/sources_1/ip/dbg_hub/hdl/verilog/xsdbm_v3_0_4_bs_core_vec.vh:487]
INFO: [Synth 8-11241] undeclared symbol 'tms_int', assumed default net type 'wire' [/home/thagenlo/Desktop/rfsoc_proj_NEW_NEW.xpr/rfsoc_proj/rfsoc_proj.runs/impl_1/.Xil/Vivado-1707957-eecs-digital-42/dc_drv.0/dc/prj_ip.gen/sources_1/ip/dbg_hub/hdl/verilog/xsdbm_v3_0_4_bs_core_vec.vh:30]
INFO: [Synth 8-11241] undeclared symbol 'runtest_int', assumed default net type 'wire' [/home/thagenlo/Desktop/rfsoc_proj_NEW_NEW.xpr/rfsoc_proj/rfsoc_proj.runs/impl_1/.Xil/Vivado-1707957-eecs-digital-42/dc_drv.0/dc/prj_ip.gen/sources_1/ip/dbg_hub/hdl/verilog/xsdbm_v3_0_4_bs_core_vec.vh:32]
INFO: [Synth 8-11241] undeclared symbol 'tms_int', assumed default net type 'wire' [/home/thagenlo/Desktop/rfsoc_proj_NEW_NEW.xpr/rfsoc_proj/rfsoc_proj.runs/impl_1/.Xil/Vivado-1707957-eecs-digital-42/dc_drv.0/dc/prj_ip.gen/sources_1/ip/dbg_hub/hdl/verilog/xsdbm_v3_0_4_bs_core_vec.vh:65]
INFO: [Synth 8-11241] undeclared symbol 'runtest_int', assumed default net type 'wire' [/home/thagenlo/Desktop/rfsoc_proj_NEW_NEW.xpr/rfsoc_proj/rfsoc_proj.runs/impl_1/.Xil/Vivado-1707957-eecs-digital-42/dc_drv.0/dc/prj_ip.gen/sources_1/ip/dbg_hub/hdl/verilog/xsdbm_v3_0_4_bs_core_vec.vh:67]
INFO: [Synth 8-11241] undeclared symbol 'tms_int', assumed default net type 'wire' [/home/thagenlo/Desktop/rfsoc_proj_NEW_NEW.xpr/rfsoc_proj/rfsoc_proj.runs/impl_1/.Xil/Vivado-1707957-eecs-digital-42/dc_drv.0/dc/prj_ip.gen/sources_1/ip/dbg_hub/hdl/verilog/xsdbm_v3_0_4_bs_core_vec.vh:100]
INFO: [Synth 8-11241] undeclared symbol 'runtest_int', assumed default net type 'wire' [/home/thagenlo/Desktop/rfsoc_proj_NEW_NEW.xpr/rfsoc_proj/rfsoc_proj.runs/impl_1/.Xil/Vivado-1707957-eecs-digital-42/dc_drv.0/dc/prj_ip.gen/sources_1/ip/dbg_hub/hdl/verilog/xsdbm_v3_0_4_bs_core_vec.vh:102]
INFO: [Synth 8-11241] undeclared symbol 'tms_int', assumed default net type 'wire' [/home/thagenlo/Desktop/rfsoc_proj_NEW_NEW.xpr/rfsoc_proj/rfsoc_proj.runs/impl_1/.Xil/Vivado-1707957-eecs-digital-42/dc_drv.0/dc/prj_ip.gen/sources_1/ip/dbg_hub/hdl/verilog/xsdbm_v3_0_4_bs_core_vec.vh:135]
INFO: [Synth 8-11241] undeclared symbol 'runtest_int', assumed default net type 'wire' [/home/thagenlo/Desktop/rfsoc_proj_NEW_NEW.xpr/rfsoc_proj/rfsoc_proj.runs/impl_1/.Xil/Vivado-1707957-eecs-digital-42/dc_drv.0/dc/prj_ip.gen/sources_1/ip/dbg_hub/hdl/verilog/xsdbm_v3_0_4_bs_core_vec.vh:137]
INFO: [Synth 8-11241] undeclared symbol 'tms_int', assumed default net type 'wire' [/home/thagenlo/Desktop/rfsoc_proj_NEW_NEW.xpr/rfsoc_proj/rfsoc_proj.runs/impl_1/.Xil/Vivado-1707957-eecs-digital-42/dc_drv.0/dc/prj_ip.gen/sources_1/ip/dbg_hub/hdl/verilog/xsdbm_v3_0_4_bs_core_vec.vh:170]
INFO: [Synth 8-11241] undeclared symbol 'runtest_int', assumed default net type 'wire' [/home/thagenlo/Desktop/rfsoc_proj_NEW_NEW.xpr/rfsoc_proj/rfsoc_proj.runs/impl_1/.Xil/Vivado-1707957-eecs-digital-42/dc_drv.0/dc/prj_ip.gen/sources_1/ip/dbg_hub/hdl/verilog/xsdbm_v3_0_4_bs_core_vec.vh:172]
INFO: [Synth 8-11241] undeclared symbol 'tms_int', assumed default net type 'wire' [/home/thagenlo/Desktop/rfsoc_proj_NEW_NEW.xpr/rfsoc_proj/rfsoc_proj.runs/impl_1/.Xil/Vivado-1707957-eecs-digital-42/dc_drv.0/dc/prj_ip.gen/sources_1/ip/dbg_hub/hdl/verilog/xsdbm_v3_0_4_bs_core_vec.vh:205]
INFO: [Synth 8-11241] undeclared symbol 'runtest_int', assumed default net type 'wire' [/home/thagenlo/Desktop/rfsoc_proj_NEW_NEW.xpr/rfsoc_proj/rfsoc_proj.runs/impl_1/.Xil/Vivado-1707957-eecs-digital-42/dc_drv.0/dc/prj_ip.gen/sources_1/ip/dbg_hub/hdl/verilog/xsdbm_v3_0_4_bs_core_vec.vh:207]
INFO: [Synth 8-11241] undeclared symbol 'tms_int', assumed default net type 'wire' [/home/thagenlo/Desktop/rfsoc_proj_NEW_NEW.xpr/rfsoc_proj/rfsoc_proj.runs/impl_1/.Xil/Vivado-1707957-eecs-digital-42/dc_drv.0/dc/prj_ip.gen/sources_1/ip/dbg_hub/hdl/verilog/xsdbm_v3_0_4_bs_core_vec.vh:240]
INFO: [Synth 8-11241] undeclared symbol 'runtest_int', assumed default net type 'wire' [/home/thagenlo/Desktop/rfsoc_proj_NEW_NEW.xpr/rfsoc_proj/rfsoc_proj.runs/impl_1/.Xil/Vivado-1707957-eecs-digital-42/dc_drv.0/dc/prj_ip.gen/sources_1/ip/dbg_hub/hdl/verilog/xsdbm_v3_0_4_bs_core_vec.vh:242]
INFO: [Synth 8-11241] undeclared symbol 'tms_int', assumed default net type 'wire' [/home/thagenlo/Desktop/rfsoc_proj_NEW_NEW.xpr/rfsoc_proj/rfsoc_proj.runs/impl_1/.Xil/Vivado-1707957-eecs-digital-42/dc_drv.0/dc/prj_ip.gen/sources_1/ip/dbg_hub/hdl/verilog/xsdbm_v3_0_4_bs_core_vec.vh:275]
INFO: [Synth 8-11241] undeclared symbol 'runtest_int', assumed default net type 'wire' [/home/thagenlo/Desktop/rfsoc_proj_NEW_NEW.xpr/rfsoc_proj/rfsoc_proj.runs/impl_1/.Xil/Vivado-1707957-eecs-digital-42/dc_drv.0/dc/prj_ip.gen/sources_1/ip/dbg_hub/hdl/verilog/xsdbm_v3_0_4_bs_core_vec.vh:277]
INFO: [Common 17-14] Message 'Synth 8-11241' appears 100 times and further instances of the messages will be disabled. Use the Tcl command set_msg_config to change the current settings.
INFO: [Synth 8-6157] synthesizing module 'dbg_hub' [/home/thagenlo/Desktop/rfsoc_proj_NEW_NEW.xpr/rfsoc_proj/rfsoc_proj.runs/impl_1/.Xil/Vivado-1707957-eecs-digital-42/dc_drv.0/dc/prj_ip.gen/sources_1/ip/dbg_hub/synth/dbg_hub.v:53]
INFO: [Synth 8-6157] synthesizing module 'BSCANE2' [/tools/Xilinx/2025.1/Vivado/scripts/rt/data/unisim_comp_diablo.v:2479]
INFO: [Synth 8-6155] done synthesizing module 'BSCANE2' (0#1) [/tools/Xilinx/2025.1/Vivado/scripts/rt/data/unisim_comp_diablo.v:2479]
INFO: [Synth 8-6157] synthesizing module 'BUFG' [/tools/Xilinx/2025.1/Vivado/scripts/rt/data/unisim_comp_diablo.v:2678]
INFO: [Synth 8-6155] done synthesizing module 'BUFG' (0#1) [/tools/Xilinx/2025.1/Vivado/scripts/rt/data/unisim_comp_diablo.v:2678]
INFO: [Synth 8-6155] done synthesizing module 'dbg_hub' (0#1) [/home/thagenlo/Desktop/rfsoc_proj_NEW_NEW.xpr/rfsoc_proj/rfsoc_proj.runs/impl_1/.Xil/Vivado-1707957-eecs-digital-42/dc_drv.0/dc/prj_ip.gen/sources_1/ip/dbg_hub/synth/dbg_hub.v:53]
WARNING: [Synth 8-3848] Net update_0 in module/entity xsdbm_v3_0_4_xsdbm_id does not have driver. [/home/thagenlo/Desktop/rfsoc_proj_NEW_NEW.xpr/rfsoc_proj/rfsoc_proj.runs/impl_1/.Xil/Vivado-1707957-eecs-digital-42/dc_drv.0/dc/prj_ip.gen/sources_1/ip/dbg_hub/hdl/verilog/xsdbm_v3_0_4_bs_ports.vh:1]
WARNING: [Synth 8-3848] Net capture_0 in module/entity xsdbm_v3_0_4_xsdbm_id does not have driver. [/home/thagenlo/Desktop/rfsoc_proj_NEW_NEW.xpr/rfsoc_proj/rfsoc_proj.runs/impl_1/.Xil/Vivado-1707957-eecs-digital-42/dc_drv.0/dc/prj_ip.gen/sources_1/ip/dbg_hub/hdl/verilog/xsdbm_v3_0_4_bs_ports.vh:2]
WARNING: [Synth 8-3848] Net reset_0 in module/entity xsdbm_v3_0_4_xsdbm_id does not have driver. [/home/thagenlo/Desktop/rfsoc_proj_NEW_NEW.xpr/rfsoc_proj/rfsoc_proj.runs/impl_1/.Xil/Vivado-1707957-eecs-digital-42/dc_drv.0/dc/prj_ip.gen/sources_1/ip/dbg_hub/hdl/verilog/xsdbm_v3_0_4_bs_ports.vh:3]
WARNING: [Synth 8-3848] Net runtest_0 in module/entity xsdbm_v3_0_4_xsdbm_id does not have driver. [/home/thagenlo/Desktop/rfsoc_proj_NEW_NEW.xpr/rfsoc_proj/rfsoc_proj.runs/impl_1/.Xil/Vivado-1707957-eecs-digital-42/dc_drv.0/dc/prj_ip.gen/sources_1/ip/dbg_hub/hdl/verilog/xsdbm_v3_0_4_bs_ports.vh:4]
WARNING: [Synth 8-3848] Net tms_0 in module/entity xsdbm_v3_0_4_xsdbm_id does not have driver. [/home/thagenlo/Desktop/rfsoc_proj_NEW_NEW.xpr/rfsoc_proj/rfsoc_proj.runs/impl_1/.Xil/Vivado-1707957-eecs-digital-42/dc_drv.0/dc/prj_ip.gen/sources_1/ip/dbg_hub/hdl/verilog/xsdbm_v3_0_4_bs_ports.vh:5]
WARNING: [Synth 8-3848] Net tck_0 in module/entity xsdbm_v3_0_4_xsdbm_id does not have driver. [/home/thagenlo/Desktop/rfsoc_proj_NEW_NEW.xpr/rfsoc_proj/rfsoc_proj.runs/impl_1/.Xil/Vivado-1707957-eecs-digital-42/dc_drv.0/dc/prj_ip.gen/sources_1/ip/dbg_hub/hdl/verilog/xsdbm_v3_0_4_bs_ports.vh:6]
WARNING: [Synth 8-3848] Net tdi_0 in module/entity xsdbm_v3_0_4_xsdbm_id does not have driver. [/home/thagenlo/Desktop/rfsoc_proj_NEW_NEW.xpr/rfsoc_proj/rfsoc_proj.runs/impl_1/.Xil/Vivado-1707957-eecs-digital-42/dc_drv.0/dc/prj_ip.gen/sources_1/ip/dbg_hub/hdl/verilog/xsdbm_v3_0_4_bs_ports.vh:7]
WARNING: [Synth 8-3848] Net sel_0 in module/entity xsdbm_v3_0_4_xsdbm_id does not have driver. [/home/thagenlo/Desktop/rfsoc_proj_NEW_NEW.xpr/rfsoc_proj/rfsoc_proj.runs/impl_1/.Xil/Vivado-1707957-eecs-digital-42/dc_drv.0/dc/prj_ip.gen/sources_1/ip/dbg_hub/hdl/verilog/xsdbm_v3_0_4_bs_ports.vh:8]
WARNING: [Synth 8-3848] Net shift_0 in module/entity xsdbm_v3_0_4_xsdbm_id does not have driver. [/home/thagenlo/Desktop/rfsoc_proj_NEW_NEW.xpr/rfsoc_proj/rfsoc_proj.runs/impl_1/.Xil/Vivado-1707957-eecs-digital-42/dc_drv.0/dc/prj_ip.gen/sources_1/ip/dbg_hub/hdl/verilog/xsdbm_v3_0_4_bs_ports.vh:9]
WARNING: [Synth 8-3848] Net drck_0 in module/entity xsdbm_v3_0_4_xsdbm_id does not have driver. [/home/thagenlo/Desktop/rfsoc_proj_NEW_NEW.xpr/rfsoc_proj/rfsoc_proj.runs/impl_1/.Xil/Vivado-1707957-eecs-digital-42/dc_drv.0/dc/prj_ip.gen/sources_1/ip/dbg_hub/hdl/verilog/xsdbm_v3_0_4_bs_ports.vh:10]
WARNING: [Synth 8-3848] Net update_1 in module/entity xsdbm_v3_0_4_xsdbm_id does not have driver. [/home/thagenlo/Desktop/rfsoc_proj_NEW_NEW.xpr/rfsoc_proj/rfsoc_proj.runs/impl_1/.Xil/Vivado-1707957-eecs-digital-42/dc_drv.0/dc/prj_ip.gen/sources_1/ip/dbg_hub/hdl/verilog/xsdbm_v3_0_4_bs_ports.vh:12]
WARNING: [Synth 8-3848] Net capture_1 in module/entity xsdbm_v3_0_4_xsdbm_id does not have driver. [/home/thagenlo/Desktop/rfsoc_proj_NEW_NEW.xpr/rfsoc_proj/rfsoc_proj.runs/impl_1/.Xil/Vivado-1707957-eecs-digital-42/dc_drv.0/dc/prj_ip.gen/sources_1/ip/dbg_hub/hdl/verilog/xsdbm_v3_0_4_bs_ports.vh:13]
WARNING: [Synth 8-3848] Net reset_1 in module/entity xsdbm_v3_0_4_xsdbm_id does not have driver. [/home/thagenlo/Desktop/rfsoc_proj_NEW_NEW.xpr/rfsoc_proj/rfsoc_proj.runs/impl_1/.Xil/Vivado-1707957-eecs-digital-42/dc_drv.0/dc/prj_ip.gen/sources_1/ip/dbg_hub/hdl/verilog/xsdbm_v3_0_4_bs_ports.vh:14]
WARNING: [Synth 8-3848] Net runtest_1 in module/entity xsdbm_v3_0_4_xsdbm_id does not have driver. [/home/thagenlo/Desktop/rfsoc_proj_NEW_NEW.xpr/rfsoc_proj/rfsoc_proj.runs/impl_1/.Xil/Vivado-1707957-eecs-digital-42/dc_drv.0/dc/prj_ip.gen/sources_1/ip/dbg_hub/hdl/verilog/xsdbm_v3_0_4_bs_ports.vh:15]
WARNING: [Synth 8-3848] Net tms_1 in module/entity xsdbm_v3_0_4_xsdbm_id does not have driver. [/home/thagenlo/Desktop/rfsoc_proj_NEW_NEW.xpr/rfsoc_proj/rfsoc_proj.runs/impl_1/.Xil/Vivado-1707957-eecs-digital-42/dc_drv.0/dc/prj_ip.gen/sources_1/ip/dbg_hub/hdl/verilog/xsdbm_v3_0_4_bs_ports.vh:16]
WARNING: [Synth 8-3848] Net tck_1 in module/entity xsdbm_v3_0_4_xsdbm_id does not have driver. [/home/thagenlo/Desktop/rfsoc_proj_NEW_NEW.xpr/rfsoc_proj/rfsoc_proj.runs/impl_1/.Xil/Vivado-1707957-eecs-digital-42/dc_drv.0/dc/prj_ip.gen/sources_1/ip/dbg_hub/hdl/verilog/xsdbm_v3_0_4_bs_ports.vh:17]
WARNING: [Synth 8-3848] Net tdi_1 in module/entity xsdbm_v3_0_4_xsdbm_id does not have driver. [/home/thagenlo/Desktop/rfsoc_proj_NEW_NEW.xpr/rfsoc_proj/rfsoc_proj.runs/impl_1/.Xil/Vivado-1707957-eecs-digital-42/dc_drv.0/dc/prj_ip.gen/sources_1/ip/dbg_hub/hdl/verilog/xsdbm_v3_0_4_bs_ports.vh:18]
WARNING: [Synth 8-3848] Net sel_1 in module/entity xsdbm_v3_0_4_xsdbm_id does not have driver. [/home/thagenlo/Desktop/rfsoc_proj_NEW_NEW.xpr/rfsoc_proj/rfsoc_proj.runs/impl_1/.Xil/Vivado-1707957-eecs-digital-42/dc_drv.0/dc/prj_ip.gen/sources_1/ip/dbg_hub/hdl/verilog/xsdbm_v3_0_4_bs_ports.vh:19]
WARNING: [Synth 8-3848] Net shift_1 in module/entity xsdbm_v3_0_4_xsdbm_id does not have driver. [/home/thagenlo/Desktop/rfsoc_proj_NEW_NEW.xpr/rfsoc_proj/rfsoc_proj.runs/impl_1/.Xil/Vivado-1707957-eecs-digital-42/dc_drv.0/dc/prj_ip.gen/sources_1/ip/dbg_hub/hdl/verilog/xsdbm_v3_0_4_bs_ports.vh:20]
WARNING: [Synth 8-3848] Net drck_1 in module/entity xsdbm_v3_0_4_xsdbm_id does not have driver. [/home/thagenlo/Desktop/rfsoc_proj_NEW_NEW.xpr/rfsoc_proj/rfsoc_proj.runs/impl_1/.Xil/Vivado-1707957-eecs-digital-42/dc_drv.0/dc/prj_ip.gen/sources_1/ip/dbg_hub/hdl/verilog/xsdbm_v3_0_4_bs_ports.vh:21]
WARNING: [Synth 8-3848] Net update_2 in module/entity xsdbm_v3_0_4_xsdbm_id does not have driver. [/home/thagenlo/Desktop/rfsoc_proj_NEW_NEW.xpr/rfsoc_proj/rfsoc_proj.runs/impl_1/.Xil/Vivado-1707957-eecs-digital-42/dc_drv.0/dc/prj_ip.gen/sources_1/ip/dbg_hub/hdl/verilog/xsdbm_v3_0_4_bs_ports.vh:23]
WARNING: [Synth 8-3848] Net capture_2 in module/entity xsdbm_v3_0_4_xsdbm_id does not have driver. [/home/thagenlo/Desktop/rfsoc_proj_NEW_NEW.xpr/rfsoc_proj/rfsoc_proj.runs/impl_1/.Xil/Vivado-1707957-eecs-digital-42/dc_drv.0/dc/prj_ip.gen/sources_1/ip/dbg_hub/hdl/verilog/xsdbm_v3_0_4_bs_ports.vh:24]
WARNING: [Synth 8-3848] Net reset_2 in module/entity xsdbm_v3_0_4_xsdbm_id does not have driver. [/home/thagenlo/Desktop/rfsoc_proj_NEW_NEW.xpr/rfsoc_proj/rfsoc_proj.runs/impl_1/.Xil/Vivado-1707957-eecs-digital-42/dc_drv.0/dc/prj_ip.gen/sources_1/ip/dbg_hub/hdl/verilog/xsdbm_v3_0_4_bs_ports.vh:25]
WARNING: [Synth 8-3848] Net runtest_2 in module/entity xsdbm_v3_0_4_xsdbm_id does not have driver. [/home/thagenlo/Desktop/rfsoc_proj_NEW_NEW.xpr/rfsoc_proj/rfsoc_proj.runs/impl_1/.Xil/Vivado-1707957-eecs-digital-42/dc_drv.0/dc/prj_ip.gen/sources_1/ip/dbg_hub/hdl/verilog/xsdbm_v3_0_4_bs_ports.vh:26]
WARNING: [Synth 8-3848] Net tms_2 in module/entity xsdbm_v3_0_4_xsdbm_id does not have driver. [/home/thagenlo/Desktop/rfsoc_proj_NEW_NEW.xpr/rfsoc_proj/rfsoc_proj.runs/impl_1/.Xil/Vivado-1707957-eecs-digital-42/dc_drv.0/dc/prj_ip.gen/sources_1/ip/dbg_hub/hdl/verilog/xsdbm_v3_0_4_bs_ports.vh:27]
WARNING: [Synth 8-3848] Net tck_2 in module/entity xsdbm_v3_0_4_xsdbm_id does not have driver. [/home/thagenlo/Desktop/rfsoc_proj_NEW_NEW.xpr/rfsoc_proj/rfsoc_proj.runs/impl_1/.Xil/Vivado-1707957-eecs-digital-42/dc_drv.0/dc/prj_ip.gen/sources_1/ip/dbg_hub/hdl/verilog/xsdbm_v3_0_4_bs_ports.vh:28]
WARNING: [Synth 8-3848] Net tdi_2 in module/entity xsdbm_v3_0_4_xsdbm_id does not have driver. [/home/thagenlo/Desktop/rfsoc_proj_NEW_NEW.xpr/rfsoc_proj/rfsoc_proj.runs/impl_1/.Xil/Vivado-1707957-eecs-digital-42/dc_drv.0/dc/prj_ip.gen/sources_1/ip/dbg_hub/hdl/verilog/xsdbm_v3_0_4_bs_ports.vh:29]
WARNING: [Synth 8-3848] Net sel_2 in module/entity xsdbm_v3_0_4_xsdbm_id does not have driver. [/home/thagenlo/Desktop/rfsoc_proj_NEW_NEW.xpr/rfsoc_proj/rfsoc_proj.runs/impl_1/.Xil/Vivado-1707957-eecs-digital-42/dc_drv.0/dc/prj_ip.gen/sources_1/ip/dbg_hub/hdl/verilog/xsdbm_v3_0_4_bs_ports.vh:30]
WARNING: [Synth 8-3848] Net shift_2 in module/entity xsdbm_v3_0_4_xsdbm_id does not have driver. [/home/thagenlo/Desktop/rfsoc_proj_NEW_NEW.xpr/rfsoc_proj/rfsoc_proj.runs/impl_1/.Xil/Vivado-1707957-eecs-digital-42/dc_drv.0/dc/prj_ip.gen/sources_1/ip/dbg_hub/hdl/verilog/xsdbm_v3_0_4_bs_ports.vh:31]
WARNING: [Synth 8-3848] Net drck_2 in module/entity xsdbm_v3_0_4_xsdbm_id does not have driver. [/home/thagenlo/Desktop/rfsoc_proj_NEW_NEW.xpr/rfsoc_proj/rfsoc_proj.runs/impl_1/.Xil/Vivado-1707957-eecs-digital-42/dc_drv.0/dc/prj_ip.gen/sources_1/ip/dbg_hub/hdl/verilog/xsdbm_v3_0_4_bs_ports.vh:32]
WARNING: [Synth 8-3848] Net update_3 in module/entity xsdbm_v3_0_4_xsdbm_id does not have driver. [/home/thagenlo/Desktop/rfsoc_proj_NEW_NEW.xpr/rfsoc_proj/rfsoc_proj.runs/impl_1/.Xil/Vivado-1707957-eecs-digital-42/dc_drv.0/dc/prj_ip.gen/sources_1/ip/dbg_hub/hdl/verilog/xsdbm_v3_0_4_bs_ports.vh:34]
WARNING: [Synth 8-3848] Net capture_3 in module/entity xsdbm_v3_0_4_xsdbm_id does not have driver. [/home/thagenlo/Desktop/rfsoc_proj_NEW_NEW.xpr/rfsoc_proj/rfsoc_proj.runs/impl_1/.Xil/Vivado-1707957-eecs-digital-42/dc_drv.0/dc/prj_ip.gen/sources_1/ip/dbg_hub/hdl/verilog/xsdbm_v3_0_4_bs_ports.vh:35]
WARNING: [Synth 8-3848] Net reset_3 in module/entity xsdbm_v3_0_4_xsdbm_id does not have driver. [/home/thagenlo/Desktop/rfsoc_proj_NEW_NEW.xpr/rfsoc_proj/rfsoc_proj.runs/impl_1/.Xil/Vivado-1707957-eecs-digital-42/dc_drv.0/dc/prj_ip.gen/sources_1/ip/dbg_hub/hdl/verilog/xsdbm_v3_0_4_bs_ports.vh:36]
WARNING: [Synth 8-3848] Net runtest_3 in module/entity xsdbm_v3_0_4_xsdbm_id does not have driver. [/home/thagenlo/Desktop/rfsoc_proj_NEW_NEW.xpr/rfsoc_proj/rfsoc_proj.runs/impl_1/.Xil/Vivado-1707957-eecs-digital-42/dc_drv.0/dc/prj_ip.gen/sources_1/ip/dbg_hub/hdl/verilog/xsdbm_v3_0_4_bs_ports.vh:37]
WARNING: [Synth 8-3848] Net tms_3 in module/entity xsdbm_v3_0_4_xsdbm_id does not have driver. [/home/thagenlo/Desktop/rfsoc_proj_NEW_NEW.xpr/rfsoc_proj/rfsoc_proj.runs/impl_1/.Xil/Vivado-1707957-eecs-digital-42/dc_drv.0/dc/prj_ip.gen/sources_1/ip/dbg_hub/hdl/verilog/xsdbm_v3_0_4_bs_ports.vh:38]
WARNING: [Synth 8-3848] Net tck_3 in module/entity xsdbm_v3_0_4_xsdbm_id does not have driver. [/home/thagenlo/Desktop/rfsoc_proj_NEW_NEW.xpr/rfsoc_proj/rfsoc_proj.runs/impl_1/.Xil/Vivado-1707957-eecs-digital-42/dc_drv.0/dc/prj_ip.gen/sources_1/ip/dbg_hub/hdl/verilog/xsdbm_v3_0_4_bs_ports.vh:39]
WARNING: [Synth 8-3848] Net tdi_3 in module/entity xsdbm_v3_0_4_xsdbm_id does not have driver. [/home/thagenlo/Desktop/rfsoc_proj_NEW_NEW.xpr/rfsoc_proj/rfsoc_proj.runs/impl_1/.Xil/Vivado-1707957-eecs-digital-42/dc_drv.0/dc/prj_ip.gen/sources_1/ip/dbg_hub/hdl/verilog/xsdbm_v3_0_4_bs_ports.vh:40]
WARNING: [Synth 8-3848] Net sel_3 in module/entity xsdbm_v3_0_4_xsdbm_id does not have driver. [/home/thagenlo/Desktop/rfsoc_proj_NEW_NEW.xpr/rfsoc_proj/rfsoc_proj.runs/impl_1/.Xil/Vivado-1707957-eecs-digital-42/dc_drv.0/dc/prj_ip.gen/sources_1/ip/dbg_hub/hdl/verilog/xsdbm_v3_0_4_bs_ports.vh:41]
WARNING: [Synth 8-3848] Net shift_3 in module/entity xsdbm_v3_0_4_xsdbm_id does not have driver. [/home/thagenlo/Desktop/rfsoc_proj_NEW_NEW.xpr/rfsoc_proj/rfsoc_proj.runs/impl_1/.Xil/Vivado-1707957-eecs-digital-42/dc_drv.0/dc/prj_ip.gen/sources_1/ip/dbg_hub/hdl/verilog/xsdbm_v3_0_4_bs_ports.vh:42]
WARNING: [Synth 8-3848] Net drck_3 in module/entity xsdbm_v3_0_4_xsdbm_id does not have driver. [/home/thagenlo/Desktop/rfsoc_proj_NEW_NEW.xpr/rfsoc_proj/rfsoc_proj.runs/impl_1/.Xil/Vivado-1707957-eecs-digital-42/dc_drv.0/dc/prj_ip.gen/sources_1/ip/dbg_hub/hdl/verilog/xsdbm_v3_0_4_bs_ports.vh:43]
WARNING: [Synth 8-3848] Net update_4 in module/entity xsdbm_v3_0_4_xsdbm_id does not have driver. [/home/thagenlo/Desktop/rfsoc_proj_NEW_NEW.xpr/rfsoc_proj/rfsoc_proj.runs/impl_1/.Xil/Vivado-1707957-eecs-digital-42/dc_drv.0/dc/prj_ip.gen/sources_1/ip/dbg_hub/hdl/verilog/xsdbm_v3_0_4_bs_ports.vh:45]
WARNING: [Synth 8-3848] Net capture_4 in module/entity xsdbm_v3_0_4_xsdbm_id does not have driver. [/home/thagenlo/Desktop/rfsoc_proj_NEW_NEW.xpr/rfsoc_proj/rfsoc_proj.runs/impl_1/.Xil/Vivado-1707957-eecs-digital-42/dc_drv.0/dc/prj_ip.gen/sources_1/ip/dbg_hub/hdl/verilog/xsdbm_v3_0_4_bs_ports.vh:46]
WARNING: [Synth 8-3848] Net reset_4 in module/entity xsdbm_v3_0_4_xsdbm_id does not have driver. [/home/thagenlo/Desktop/rfsoc_proj_NEW_NEW.xpr/rfsoc_proj/rfsoc_proj.runs/impl_1/.Xil/Vivado-1707957-eecs-digital-42/dc_drv.0/dc/prj_ip.gen/sources_1/ip/dbg_hub/hdl/verilog/xsdbm_v3_0_4_bs_ports.vh:47]
WARNING: [Synth 8-3848] Net runtest_4 in module/entity xsdbm_v3_0_4_xsdbm_id does not have driver. [/home/thagenlo/Desktop/rfsoc_proj_NEW_NEW.xpr/rfsoc_proj/rfsoc_proj.runs/impl_1/.Xil/Vivado-1707957-eecs-digital-42/dc_drv.0/dc/prj_ip.gen/sources_1/ip/dbg_hub/hdl/verilog/xsdbm_v3_0_4_bs_ports.vh:48]
WARNING: [Synth 8-3848] Net tms_4 in module/entity xsdbm_v3_0_4_xsdbm_id does not have driver. [/home/thagenlo/Desktop/rfsoc_proj_NEW_NEW.xpr/rfsoc_proj/rfsoc_proj.runs/impl_1/.Xil/Vivado-1707957-eecs-digital-42/dc_drv.0/dc/prj_ip.gen/sources_1/ip/dbg_hub/hdl/verilog/xsdbm_v3_0_4_bs_ports.vh:49]
WARNING: [Synth 8-3848] Net tck_4 in module/entity xsdbm_v3_0_4_xsdbm_id does not have driver. [/home/thagenlo/Desktop/rfsoc_proj_NEW_NEW.xpr/rfsoc_proj/rfsoc_proj.runs/impl_1/.Xil/Vivado-1707957-eecs-digital-42/dc_drv.0/dc/prj_ip.gen/sources_1/ip/dbg_hub/hdl/verilog/xsdbm_v3_0_4_bs_ports.vh:50]
WARNING: [Synth 8-3848] Net tdi_4 in module/entity xsdbm_v3_0_4_xsdbm_id does not have driver. [/home/thagenlo/Desktop/rfsoc_proj_NEW_NEW.xpr/rfsoc_proj/rfsoc_proj.runs/impl_1/.Xil/Vivado-1707957-eecs-digital-42/dc_drv.0/dc/prj_ip.gen/sources_1/ip/dbg_hub/hdl/verilog/xsdbm_v3_0_4_bs_ports.vh:51]
WARNING: [Synth 8-3848] Net sel_4 in module/entity xsdbm_v3_0_4_xsdbm_id does not have driver. [/home/thagenlo/Desktop/rfsoc_proj_NEW_NEW.xpr/rfsoc_proj/rfsoc_proj.runs/impl_1/.Xil/Vivado-1707957-eecs-digital-42/dc_drv.0/dc/prj_ip.gen/sources_1/ip/dbg_hub/hdl/verilog/xsdbm_v3_0_4_bs_ports.vh:52]
WARNING: [Synth 8-3848] Net shift_4 in module/entity xsdbm_v3_0_4_xsdbm_id does not have driver. [/home/thagenlo/Desktop/rfsoc_proj_NEW_NEW.xpr/rfsoc_proj/rfsoc_proj.runs/impl_1/.Xil/Vivado-1707957-eecs-digital-42/dc_drv.0/dc/prj_ip.gen/sources_1/ip/dbg_hub/hdl/verilog/xsdbm_v3_0_4_bs_ports.vh:53]
WARNING: [Synth 8-3848] Net drck_4 in module/entity xsdbm_v3_0_4_xsdbm_id does not have driver. [/home/thagenlo/Desktop/rfsoc_proj_NEW_NEW.xpr/rfsoc_proj/rfsoc_proj.runs/impl_1/.Xil/Vivado-1707957-eecs-digital-42/dc_drv.0/dc/prj_ip.gen/sources_1/ip/dbg_hub/hdl/verilog/xsdbm_v3_0_4_bs_ports.vh:54]
WARNING: [Synth 8-3848] Net update_5 in module/entity xsdbm_v3_0_4_xsdbm_id does not have driver. [/home/thagenlo/Desktop/rfsoc_proj_NEW_NEW.xpr/rfsoc_proj/rfsoc_proj.runs/impl_1/.Xil/Vivado-1707957-eecs-digital-42/dc_drv.0/dc/prj_ip.gen/sources_1/ip/dbg_hub/hdl/verilog/xsdbm_v3_0_4_bs_ports.vh:56]
WARNING: [Synth 8-3848] Net capture_5 in module/entity xsdbm_v3_0_4_xsdbm_id does not have driver. [/home/thagenlo/Desktop/rfsoc_proj_NEW_NEW.xpr/rfsoc_proj/rfsoc_proj.runs/impl_1/.Xil/Vivado-1707957-eecs-digital-42/dc_drv.0/dc/prj_ip.gen/sources_1/ip/dbg_hub/hdl/verilog/xsdbm_v3_0_4_bs_ports.vh:57]
WARNING: [Synth 8-3848] Net reset_5 in module/entity xsdbm_v3_0_4_xsdbm_id does not have driver. [/home/thagenlo/Desktop/rfsoc_proj_NEW_NEW.xpr/rfsoc_proj/rfsoc_proj.runs/impl_1/.Xil/Vivado-1707957-eecs-digital-42/dc_drv.0/dc/prj_ip.gen/sources_1/ip/dbg_hub/hdl/verilog/xsdbm_v3_0_4_bs_ports.vh:58]
WARNING: [Synth 8-3848] Net runtest_5 in module/entity xsdbm_v3_0_4_xsdbm_id does not have driver. [/home/thagenlo/Desktop/rfsoc_proj_NEW_NEW.xpr/rfsoc_proj/rfsoc_proj.runs/impl_1/.Xil/Vivado-1707957-eecs-digital-42/dc_drv.0/dc/prj_ip.gen/sources_1/ip/dbg_hub/hdl/verilog/xsdbm_v3_0_4_bs_ports.vh:59]
WARNING: [Synth 8-3848] Net tms_5 in module/entity xsdbm_v3_0_4_xsdbm_id does not have driver. [/home/thagenlo/Desktop/rfsoc_proj_NEW_NEW.xpr/rfsoc_proj/rfsoc_proj.runs/impl_1/.Xil/Vivado-1707957-eecs-digital-42/dc_drv.0/dc/prj_ip.gen/sources_1/ip/dbg_hub/hdl/verilog/xsdbm_v3_0_4_bs_ports.vh:60]
WARNING: [Synth 8-3848] Net tck_5 in module/entity xsdbm_v3_0_4_xsdbm_id does not have driver. [/home/thagenlo/Desktop/rfsoc_proj_NEW_NEW.xpr/rfsoc_proj/rfsoc_proj.runs/impl_1/.Xil/Vivado-1707957-eecs-digital-42/dc_drv.0/dc/prj_ip.gen/sources_1/ip/dbg_hub/hdl/verilog/xsdbm_v3_0_4_bs_ports.vh:61]
WARNING: [Synth 8-3848] Net tdi_5 in module/entity xsdbm_v3_0_4_xsdbm_id does not have driver. [/home/thagenlo/Desktop/rfsoc_proj_NEW_NEW.xpr/rfsoc_proj/rfsoc_proj.runs/impl_1/.Xil/Vivado-1707957-eecs-digital-42/dc_drv.0/dc/prj_ip.gen/sources_1/ip/dbg_hub/hdl/verilog/xsdbm_v3_0_4_bs_ports.vh:62]
WARNING: [Synth 8-3848] Net sel_5 in module/entity xsdbm_v3_0_4_xsdbm_id does not have driver. [/home/thagenlo/Desktop/rfsoc_proj_NEW_NEW.xpr/rfsoc_proj/rfsoc_proj.runs/impl_1/.Xil/Vivado-1707957-eecs-digital-42/dc_drv.0/dc/prj_ip.gen/sources_1/ip/dbg_hub/hdl/verilog/xsdbm_v3_0_4_bs_ports.vh:63]
WARNING: [Synth 8-3848] Net shift_5 in module/entity xsdbm_v3_0_4_xsdbm_id does not have driver. [/home/thagenlo/Desktop/rfsoc_proj_NEW_NEW.xpr/rfsoc_proj/rfsoc_proj.runs/impl_1/.Xil/Vivado-1707957-eecs-digital-42/dc_drv.0/dc/prj_ip.gen/sources_1/ip/dbg_hub/hdl/verilog/xsdbm_v3_0_4_bs_ports.vh:64]
WARNING: [Synth 8-3848] Net drck_5 in module/entity xsdbm_v3_0_4_xsdbm_id does not have driver. [/home/thagenlo/Desktop/rfsoc_proj_NEW_NEW.xpr/rfsoc_proj/rfsoc_proj.runs/impl_1/.Xil/Vivado-1707957-eecs-digital-42/dc_drv.0/dc/prj_ip.gen/sources_1/ip/dbg_hub/hdl/verilog/xsdbm_v3_0_4_bs_ports.vh:65]
WARNING: [Synth 8-3848] Net update_6 in module/entity xsdbm_v3_0_4_xsdbm_id does not have driver. [/home/thagenlo/Desktop/rfsoc_proj_NEW_NEW.xpr/rfsoc_proj/rfsoc_proj.runs/impl_1/.Xil/Vivado-1707957-eecs-digital-42/dc_drv.0/dc/prj_ip.gen/sources_1/ip/dbg_hub/hdl/verilog/xsdbm_v3_0_4_bs_ports.vh:67]
WARNING: [Synth 8-3848] Net capture_6 in module/entity xsdbm_v3_0_4_xsdbm_id does not have driver. [/home/thagenlo/Desktop/rfsoc_proj_NEW_NEW.xpr/rfsoc_proj/rfsoc_proj.runs/impl_1/.Xil/Vivado-1707957-eecs-digital-42/dc_drv.0/dc/prj_ip.gen/sources_1/ip/dbg_hub/hdl/verilog/xsdbm_v3_0_4_bs_ports.vh:68]
WARNING: [Synth 8-3848] Net reset_6 in module/entity xsdbm_v3_0_4_xsdbm_id does not have driver. [/home/thagenlo/Desktop/rfsoc_proj_NEW_NEW.xpr/rfsoc_proj/rfsoc_proj.runs/impl_1/.Xil/Vivado-1707957-eecs-digital-42/dc_drv.0/dc/prj_ip.gen/sources_1/ip/dbg_hub/hdl/verilog/xsdbm_v3_0_4_bs_ports.vh:69]
WARNING: [Synth 8-3848] Net runtest_6 in module/entity xsdbm_v3_0_4_xsdbm_id does not have driver. [/home/thagenlo/Desktop/rfsoc_proj_NEW_NEW.xpr/rfsoc_proj/rfsoc_proj.runs/impl_1/.Xil/Vivado-1707957-eecs-digital-42/dc_drv.0/dc/prj_ip.gen/sources_1/ip/dbg_hub/hdl/verilog/xsdbm_v3_0_4_bs_ports.vh:70]
WARNING: [Synth 8-3848] Net tms_6 in module/entity xsdbm_v3_0_4_xsdbm_id does not have driver. [/home/thagenlo/Desktop/rfsoc_proj_NEW_NEW.xpr/rfsoc_proj/rfsoc_proj.runs/impl_1/.Xil/Vivado-1707957-eecs-digital-42/dc_drv.0/dc/prj_ip.gen/sources_1/ip/dbg_hub/hdl/verilog/xsdbm_v3_0_4_bs_ports.vh:71]
WARNING: [Synth 8-3848] Net tck_6 in module/entity xsdbm_v3_0_4_xsdbm_id does not have driver. [/home/thagenlo/Desktop/rfsoc_proj_NEW_NEW.xpr/rfsoc_proj/rfsoc_proj.runs/impl_1/.Xil/Vivado-1707957-eecs-digital-42/dc_drv.0/dc/prj_ip.gen/sources_1/ip/dbg_hub/hdl/verilog/xsdbm_v3_0_4_bs_ports.vh:72]
WARNING: [Synth 8-3848] Net tdi_6 in module/entity xsdbm_v3_0_4_xsdbm_id does not have driver. [/home/thagenlo/Desktop/rfsoc_proj_NEW_NEW.xpr/rfsoc_proj/rfsoc_proj.runs/impl_1/.Xil/Vivado-1707957-eecs-digital-42/dc_drv.0/dc/prj_ip.gen/sources_1/ip/dbg_hub/hdl/verilog/xsdbm_v3_0_4_bs_ports.vh:73]
WARNING: [Synth 8-3848] Net sel_6 in module/entity xsdbm_v3_0_4_xsdbm_id does not have driver. [/home/thagenlo/Desktop/rfsoc_proj_NEW_NEW.xpr/rfsoc_proj/rfsoc_proj.runs/impl_1/.Xil/Vivado-1707957-eecs-digital-42/dc_drv.0/dc/prj_ip.gen/sources_1/ip/dbg_hub/hdl/verilog/xsdbm_v3_0_4_bs_ports.vh:74]
WARNING: [Synth 8-3848] Net shift_6 in module/entity xsdbm_v3_0_4_xsdbm_id does not have driver. [/home/thagenlo/Desktop/rfsoc_proj_NEW_NEW.xpr/rfsoc_proj/rfsoc_proj.runs/impl_1/.Xil/Vivado-1707957-eecs-digital-42/dc_drv.0/dc/prj_ip.gen/sources_1/ip/dbg_hub/hdl/verilog/xsdbm_v3_0_4_bs_ports.vh:75]
WARNING: [Synth 8-3848] Net drck_6 in module/entity xsdbm_v3_0_4_xsdbm_id does not have driver. [/home/thagenlo/Desktop/rfsoc_proj_NEW_NEW.xpr/rfsoc_proj/rfsoc_proj.runs/impl_1/.Xil/Vivado-1707957-eecs-digital-42/dc_drv.0/dc/prj_ip.gen/sources_1/ip/dbg_hub/hdl/verilog/xsdbm_v3_0_4_bs_ports.vh:76]
WARNING: [Synth 8-3848] Net update_7 in module/entity xsdbm_v3_0_4_xsdbm_id does not have driver. [/home/thagenlo/Desktop/rfsoc_proj_NEW_NEW.xpr/rfsoc_proj/rfsoc_proj.runs/impl_1/.Xil/Vivado-1707957-eecs-digital-42/dc_drv.0/dc/prj_ip.gen/sources_1/ip/dbg_hub/hdl/verilog/xsdbm_v3_0_4_bs_ports.vh:78]
WARNING: [Synth 8-3848] Net capture_7 in module/entity xsdbm_v3_0_4_xsdbm_id does not have driver. [/home/thagenlo/Desktop/rfsoc_proj_NEW_NEW.xpr/rfsoc_proj/rfsoc_proj.runs/impl_1/.Xil/Vivado-1707957-eecs-digital-42/dc_drv.0/dc/prj_ip.gen/sources_1/ip/dbg_hub/hdl/verilog/xsdbm_v3_0_4_bs_ports.vh:79]
WARNING: [Synth 8-3848] Net reset_7 in module/entity xsdbm_v3_0_4_xsdbm_id does not have driver. [/home/thagenlo/Desktop/rfsoc_proj_NEW_NEW.xpr/rfsoc_proj/rfsoc_proj.runs/impl_1/.Xil/Vivado-1707957-eecs-digital-42/dc_drv.0/dc/prj_ip.gen/sources_1/ip/dbg_hub/hdl/verilog/xsdbm_v3_0_4_bs_ports.vh:80]
WARNING: [Synth 8-3848] Net runtest_7 in module/entity xsdbm_v3_0_4_xsdbm_id does not have driver. [/home/thagenlo/Desktop/rfsoc_proj_NEW_NEW.xpr/rfsoc_proj/rfsoc_proj.runs/impl_1/.Xil/Vivado-1707957-eecs-digital-42/dc_drv.0/dc/prj_ip.gen/sources_1/ip/dbg_hub/hdl/verilog/xsdbm_v3_0_4_bs_ports.vh:81]
WARNING: [Synth 8-3848] Net tms_7 in module/entity xsdbm_v3_0_4_xsdbm_id does not have driver. [/home/thagenlo/Desktop/rfsoc_proj_NEW_NEW.xpr/rfsoc_proj/rfsoc_proj.runs/impl_1/.Xil/Vivado-1707957-eecs-digital-42/dc_drv.0/dc/prj_ip.gen/sources_1/ip/dbg_hub/hdl/verilog/xsdbm_v3_0_4_bs_ports.vh:82]
WARNING: [Synth 8-3848] Net tck_7 in module/entity xsdbm_v3_0_4_xsdbm_id does not have driver. [/home/thagenlo/Desktop/rfsoc_proj_NEW_NEW.xpr/rfsoc_proj/rfsoc_proj.runs/impl_1/.Xil/Vivado-1707957-eecs-digital-42/dc_drv.0/dc/prj_ip.gen/sources_1/ip/dbg_hub/hdl/verilog/xsdbm_v3_0_4_bs_ports.vh:83]
WARNING: [Synth 8-3848] Net tdi_7 in module/entity xsdbm_v3_0_4_xsdbm_id does not have driver. [/home/thagenlo/Desktop/rfsoc_proj_NEW_NEW.xpr/rfsoc_proj/rfsoc_proj.runs/impl_1/.Xil/Vivado-1707957-eecs-digital-42/dc_drv.0/dc/prj_ip.gen/sources_1/ip/dbg_hub/hdl/verilog/xsdbm_v3_0_4_bs_ports.vh:84]
WARNING: [Synth 8-3848] Net sel_7 in module/entity xsdbm_v3_0_4_xsdbm_id does not have driver. [/home/thagenlo/Desktop/rfsoc_proj_NEW_NEW.xpr/rfsoc_proj/rfsoc_proj.runs/impl_1/.Xil/Vivado-1707957-eecs-digital-42/dc_drv.0/dc/prj_ip.gen/sources_1/ip/dbg_hub/hdl/verilog/xsdbm_v3_0_4_bs_ports.vh:85]
WARNING: [Synth 8-3848] Net shift_7 in module/entity xsdbm_v3_0_4_xsdbm_id does not have driver. [/home/thagenlo/Desktop/rfsoc_proj_NEW_NEW.xpr/rfsoc_proj/rfsoc_proj.runs/impl_1/.Xil/Vivado-1707957-eecs-digital-42/dc_drv.0/dc/prj_ip.gen/sources_1/ip/dbg_hub/hdl/verilog/xsdbm_v3_0_4_bs_ports.vh:86]
WARNING: [Synth 8-3848] Net drck_7 in module/entity xsdbm_v3_0_4_xsdbm_id does not have driver. [/home/thagenlo/Desktop/rfsoc_proj_NEW_NEW.xpr/rfsoc_proj/rfsoc_proj.runs/impl_1/.Xil/Vivado-1707957-eecs-digital-42/dc_drv.0/dc/prj_ip.gen/sources_1/ip/dbg_hub/hdl/verilog/xsdbm_v3_0_4_bs_ports.vh:87]
WARNING: [Synth 8-3848] Net update_8 in module/entity xsdbm_v3_0_4_xsdbm_id does not have driver. [/home/thagenlo/Desktop/rfsoc_proj_NEW_NEW.xpr/rfsoc_proj/rfsoc_proj.runs/impl_1/.Xil/Vivado-1707957-eecs-digital-42/dc_drv.0/dc/prj_ip.gen/sources_1/ip/dbg_hub/hdl/verilog/xsdbm_v3_0_4_bs_ports.vh:89]
WARNING: [Synth 8-3848] Net capture_8 in module/entity xsdbm_v3_0_4_xsdbm_id does not have driver. [/home/thagenlo/Desktop/rfsoc_proj_NEW_NEW.xpr/rfsoc_proj/rfsoc_proj.runs/impl_1/.Xil/Vivado-1707957-eecs-digital-42/dc_drv.0/dc/prj_ip.gen/sources_1/ip/dbg_hub/hdl/verilog/xsdbm_v3_0_4_bs_ports.vh:90]
WARNING: [Synth 8-3848] Net reset_8 in module/entity xsdbm_v3_0_4_xsdbm_id does not have driver. [/home/thagenlo/Desktop/rfsoc_proj_NEW_NEW.xpr/rfsoc_proj/rfsoc_proj.runs/impl_1/.Xil/Vivado-1707957-eecs-digital-42/dc_drv.0/dc/prj_ip.gen/sources_1/ip/dbg_hub/hdl/verilog/xsdbm_v3_0_4_bs_ports.vh:91]
WARNING: [Synth 8-3848] Net runtest_8 in module/entity xsdbm_v3_0_4_xsdbm_id does not have driver. [/home/thagenlo/Desktop/rfsoc_proj_NEW_NEW.xpr/rfsoc_proj/rfsoc_proj.runs/impl_1/.Xil/Vivado-1707957-eecs-digital-42/dc_drv.0/dc/prj_ip.gen/sources_1/ip/dbg_hub/hdl/verilog/xsdbm_v3_0_4_bs_ports.vh:92]
WARNING: [Synth 8-3848] Net tms_8 in module/entity xsdbm_v3_0_4_xsdbm_id does not have driver. [/home/thagenlo/Desktop/rfsoc_proj_NEW_NEW.xpr/rfsoc_proj/rfsoc_proj.runs/impl_1/.Xil/Vivado-1707957-eecs-digital-42/dc_drv.0/dc/prj_ip.gen/sources_1/ip/dbg_hub/hdl/verilog/xsdbm_v3_0_4_bs_ports.vh:93]
WARNING: [Synth 8-3848] Net tck_8 in module/entity xsdbm_v3_0_4_xsdbm_id does not have driver. [/home/thagenlo/Desktop/rfsoc_proj_NEW_NEW.xpr/rfsoc_proj/rfsoc_proj.runs/impl_1/.Xil/Vivado-1707957-eecs-digital-42/dc_drv.0/dc/prj_ip.gen/sources_1/ip/dbg_hub/hdl/verilog/xsdbm_v3_0_4_bs_ports.vh:94]
WARNING: [Synth 8-3848] Net tdi_8 in module/entity xsdbm_v3_0_4_xsdbm_id does not have driver. [/home/thagenlo/Desktop/rfsoc_proj_NEW_NEW.xpr/rfsoc_proj/rfsoc_proj.runs/impl_1/.Xil/Vivado-1707957-eecs-digital-42/dc_drv.0/dc/prj_ip.gen/sources_1/ip/dbg_hub/hdl/verilog/xsdbm_v3_0_4_bs_ports.vh:95]
WARNING: [Synth 8-3848] Net sel_8 in module/entity xsdbm_v3_0_4_xsdbm_id does not have driver. [/home/thagenlo/Desktop/rfsoc_proj_NEW_NEW.xpr/rfsoc_proj/rfsoc_proj.runs/impl_1/.Xil/Vivado-1707957-eecs-digital-42/dc_drv.0/dc/prj_ip.gen/sources_1/ip/dbg_hub/hdl/verilog/xsdbm_v3_0_4_bs_ports.vh:96]
WARNING: [Synth 8-3848] Net shift_8 in module/entity xsdbm_v3_0_4_xsdbm_id does not have driver. [/home/thagenlo/Desktop/rfsoc_proj_NEW_NEW.xpr/rfsoc_proj/rfsoc_proj.runs/impl_1/.Xil/Vivado-1707957-eecs-digital-42/dc_drv.0/dc/prj_ip.gen/sources_1/ip/dbg_hub/hdl/verilog/xsdbm_v3_0_4_bs_ports.vh:97]
WARNING: [Synth 8-3848] Net drck_8 in module/entity xsdbm_v3_0_4_xsdbm_id does not have driver. [/home/thagenlo/Desktop/rfsoc_proj_NEW_NEW.xpr/rfsoc_proj/rfsoc_proj.runs/impl_1/.Xil/Vivado-1707957-eecs-digital-42/dc_drv.0/dc/prj_ip.gen/sources_1/ip/dbg_hub/hdl/verilog/xsdbm_v3_0_4_bs_ports.vh:98]
WARNING: [Synth 8-3848] Net update_9 in module/entity xsdbm_v3_0_4_xsdbm_id does not have driver. [/home/thagenlo/Desktop/rfsoc_proj_NEW_NEW.xpr/rfsoc_proj/rfsoc_proj.runs/impl_1/.Xil/Vivado-1707957-eecs-digital-42/dc_drv.0/dc/prj_ip.gen/sources_1/ip/dbg_hub/hdl/verilog/xsdbm_v3_0_4_bs_ports.vh:100]
WARNING: [Synth 8-3848] Net capture_9 in module/entity xsdbm_v3_0_4_xsdbm_id does not have driver. [/home/thagenlo/Desktop/rfsoc_proj_NEW_NEW.xpr/rfsoc_proj/rfsoc_proj.runs/impl_1/.Xil/Vivado-1707957-eecs-digital-42/dc_drv.0/dc/prj_ip.gen/sources_1/ip/dbg_hub/hdl/verilog/xsdbm_v3_0_4_bs_ports.vh:101]
WARNING: [Synth 8-3848] Net reset_9 in module/entity xsdbm_v3_0_4_xsdbm_id does not have driver. [/home/thagenlo/Desktop/rfsoc_proj_NEW_NEW.xpr/rfsoc_proj/rfsoc_proj.runs/impl_1/.Xil/Vivado-1707957-eecs-digital-42/dc_drv.0/dc/prj_ip.gen/sources_1/ip/dbg_hub/hdl/verilog/xsdbm_v3_0_4_bs_ports.vh:102]
WARNING: [Synth 8-3848] Net runtest_9 in module/entity xsdbm_v3_0_4_xsdbm_id does not have driver. [/home/thagenlo/Desktop/rfsoc_proj_NEW_NEW.xpr/rfsoc_proj/rfsoc_proj.runs/impl_1/.Xil/Vivado-1707957-eecs-digital-42/dc_drv.0/dc/prj_ip.gen/sources_1/ip/dbg_hub/hdl/verilog/xsdbm_v3_0_4_bs_ports.vh:103]
WARNING: [Synth 8-3848] Net tms_9 in module/entity xsdbm_v3_0_4_xsdbm_id does not have driver. [/home/thagenlo/Desktop/rfsoc_proj_NEW_NEW.xpr/rfsoc_proj/rfsoc_proj.runs/impl_1/.Xil/Vivado-1707957-eecs-digital-42/dc_drv.0/dc/prj_ip.gen/sources_1/ip/dbg_hub/hdl/verilog/xsdbm_v3_0_4_bs_ports.vh:104]
WARNING: [Synth 8-3848] Net tck_9 in module/entity xsdbm_v3_0_4_xsdbm_id does not have driver. [/home/thagenlo/Desktop/rfsoc_proj_NEW_NEW.xpr/rfsoc_proj/rfsoc_proj.runs/impl_1/.Xil/Vivado-1707957-eecs-digital-42/dc_drv.0/dc/prj_ip.gen/sources_1/ip/dbg_hub/hdl/verilog/xsdbm_v3_0_4_bs_ports.vh:105]
WARNING: [Synth 8-3848] Net tdi_9 in module/entity xsdbm_v3_0_4_xsdbm_id does not have driver. [/home/thagenlo/Desktop/rfsoc_proj_NEW_NEW.xpr/rfsoc_proj/rfsoc_proj.runs/impl_1/.Xil/Vivado-1707957-eecs-digital-42/dc_drv.0/dc/prj_ip.gen/sources_1/ip/dbg_hub/hdl/verilog/xsdbm_v3_0_4_bs_ports.vh:106]
WARNING: [Synth 8-3848] Net sel_9 in module/entity xsdbm_v3_0_4_xsdbm_id does not have driver. [/home/thagenlo/Desktop/rfsoc_proj_NEW_NEW.xpr/rfsoc_proj/rfsoc_proj.runs/impl_1/.Xil/Vivado-1707957-eecs-digital-42/dc_drv.0/dc/prj_ip.gen/sources_1/ip/dbg_hub/hdl/verilog/xsdbm_v3_0_4_bs_ports.vh:107]
WARNING: [Synth 8-3848] Net shift_9 in module/entity xsdbm_v3_0_4_xsdbm_id does not have driver. [/home/thagenlo/Desktop/rfsoc_proj_NEW_NEW.xpr/rfsoc_proj/rfsoc_proj.runs/impl_1/.Xil/Vivado-1707957-eecs-digital-42/dc_drv.0/dc/prj_ip.gen/sources_1/ip/dbg_hub/hdl/verilog/xsdbm_v3_0_4_bs_ports.vh:108]
WARNING: [Synth 8-3848] Net drck_9 in module/entity xsdbm_v3_0_4_xsdbm_id does not have driver. [/home/thagenlo/Desktop/rfsoc_proj_NEW_NEW.xpr/rfsoc_proj/rfsoc_proj.runs/impl_1/.Xil/Vivado-1707957-eecs-digital-42/dc_drv.0/dc/prj_ip.gen/sources_1/ip/dbg_hub/hdl/verilog/xsdbm_v3_0_4_bs_ports.vh:109]
INFO: [Common 17-14] Message 'Synth 8-3848' appears 100 times and further instances of the messages will be disabled. Use the Tcl command set_msg_config to change the current settings.
WARNING: [Synth 8-7129] Port SL_SEL_I[7] in module xsdbm_v3_0_4_bus_ctl is either unconnected or has no load
WARNING: [Synth 8-7129] Port SL_SEL_I[6] in module xsdbm_v3_0_4_bus_ctl is either unconnected or has no load
WARNING: [Synth 8-7129] Port SL_SEL_I[5] in module xsdbm_v3_0_4_bus_ctl is either unconnected or has no load
WARNING: [Synth 8-7129] Port SL_SEL_I[4] in module xsdbm_v3_0_4_bus_ctl is either unconnected or has no load
WARNING: [Synth 8-7129] Port SL_SEL_I[3] in module xsdbm_v3_0_4_bus_ctl is either unconnected or has no load
WARNING: [Synth 8-7129] Port SL_SEL_I[2] in module xsdbm_v3_0_4_bus_ctl is either unconnected or has no load
WARNING: [Synth 8-7129] Port SL_MULT_DRDY_I in module xsdbm_v3_0_4_bus_ctl is either unconnected or has no load
WARNING: [Synth 8-7129] Port ALMOST_FULL_I in module output_blk__parameterized0 is either unconnected or has no load
WARNING: [Synth 8-7129] Port PROG_FULL_I in module output_blk__parameterized0 is either unconnected or has no load
WARNING: [Synth 8-7129] Port ALMOST_EMPTY_I in module output_blk__parameterized0 is either unconnected or has no load
WARNING: [Synth 8-7129] Port PROG_EMPTY_I in module output_blk__parameterized0 is either unconnected or has no load
WARNING: [Synth 8-7129] Port WR_ACK_I in module output_blk__parameterized0 is either unconnected or has no load
WARNING: [Synth 8-7129] Port DATA_COUNT_I[4] in module output_blk__parameterized0 is either unconnected or has no load
WARNING: [Synth 8-7129] Port DATA_COUNT_I[3] in module output_blk__parameterized0 is either unconnected or has no load
WARNING: [Synth 8-7129] Port DATA_COUNT_I[2] in module output_blk__parameterized0 is either unconnected or has no load
WARNING: [Synth 8-7129] Port DATA_COUNT_I[1] in module output_blk__parameterized0 is either unconnected or has no load
WARNING: [Synth 8-7129] Port DATA_COUNT_I[0] in module output_blk__parameterized0 is either unconnected or has no load
WARNING: [Synth 8-7129] Port WR_DATA_COUNT_I[4] in module output_blk__parameterized0 is either unconnected or has no load
WARNING: [Synth 8-7129] Port WR_DATA_COUNT_I[3] in module output_blk__parameterized0 is either unconnected or has no load
WARNING: [Synth 8-7129] Port WR_DATA_COUNT_I[2] in module output_blk__parameterized0 is either unconnected or has no load
WARNING: [Synth 8-7129] Port WR_DATA_COUNT_I[1] in module output_blk__parameterized0 is either unconnected or has no load
WARNING: [Synth 8-7129] Port WR_DATA_COUNT_I[0] in module output_blk__parameterized0 is either unconnected or has no load
WARNING: [Synth 8-7129] Port RD_DATA_COUNT_I[4] in module output_blk__parameterized0 is either unconnected or has no load
WARNING: [Synth 8-7129] Port RD_DATA_COUNT_I[3] in module output_blk__parameterized0 is either unconnected or has no load
WARNING: [Synth 8-7129] Port RD_DATA_COUNT_I[2] in module output_blk__parameterized0 is either unconnected or has no load
WARNING: [Synth 8-7129] Port RD_DATA_COUNT_I[1] in module output_blk__parameterized0 is either unconnected or has no load
WARNING: [Synth 8-7129] Port RD_DATA_COUNT_I[0] in module output_blk__parameterized0 is either unconnected or has no load
WARNING: [Synth 8-7129] Port SBITERR_I in module output_blk__parameterized0 is either unconnected or has no load
WARNING: [Synth 8-7129] Port DBITERR_I in module output_blk__parameterized0 is either unconnected or has no load
WARNING: [Synth 8-7129] Port WR_ACK in module wr_handshaking_flags is either unconnected or has no load
WARNING: [Synth 8-7129] Port WR_RST in module wr_handshaking_flags is either unconnected or has no load
WARNING: [Synth 8-7129] Port SRST in module wr_handshaking_flags is either unconnected or has no load
WARNING: [Synth 8-7129] Port WR_RST in module wr_status_flags_as is either unconnected or has no load
WARNING: [Synth 8-7129] Port SAFETY_CKT_WR_RST in module wr_status_flags_as is either unconnected or has no load
WARNING: [Synth 8-7129] Port WR_PNTR_PLUS3[3] in module wr_status_flags_as is either unconnected or has no load
WARNING: [Synth 8-7129] Port WR_PNTR_PLUS3[2] in module wr_status_flags_as is either unconnected or has no load
WARNING: [Synth 8-7129] Port WR_PNTR_PLUS3[1] in module wr_status_flags_as is either unconnected or has no load
WARNING: [Synth 8-7129] Port WR_PNTR_PLUS3[0] in module wr_status_flags_as is either unconnected or has no load
WARNING: [Synth 8-7129] Port SRST in module wr_bin_cntr is either unconnected or has no load
WARNING: [Synth 8-7129] Port WR_EN_INTO_LOGIC in module wr_logic__parameterized0 is either unconnected or has no load
WARNING: [Synth 8-7129] Port WR_RST_INTO_LOGIC in module wr_logic__parameterized0 is either unconnected or has no load
WARNING: [Synth 8-7129] Port RD_EN in module wr_logic__parameterized0 is either unconnected or has no load
WARNING: [Synth 8-7129] Port SRST_FULL_FF in module wr_logic__parameterized0 is either unconnected or has no load
WARNING: [Synth 8-7129] Port EMPTY in module wr_logic__parameterized0 is either unconnected or has no load
WARNING: [Synth 8-7129] Port RAM_RD_EN in module wr_logic__parameterized0 is either unconnected or has no load
WARNING: [Synth 8-7129] Port ALMOST_EMPTY in module wr_logic__parameterized0 is either unconnected or has no load
WARNING: [Synth 8-7129] Port PROG_FULL_THRESH[3] in module wr_logic__parameterized0 is either unconnected or has no load
WARNING: [Synth 8-7129] Port PROG_FULL_THRESH[2] in module wr_logic__parameterized0 is either unconnected or has no load
WARNING: [Synth 8-7129] Port PROG_FULL_THRESH[1] in module wr_logic__parameterized0 is either unconnected or has no load
WARNING: [Synth 8-7129] Port PROG_FULL_THRESH[0] in module wr_logic__parameterized0 is either unconnected or has no load
WARNING: [Synth 8-7129] Port PROG_FULL_THRESH_ASSERT[3] in module wr_logic__parameterized0 is either unconnected or has no load
WARNING: [Synth 8-7129] Port PROG_FULL_THRESH_ASSERT[2] in module wr_logic__parameterized0 is either unconnected or has no load
WARNING: [Synth 8-7129] Port PROG_FULL_THRESH_ASSERT[1] in module wr_logic__parameterized0 is either unconnected or has no load
WARNING: [Synth 8-7129] Port PROG_FULL_THRESH_ASSERT[0] in module wr_logic__parameterized0 is either unconnected or has no load
WARNING: [Synth 8-7129] Port PROG_FULL_THRESH_NEGATE[3] in module wr_logic__parameterized0 is either unconnected or has no load
WARNING: [Synth 8-7129] Port PROG_FULL_THRESH_NEGATE[2] in module wr_logic__parameterized0 is either unconnected or has no load
WARNING: [Synth 8-7129] Port PROG_FULL_THRESH_NEGATE[1] in module wr_logic__parameterized0 is either unconnected or has no load
WARNING: [Synth 8-7129] Port PROG_FULL_THRESH_NEGATE[0] in module wr_logic__parameterized0 is either unconnected or has no load
WARNING: [Synth 8-7129] Port SRST in module rd_fwft is either unconnected or has no load
WARNING: [Synth 8-7129] Port SAFETY_CKT_RD_RST in module rd_fwft is either unconnected or has no load
WARNING: [Synth 8-7129] Port RAM_ALMOST_EMPTY in module rd_fwft is either unconnected or has no load
WARNING: [Synth 8-7129] Port SRST in module rd_handshaking_flags__parameterized0 is either unconnected or has no load
WARNING: [Synth 8-7129] Port SAFETY_CKT_RD_RST in module rd_status_flags_as is either unconnected or has no load
WARNING: [Synth 8-7129] Port RD_PNTR_PLUS2[3] in module rd_status_flags_as is either unconnected or has no load
WARNING: [Synth 8-7129] Port RD_PNTR_PLUS2[2] in module rd_status_flags_as is either unconnected or has no load
WARNING: [Synth 8-7129] Port RD_PNTR_PLUS2[1] in module rd_status_flags_as is either unconnected or has no load
WARNING: [Synth 8-7129] Port RD_PNTR_PLUS2[0] in module rd_status_flags_as is either unconnected or has no load
WARNING: [Synth 8-7129] Port SRST in module rd_bin_cntr is either unconnected or has no load
WARNING: [Synth 8-7129] Port RD_EN_INTO_LOGIC in module rd_logic__parameterized0 is either unconnected or has no load
WARNING: [Synth 8-7129] Port RD_RST_INTO_LOGIC in module rd_logic__parameterized0 is either unconnected or has no load
WARNING: [Synth 8-7129] Port RAM_WR_EN in module rd_logic__parameterized0 is either unconnected or has no load
WARNING: [Synth 8-7129] Port RST_FULL_FF in module rd_logic__parameterized0 is either unconnected or has no load
WARNING: [Synth 8-7129] Port ALMOST_FULL_FB in module rd_logic__parameterized0 is either unconnected or has no load
WARNING: [Synth 8-7129] Port FULL in module rd_logic__parameterized0 is either unconnected or has no load
WARNING: [Synth 8-7129] Port WR_PNTR_PLUS1_RD[3] in module rd_logic__parameterized0 is either unconnected or has no load
WARNING: [Synth 8-7129] Port WR_PNTR_PLUS1_RD[2] in module rd_logic__parameterized0 is either unconnected or has no load
WARNING: [Synth 8-7129] Port WR_PNTR_PLUS1_RD[1] in module rd_logic__parameterized0 is either unconnected or has no load
WARNING: [Synth 8-7129] Port WR_PNTR_PLUS1_RD[0] in module rd_logic__parameterized0 is either unconnected or has no load
WARNING: [Synth 8-7129] Port PROG_EMPTY_THRESH[3] in module rd_logic__parameterized0 is either unconnected or has no load
WARNING: [Synth 8-7129] Port PROG_EMPTY_THRESH[2] in module rd_logic__parameterized0 is either unconnected or has no load
WARNING: [Synth 8-7129] Port PROG_EMPTY_THRESH[1] in module rd_logic__parameterized0 is either unconnected or has no load
WARNING: [Synth 8-7129] Port PROG_EMPTY_THRESH[0] in module rd_logic__parameterized0 is either unconnected or has no load
WARNING: [Synth 8-7129] Port PROG_EMPTY_THRESH_ASSERT[3] in module rd_logic__parameterized0 is either unconnected or has no load
WARNING: [Synth 8-7129] Port PROG_EMPTY_THRESH_ASSERT[2] in module rd_logic__parameterized0 is either unconnected or has no load
WARNING: [Synth 8-7129] Port PROG_EMPTY_THRESH_ASSERT[1] in module rd_logic__parameterized0 is either unconnected or has no load
WARNING: [Synth 8-7129] Port PROG_EMPTY_THRESH_ASSERT[0] in module rd_logic__parameterized0 is either unconnected or has no load
WARNING: [Synth 8-7129] Port PROG_EMPTY_THRESH_NEGATE[3] in module rd_logic__parameterized0 is either unconnected or has no load
WARNING: [Synth 8-7129] Port PROG_EMPTY_THRESH_NEGATE[2] in module rd_logic__parameterized0 is either unconnected or has no load
WARNING: [Synth 8-7129] Port PROG_EMPTY_THRESH_NEGATE[1] in module rd_logic__parameterized0 is either unconnected or has no load
WARNING: [Synth 8-7129] Port PROG_EMPTY_THRESH_NEGATE[0] in module rd_logic__parameterized0 is either unconnected or has no load
WARNING: [Synth 8-7129] Port SRST in module dmem is either unconnected or has no load
WARNING: [Synth 8-7129] Port FAB_REGOUT_EN in module memory__parameterized0 is either unconnected or has no load
WARNING: [Synth 8-7129] Port SFT_RST in module memory__parameterized0 is either unconnected or has no load
WARNING: [Synth 8-7129] Port SRST in module memory__parameterized0 is either unconnected or has no load
WARNING: [Synth 8-7129] Port SAFETY_CKT_RD_RST in module memory__parameterized0 is either unconnected or has no load
WARNING: [Synth 8-7129] Port SLEEP in module memory__parameterized0 is either unconnected or has no load
WARNING: [Synth 8-7129] Port INJECTDBITERR in module memory__parameterized0 is either unconnected or has no load
WARNING: [Synth 8-7129] Port INJECTSBITERR in module memory__parameterized0 is either unconnected or has no load
WARNING: [Synth 8-7129] Port CLK in module input_blk is either unconnected or has no load
WARNING: [Synth 8-7129] Port INT_CLK in module input_blk is either unconnected or has no load
INFO: [Common 17-14] Message 'Synth 8-7129' appears 100 times and further instances of the messages will be disabled. Use the Tcl command set_msg_config to change the current settings.
---------------------------------------------------------------------------------
Finished RTL Elaboration : Time (s): cpu = 00:00:07 ; elapsed = 00:00:08 . Memory (MB): peak = 3004.273 ; gain = 535.797 ; free physical = 331 ; free virtual = 5224
---------------------------------------------------------------------------------
---------------------------------------------------------------------------------
Start Handling Custom Attributes
---------------------------------------------------------------------------------
---------------------------------------------------------------------------------
Finished Handling Custom Attributes : Time (s): cpu = 00:00:07 ; elapsed = 00:00:08 . Memory (MB): peak = 3004.273 ; gain = 535.797 ; free physical = 331 ; free virtual = 5223
---------------------------------------------------------------------------------
---------------------------------------------------------------------------------
Finished RTL Optimization Phase 1 : Time (s): cpu = 00:00:07 ; elapsed = 00:00:08 . Memory (MB): peak = 3004.273 ; gain = 535.797 ; free physical = 331 ; free virtual = 5223
---------------------------------------------------------------------------------
Netlist sorting complete. Time (s): cpu = 00:00:00.02 ; elapsed = 00:00:00.02 . Memory (MB): peak = 3004.273 ; gain = 0.000 ; free physical = 330 ; free virtual = 5223
INFO: [Netlist 29-17] Analyzing 1 Unisim elements for replacement
INFO: [Netlist 29-28] Unisim Transformation completed in 0 CPU seconds
INFO: [Project 1-570] Preparing netlist for logic optimization

Processing XDC Constraints
Initializing timing engine
Parsing XDC File [/home/thagenlo/Desktop/rfsoc_proj_NEW_NEW.xpr/rfsoc_proj/rfsoc_proj.runs/impl_1/.Xil/Vivado-1707957-eecs-digital-42/dc_drv.0/dc/prj_ip.gen/sources_1/ip/dbg_hub/dbg_hub_ooc.xdc] for cell 'inst'
Finished Parsing XDC File [/home/thagenlo/Desktop/rfsoc_proj_NEW_NEW.xpr/rfsoc_proj/rfsoc_proj.runs/impl_1/.Xil/Vivado-1707957-eecs-digital-42/dc_drv.0/dc/prj_ip.gen/sources_1/ip/dbg_hub/dbg_hub_ooc.xdc] for cell 'inst'
Parsing XDC File [/home/thagenlo/Desktop/rfsoc_proj_NEW_NEW.xpr/rfsoc_proj/rfsoc_proj.runs/impl_1/.Xil/Vivado-1707957-eecs-digital-42/dc_drv.0/dc/prj_ip.gen/sources_1/ip/dbg_hub/constraints/xsdbm_cc_early.xdc] for cell 'inst'
Finished Parsing XDC File [/home/thagenlo/Desktop/rfsoc_proj_NEW_NEW.xpr/rfsoc_proj/rfsoc_proj.runs/impl_1/.Xil/Vivado-1707957-eecs-digital-42/dc_drv.0/dc/prj_ip.gen/sources_1/ip/dbg_hub/constraints/xsdbm_cc_early.xdc] for cell 'inst'
Parsing XDC File [/home/thagenlo/Desktop/rfsoc_proj_NEW_NEW.xpr/rfsoc_proj/rfsoc_proj.runs/impl_1/.Xil/Vivado-1707957-eecs-digital-42/dc_drv.0/dc/prj_ip.runs/dbg_hub_synth_1/dont_touch.xdc]
Finished Parsing XDC File [/home/thagenlo/Desktop/rfsoc_proj_NEW_NEW.xpr/rfsoc_proj/rfsoc_proj.runs/impl_1/.Xil/Vivado-1707957-eecs-digital-42/dc_drv.0/dc/prj_ip.runs/dbg_hub_synth_1/dont_touch.xdc]
Parsing XDC File [/home/thagenlo/Desktop/rfsoc_proj_NEW_NEW.xpr/rfsoc_proj/rfsoc_proj.runs/impl_1/.Xil/Vivado-1707957-eecs-digital-42/dc_drv.0/dc/prj_ip.gen/sources_1/ip/dbg_hub/constraints/xsdbm_cc_late.xdc] for cell 'inst'
Finished Parsing XDC File [/home/thagenlo/Desktop/rfsoc_proj_NEW_NEW.xpr/rfsoc_proj/rfsoc_proj.runs/impl_1/.Xil/Vivado-1707957-eecs-digital-42/dc_drv.0/dc/prj_ip.gen/sources_1/ip/dbg_hub/constraints/xsdbm_cc_late.xdc] for cell 'inst'
INFO: [Project 1-236] Implementation specific constraints were found while reading constraint file [/home/thagenlo/Desktop/rfsoc_proj_NEW_NEW.xpr/rfsoc_proj/rfsoc_proj.runs/impl_1/.Xil/Vivado-1707957-eecs-digital-42/dc_drv.0/dc/prj_ip.gen/sources_1/ip/dbg_hub/constraints/xsdbm_cc_late.xdc]. These constraints will be ignored for synthesis but will be used in implementation. Impacted constraints are listed in the file [.Xil/dbg_hub_propImpl.xdc].
Resolution: To avoid this warning, move constraints listed in [.Xil/dbg_hub_propImpl.xdc] to another XDC file and exclude this new file from synthesis with the used_in_synthesis property (File Properties dialog in GUI) and re-run elaboration/synthesis.
Parsing XDC File [/home/thagenlo/Desktop/rfsoc_proj_NEW_NEW.xpr/rfsoc_proj/rfsoc_proj.runs/impl_1/.Xil/Vivado-1707957-eecs-digital-42/dc_drv.0/dc/prj_ip.gen/sources_1/ip/dbg_hub/constraints/xsdbm_gc_late.xdc] for cell 'inst'
Finished Parsing XDC File [/home/thagenlo/Desktop/rfsoc_proj_NEW_NEW.xpr/rfsoc_proj/rfsoc_proj.runs/impl_1/.Xil/Vivado-1707957-eecs-digital-42/dc_drv.0/dc/prj_ip.gen/sources_1/ip/dbg_hub/constraints/xsdbm_gc_late.xdc] for cell 'inst'
Completed Processing XDC Constraints

Netlist sorting complete. Time (s): cpu = 00:00:00.01 ; elapsed = 00:00:00 . Memory (MB): peak = 3084.227 ; gain = 0.000 ; free physical = 333 ; free virtual = 5207
INFO: [Project 1-111] Unisim Transformation Summary:
  A total of 1 instances were transformed.
  BUFG => BUFGCE: 1 instance 

Constraint Validation Runtime : Time (s): cpu = 00:00:00.02 ; elapsed = 00:00:00.02 . Memory (MB): peak = 3084.262 ; gain = 0.000 ; free physical = 333 ; free virtual = 5206
INFO: [Designutils 20-5008] Incremental synthesis strategy off
---------------------------------------------------------------------------------
Finished Constraint Validation : Time (s): cpu = 00:00:15 ; elapsed = 00:00:17 . Memory (MB): peak = 3084.262 ; gain = 615.785 ; free physical = 324 ; free virtual = 5198
---------------------------------------------------------------------------------
---------------------------------------------------------------------------------
Start Loading Part and Timing Information
---------------------------------------------------------------------------------
Loading part: xczu48dr-ffvg1517-2-e
INFO: [Synth 8-6742] Reading net delay rules and data
---------------------------------------------------------------------------------
Finished Loading Part and Timing Information : Time (s): cpu = 00:00:15 ; elapsed = 00:00:17 . Memory (MB): peak = 3092.230 ; gain = 623.754 ; free physical = 324 ; free virtual = 5198
---------------------------------------------------------------------------------
---------------------------------------------------------------------------------
Start Applying 'set_property' XDC Constraints
---------------------------------------------------------------------------------
---------------------------------------------------------------------------------
Finished applying 'set_property' XDC Constraints : Time (s): cpu = 00:00:15 ; elapsed = 00:00:17 . Memory (MB): peak = 3092.230 ; gain = 623.754 ; free physical = 324 ; free virtual = 5198
---------------------------------------------------------------------------------
INFO: [Synth 8-802] inferred FSM for state register 'id_state_reg' in module 'xsdbm_v3_0_4_bscan_switch'
INFO: [Synth 8-802] inferred FSM for state register 'gpregsm1.curr_fwft_state_reg' in module 'rd_fwft'
INFO: [Synth 8-802] inferred FSM for state register 'current_state_reg' in module 'xsdbm_v3_0_4_bus_ctl'
INFO: [Synth 8-802] inferred FSM for state register 'SWITCH_N_EXT_BSCAN.id_state_reg' in module 'xsdbm_v3_0_4_xsdbm_id'
INFO: [Synth 8-6159] Found Keep on FSM register 'id_state_reg' in module 'xsdbm_v3_0_4_bscan_switch', re-encoding will not be performed
---------------------------------------------------------------------------------------------------
                   State |                     New Encoding |                Previous Encoding 
---------------------------------------------------------------------------------------------------
*
                  iSTATE |                               00 |                               00
                 iSTATE0 |                               01 |                               01
---------------------------------------------------------------------------------------------------
INFO: [Synth 8-6159] Found Keep on FSM register 'gpregsm1.curr_fwft_state_reg' in module 'rd_fwft', re-encoding will not be performed
---------------------------------------------------------------------------------------------------
                   State |                     New Encoding |                Previous Encoding 
---------------------------------------------------------------------------------------------------
                 invalid |                               00 |                               00
            stage1_valid |                               10 |                               10
       both_stages_valid |                               11 |                               11
            stage2_valid |                               01 |                               01
---------------------------------------------------------------------------------------------------
---------------------------------------------------------------------------------------------------
                   State |                     New Encoding |                Previous Encoding 
---------------------------------------------------------------------------------------------------
                  InitSt |             00000000000000000001 |                            00000
                 ResetSt |             00000000000000000010 |                            00001
                  IdleSt |             00000000000000000100 |                            00010
                ClrErrSt |             00000000000000001000 |                            00011
            WriteStartSt |             00000000000000010000 |                            01111
               WriteWdSt |             00000000000000100000 |                            10000
              WriteAckSt |             00000000000001000000 |                            10001
              WriteErrSt |             00000000000010000000 |                            10011
              WriteIncSt |             00000000000100000000 |                            10010
             ReadStartSt |             00000000001000000000 |                            00100
             ReadFlushSt |             00000000010000000000 |                            00101
                ReadWdSt |             00000000100000000000 |                            00110
               ReadAckSt |             00000001000000000000 |                            00111
               ReadErrSt |             00000010000000000000 |                            01000
            ReadBStartSt |             00000100000000000000 |                            01001
              ReadWaitSt |             00001000000000000000 |                            01100
              ReadStopSt |             00010000000000000000 |                            01101
              ReadNextSt |             00100000000000000000 |                            01010
           ReadNextAckSt |             01000000000000000000 |                            01011
              ReadBErrSt |             10000000000000000000 |                            01110
---------------------------------------------------------------------------------------------------
INFO: [Synth 8-3354] encoded FSM with state register 'current_state_reg' using encoding 'one-hot' in module 'xsdbm_v3_0_4_bus_ctl'
INFO: [Synth 8-6159] Found Keep on FSM register 'SWITCH_N_EXT_BSCAN.id_state_reg' in module 'xsdbm_v3_0_4_xsdbm_id', re-encoding will not be performed
---------------------------------------------------------------------------------------------------
                   State |                     New Encoding |                Previous Encoding 
---------------------------------------------------------------------------------------------------
*
                  iSTATE |                               00 |                               00
                 iSTATE0 |                               01 |                               01
---------------------------------------------------------------------------------------------------
---------------------------------------------------------------------------------
Finished RTL Optimization Phase 2 : Time (s): cpu = 00:00:16 ; elapsed = 00:00:17 . Memory (MB): peak = 3092.230 ; gain = 623.754 ; free physical = 324 ; free virtual = 5197
---------------------------------------------------------------------------------
---------------------------------------------------------------------------------
Start RTL Component Statistics 
---------------------------------------------------------------------------------
Detailed RTL Component Info : 
+---Adders : 
	   2 Input   32 Bit       Adders := 2     
	   2 Input    7 Bit       Adders := 2     
	   2 Input    6 Bit       Adders := 2     
	   2 Input    4 Bit       Adders := 6     
+---XORs : 
	   2 Input      1 Bit         XORs := 44    
+---XORs : 
	                4 Bit    Wide XORs := 4     
	                3 Bit    Wide XORs := 4     
	                2 Bit    Wide XORs := 4     
+---Registers : 
	              128 Bit    Registers := 1     
	               64 Bit    Registers := 1     
	               32 Bit    Registers := 4     
	               28 Bit    Registers := 2     
	               18 Bit    Registers := 2     
	               16 Bit    Registers := 6     
	               10 Bit    Registers := 1     
	                8 Bit    Registers := 2     
	                7 Bit    Registers := 3     
	                6 Bit    Registers := 3     
	                5 Bit    Registers := 4     
	                4 Bit    Registers := 34    
	                3 Bit    Registers := 17    
	                2 Bit    Registers := 13    
	                1 Bit    Registers := 99    
+---Muxes : 
	   2 Input   32 Bit        Muxes := 10    
	  20 Input   20 Bit        Muxes := 1     
	   2 Input   20 Bit        Muxes := 23    
	   2 Input   16 Bit        Muxes := 1     
	   3 Input   16 Bit        Muxes := 1     
	   2 Input    8 Bit        Muxes := 1     
	   2 Input    6 Bit        Muxes := 4     
	   2 Input    5 Bit        Muxes := 3     
	   3 Input    5 Bit        Muxes := 1     
	  20 Input    5 Bit        Muxes := 2     
	   2 Input    4 Bit        Muxes := 5     
	   3 Input    4 Bit        Muxes := 3     
	   4 Input    4 Bit        Muxes := 2     
	   2 Input    3 Bit        Muxes := 6     
	  20 Input    3 Bit        Muxes := 4     
	   3 Input    2 Bit        Muxes := 2     
	   2 Input    2 Bit        Muxes := 16    
	   4 Input    2 Bit        Muxes := 1     
	   5 Input    2 Bit        Muxes := 1     
	  20 Input    2 Bit        Muxes := 2     
	   2 Input    1 Bit        Muxes := 37    
	   3 Input    1 Bit        Muxes := 2     
	  16 Input    1 Bit        Muxes := 1     
	   4 Input    1 Bit        Muxes := 2     
	  20 Input    1 Bit        Muxes := 12    
---------------------------------------------------------------------------------
Finished RTL Component Statistics 
---------------------------------------------------------------------------------
---------------------------------------------------------------------------------
Start Part Resource Summary
---------------------------------------------------------------------------------
Part Resources:
DSPs: 4272 (col length:192)
BRAMs: 2160 (col length: RAMB18 192 RAMB36 96)
---------------------------------------------------------------------------------
Finished Part Resource Summary
---------------------------------------------------------------------------------
---------------------------------------------------------------------------------
Start Cross Boundary and Area Optimization
---------------------------------------------------------------------------------
WARNING: [Synth 8-3332] Sequential element (CORE_XSDB.UUT_MASTER/U_XSDB_BUS_CONTROLLER/FSM_onehot_current_state_reg[3]) is unused and will be removed from module xsdbm_v3_0_4_xsdbm_id.
---------------------------------------------------------------------------------
Finished Cross Boundary and Area Optimization : Time (s): cpu = 00:00:18 ; elapsed = 00:00:20 . Memory (MB): peak = 3092.230 ; gain = 623.754 ; free physical = 308 ; free virtual = 5182
---------------------------------------------------------------------------------
---------------------------------------------------------------------------------
Start ROM, RAM, DSP, Shift Register and Retiming Reporting
---------------------------------------------------------------------------------

ROM: Preliminary Mapping Report
+----------------------+-----------------------------------------------------------+---------------+----------------+
|Module Name           | RTL Object                                                | Depth x Width | Implemented As | 
+----------------------+-----------------------------------------------------------+---------------+----------------+
|xsdbm_v3_0_4_bus_ctl  | auto_sl_drdy                                              | 32x1          | LUT            | 
|xsdbm_v3_0_4_bus_ctl  | auto_sl_drdy                                              | 32x1          | LUT            | 
|xsdbm_v3_0_4_bus_ctl  | inc_addr_r                                                | 32x1          | LUT            | 
|xsdbm_v3_0_4_bus_ctl  | inc_addr_r                                                | 32x1          | LUT            | 
|xsdbm_v3_0_4_bus_ctl  | dec_wdc_r                                                 | 32x1          | LUT            | 
|xsdbm_v3_0_4_bus_ctl  | dec_wdc_r                                                 | 32x1          | LUT            | 
|xsdbm_v3_0_4_bus_ctl  | sl_den_r                                                  | 32x1          | LUT            | 
|xsdbm_v3_0_4_bus_ctl  | sl_dwe_r                                                  | 32x1          | LUT            | 
|xsdbm_v3_0_4_bus_ctl  | sl_rdmux_sel_r                                            | 32x1          | LUT            | 
|xsdbm_v3_0_4_bus_ctl  | sl_berr_r                                                 | 32x1          | LUT            | 
|xsdbm_v3_0_4_bus_ctl  | ma_err_r                                                  | 32x2          | LUT            | 
|xsdbm_v3_0_4_bus_ctl  | timer_rst                                                 | 32x1          | LUT            | 
|xsdbm_v3_0_4_xsdbm_id | CORE_XSDB.UUT_MASTER/U_XSDB_BUS_CONTROLLER/ma_err_r       | 32x2          | LUT            | 
|xsdbm_v3_0_4_xsdbm_id | CORE_XSDB.UUT_MASTER/U_XSDB_BUS_CONTROLLER/auto_sl_drdy   | 32x1          | LUT            | 
|xsdbm_v3_0_4_xsdbm_id | CORE_XSDB.UUT_MASTER/U_XSDB_BUS_CONTROLLER/auto_sl_drdy   | 32x1          | LUT            | 
|xsdbm_v3_0_4_xsdbm_id | CORE_XSDB.UUT_MASTER/U_XSDB_BUS_CONTROLLER/timer_rst      | 32x1          | LUT            | 
|xsdbm_v3_0_4_xsdbm_id | CORE_XSDB.UUT_MASTER/U_XSDB_BUS_CONTROLLER/inc_addr_r     | 32x1          | LUT            | 
|xsdbm_v3_0_4_xsdbm_id | CORE_XSDB.UUT_MASTER/U_XSDB_BUS_CONTROLLER/inc_addr_r     | 32x1          | LUT            | 
|xsdbm_v3_0_4_xsdbm_id | CORE_XSDB.UUT_MASTER/U_XSDB_BUS_CONTROLLER/dec_wdc_r      | 32x1          | LUT            | 
|xsdbm_v3_0_4_xsdbm_id | CORE_XSDB.UUT_MASTER/U_XSDB_BUS_CONTROLLER/dec_wdc_r      | 32x1          | LUT            | 
|xsdbm_v3_0_4_xsdbm_id | CORE_XSDB.UUT_MASTER/U_XSDB_BUS_CONTROLLER/sl_den_r       | 32x1          | LUT            | 
|xsdbm_v3_0_4_xsdbm_id | CORE_XSDB.UUT_MASTER/U_XSDB_BUS_CONTROLLER/sl_dwe_r       | 32x1          | LUT            | 
|xsdbm_v3_0_4_xsdbm_id | CORE_XSDB.UUT_MASTER/U_XSDB_BUS_CONTROLLER/sl_rdmux_sel_r | 32x1          | LUT            | 
+----------------------+-----------------------------------------------------------+---------------+----------------+


Distributed RAM: Preliminary Mapping Report (see note below)
+----------------------------------------------------------------------------------------------------------------------------+-------------------------------------------------------------------------------+----------------+----------------------+---------------+
|Module Name                                                                                                                 | RTL Object                                                                    | Inference      | Size (Depth x Width) | Primitives    | 
+----------------------------------------------------------------------------------------------------------------------------+-------------------------------------------------------------------------------+----------------+----------------------+---------------+
|inst/\BSCANID.u_xsdbm_id /\CORE_XSDB.UUT_MASTER/U_ICON_INTERFACE/U_CMD6_WR/U_WR_FIFO/SUBCORE_FIFO.xsdbm_v3_0_4_wrfifo_inst  | inst_fifo_gen/gconvfifo.rf/grf.rf/gntv_or_sync_fifo.mem/gdm.dm_gen.dm/RAM_reg | User Attribute | 16 x 16              | RAM32M16 x 2  | 
|inst/\BSCANID.u_xsdbm_id /\CORE_XSDB.UUT_MASTER/U_ICON_INTERFACE/U_CMD6_RD/U_RD_FIFO/SUBCORE_FIFO.xsdbm_v3_0_4_rdfifo_inst  | inst_fifo_gen/gconvfifo.rf/grf.rf/gntv_or_sync_fifo.mem/gdm.dm_gen.dm/RAM_reg | User Attribute | 16 x 16              | RAM32M16 x 2  | 
+----------------------------------------------------------------------------------------------------------------------------+-------------------------------------------------------------------------------+----------------+----------------------+---------------+

Note: The table above is a preliminary report that shows the Distributed RAMs at the current stage of the synthesis flow. Some Distributed RAMs may be reimplemented as non Distributed RAM primitives later in the synthesis flow. Multiple instantiated RAMs are reported only once.
---------------------------------------------------------------------------------
Finished ROM, RAM, DSP, Shift Register and Retiming Reporting
---------------------------------------------------------------------------------
---------------------------------------------------------------------------------
Start Applying XDC Timing Constraints
---------------------------------------------------------------------------------
---------------------------------------------------------------------------------
Finished Applying XDC Timing Constraints : Time (s): cpu = 00:00:22 ; elapsed = 00:00:24 . Memory (MB): peak = 3488.406 ; gain = 1019.930 ; free physical = 276 ; free virtual = 4809
---------------------------------------------------------------------------------
---------------------------------------------------------------------------------
Start Timing Optimization
---------------------------------------------------------------------------------
---------------------------------------------------------------------------------
Finished Timing Optimization : Time (s): cpu = 00:00:22 ; elapsed = 00:00:24 . Memory (MB): peak = 3515.438 ; gain = 1046.961 ; free physical = 262 ; free virtual = 4796
---------------------------------------------------------------------------------
---------------------------------------------------------------------------------
Start ROM, RAM, DSP, Shift Register and Retiming Reporting
---------------------------------------------------------------------------------

Distributed RAM: Final Mapping Report
+----------------------------------------------------------------------------------------------------------------------------+-------------------------------------------------------------------------------+----------------+----------------------+---------------+
|Module Name                                                                                                                 | RTL Object                                                                    | Inference      | Size (Depth x Width) | Primitives    | 
+----------------------------------------------------------------------------------------------------------------------------+-------------------------------------------------------------------------------+----------------+----------------------+---------------+
|inst/\BSCANID.u_xsdbm_id /\CORE_XSDB.UUT_MASTER/U_ICON_INTERFACE/U_CMD6_WR/U_WR_FIFO/SUBCORE_FIFO.xsdbm_v3_0_4_wrfifo_inst  | inst_fifo_gen/gconvfifo.rf/grf.rf/gntv_or_sync_fifo.mem/gdm.dm_gen.dm/RAM_reg | User Attribute | 16 x 16              | RAM32M16 x 2  | 
|inst/\BSCANID.u_xsdbm_id /\CORE_XSDB.UUT_MASTER/U_ICON_INTERFACE/U_CMD6_RD/U_RD_FIFO/SUBCORE_FIFO.xsdbm_v3_0_4_rdfifo_inst  | inst_fifo_gen/gconvfifo.rf/grf.rf/gntv_or_sync_fifo.mem/gdm.dm_gen.dm/RAM_reg | User Attribute | 16 x 16              | RAM32M16 x 2  | 
+----------------------------------------------------------------------------------------------------------------------------+-------------------------------------------------------------------------------+----------------+----------------------+---------------+

---------------------------------------------------------------------------------
Finished ROM, RAM, DSP, Shift Register and Retiming Reporting
---------------------------------------------------------------------------------
---------------------------------------------------------------------------------
Start Technology Mapping
---------------------------------------------------------------------------------
---------------------------------------------------------------------------------
Finished Technology Mapping : Time (s): cpu = 00:00:22 ; elapsed = 00:00:24 . Memory (MB): peak = 3531.453 ; gain = 1062.977 ; free physical = 247 ; free virtual = 4780
---------------------------------------------------------------------------------
---------------------------------------------------------------------------------
Start IO Insertion
---------------------------------------------------------------------------------
---------------------------------------------------------------------------------
Start Flattening Before IO Insertion
---------------------------------------------------------------------------------
---------------------------------------------------------------------------------
Finished Flattening Before IO Insertion
---------------------------------------------------------------------------------
---------------------------------------------------------------------------------
Start Final Netlist Cleanup
---------------------------------------------------------------------------------
---------------------------------------------------------------------------------
Finished Final Netlist Cleanup
---------------------------------------------------------------------------------
INFO: [Synth 8-3295] tying undriven pin UPDATE_temp_i_inferred:in0 to constant 0
INFO: [Synth 8-3295] tying undriven pin RUNTEST_inferred:in0 to constant 0
INFO: [Synth 8-3295] tying undriven pin TCK_inferred:in0 to constant 0
INFO: [Synth 8-3295] tying undriven pin TMS_inferred:in0 to constant 0
---------------------------------------------------------------------------------
Finished IO Insertion : Time (s): cpu = 00:00:24 ; elapsed = 00:00:26 . Memory (MB): peak = 3676.266 ; gain = 1207.789 ; free physical = 249 ; free virtual = 4651
---------------------------------------------------------------------------------
---------------------------------------------------------------------------------
Start Renaming Generated Instances
---------------------------------------------------------------------------------
---------------------------------------------------------------------------------
Finished Renaming Generated Instances : Time (s): cpu = 00:00:24 ; elapsed = 00:00:26 . Memory (MB): peak = 3676.266 ; gain = 1207.789 ; free physical = 249 ; free virtual = 4651
---------------------------------------------------------------------------------
---------------------------------------------------------------------------------
Start Rebuilding User Hierarchy
---------------------------------------------------------------------------------
---------------------------------------------------------------------------------
Finished Rebuilding User Hierarchy : Time (s): cpu = 00:00:24 ; elapsed = 00:00:26 . Memory (MB): peak = 3676.266 ; gain = 1207.789 ; free physical = 249 ; free virtual = 4651
---------------------------------------------------------------------------------
---------------------------------------------------------------------------------
Start Renaming Generated Ports
---------------------------------------------------------------------------------
---------------------------------------------------------------------------------
Finished Renaming Generated Ports : Time (s): cpu = 00:00:24 ; elapsed = 00:00:26 . Memory (MB): peak = 3676.266 ; gain = 1207.789 ; free physical = 249 ; free virtual = 4651
---------------------------------------------------------------------------------
---------------------------------------------------------------------------------
Start Handling Custom Attributes
---------------------------------------------------------------------------------
---------------------------------------------------------------------------------
Finished Handling Custom Attributes : Time (s): cpu = 00:00:24 ; elapsed = 00:00:26 . Memory (MB): peak = 3676.266 ; gain = 1207.789 ; free physical = 249 ; free virtual = 4651
---------------------------------------------------------------------------------
---------------------------------------------------------------------------------
Start Renaming Generated Nets
---------------------------------------------------------------------------------
---------------------------------------------------------------------------------
Finished Renaming Generated Nets : Time (s): cpu = 00:00:24 ; elapsed = 00:00:26 . Memory (MB): peak = 3676.266 ; gain = 1207.789 ; free physical = 249 ; free virtual = 4651
---------------------------------------------------------------------------------
---------------------------------------------------------------------------------
Start Writing Synthesis Report
---------------------------------------------------------------------------------

Report BlackBoxes: 
+-+--------------+----------+
| |BlackBox name |Instances |
+-+--------------+----------+
+-+--------------+----------+

Report Cell Usage: 
+------+---------+------+
|      |Cell     |Count |
+------+---------+------+
|1     |BSCANE2  |     1|
|2     |BUFG     |     1|
|3     |CARRY8   |     7|
|4     |LUT1     |    27|
|5     |LUT2     |   105|
|6     |LUT3     |   116|
|7     |LUT4     |   124|
|8     |LUT5     |   113|
|9     |LUT6     |    77|
|10    |MUXF7    |     1|
|11    |RAM32M16 |     2|
|12    |RAM32X1D |     4|
|13    |FDCE     |   196|
|14    |FDPE     |    41|
|15    |FDRE     |   518|
|16    |FDSE     |    10|
+------+---------+------+
---------------------------------------------------------------------------------
Finished Writing Synthesis Report : Time (s): cpu = 00:00:24 ; elapsed = 00:00:26 . Memory (MB): peak = 3676.266 ; gain = 1207.789 ; free physical = 249 ; free virtual = 4651
---------------------------------------------------------------------------------
Synthesis finished with 0 errors, 0 critical warnings and 2056 warnings.
Synthesis Optimization Runtime : Time (s): cpu = 00:00:19 ; elapsed = 00:00:21 . Memory (MB): peak = 3676.266 ; gain = 1127.801 ; free physical = 249 ; free virtual = 4651
Synthesis Optimization Complete : Time (s): cpu = 00:00:24 ; elapsed = 00:00:26 . Memory (MB): peak = 3676.266 ; gain = 1207.789 ; free physical = 249 ; free virtual = 4651
INFO: [Project 1-571] Translating synthesized netlist
Netlist sorting complete. Time (s): cpu = 00:00:00.01 ; elapsed = 00:00:00.01 . Memory (MB): peak = 3676.266 ; gain = 0.000 ; free physical = 411 ; free virtual = 4813
INFO: [Netlist 29-17] Analyzing 15 Unisim elements for replacement
INFO: [Netlist 29-28] Unisim Transformation completed in 0 CPU seconds
INFO: [Project 1-570] Preparing netlist for logic optimization
INFO: [Opt 31-138] Pushed 0 inverter(s) to 0 load pin(s).
Netlist sorting complete. Time (s): cpu = 00:00:00 ; elapsed = 00:00:00 . Memory (MB): peak = 3685.977 ; gain = 0.000 ; free physical = 408 ; free virtual = 4810
INFO: [Project 1-111] Unisim Transformation Summary:
  A total of 7 instances were transformed.
  BUFG => BUFGCE: 1 instance 
  RAM32M16 => RAM32M16 (RAMD32(x14), RAMS32(x2)): 2 instances
  RAM32X1D => RAM32X1D (RAMD32(x2)): 4 instances

Synth Design complete | Checksum: b3656fad
INFO: [Common 17-83] Releasing license: Synthesis
145 Infos, 201 Warnings, 0 Critical Warnings and 0 Errors encountered.
synth_design completed successfully
synth_design: Time (s): cpu = 00:00:31 ; elapsed = 00:00:32 . Memory (MB): peak = 3686.012 ; gain = 2119.832 ; free physical = 408 ; free virtual = 4810
INFO: [Common 17-2834] synth_design peak Physical Memory [PSS] (MB): overall = 2654.514; main = 2654.514; forked = 224.704
INFO: [Common 17-2834] synth_design peak Virtual Memory [VSS] (MB): overall = 4102.418; main = 3685.980; forked = 963.867
Write ShapeDB Complete: Time (s): cpu = 00:00:00.01 ; elapsed = 00:00:00 . Memory (MB): peak = 3709.988 ; gain = 0.000 ; free physical = 408 ; free virtual = 4810
INFO: [Common 17-1381] The checkpoint '/home/thagenlo/Desktop/rfsoc_proj_NEW_NEW.xpr/rfsoc_proj/rfsoc_proj.runs/impl_1/.Xil/Vivado-1707957-eecs-digital-42/dc_drv.0/dc/prj_ip.runs/dbg_hub_synth_1/dbg_hub.dcp' has been generated.
INFO: [Coretcl 2-1648] Added synthesis output to IP cache for IP dbg_hub, cache-ID = ca1417cc8f098dd0
INFO: [Coretcl 2-1174] Renamed 79 cell refs.
Write ShapeDB Complete: Time (s): cpu = 00:00:00.01 ; elapsed = 00:00:00.01 . Memory (MB): peak = 3709.988 ; gain = 0.000 ; free physical = 376 ; free virtual = 4781
INFO: [Common 17-1381] The checkpoint '/home/thagenlo/Desktop/rfsoc_proj_NEW_NEW.xpr/rfsoc_proj/rfsoc_proj.runs/impl_1/.Xil/Vivado-1707957-eecs-digital-42/dc_drv.0/dc/prj_ip.runs/dbg_hub_synth_1/dbg_hub.dcp' has been generated.
INFO: [Common 17-206] Exiting Vivado at Wed Dec 10 14:02:02 2025...
[Wed Dec 10 14:02:23 2025] dbg_hub_synth_1 finished
wait_on_runs: Time (s): cpu = 00:00:44 ; elapsed = 00:01:01 . Memory (MB): peak = 1646.984 ; gain = 0.000 ; free physical = 2926 ; free virtual = 7333
INFO: [InternalPartition_RunlogEnd-1] dbg_hub
synth_opts = 
ip = dbg_hub
# set failed [catch {ipx::chipscope::run_multi_gen_and_synth_ip_core $part $board_part $board_connections $board_part_repo_paths $tool_flow $debug_ip_vlnv $debug_ip_module_name $debug_params $debug_output_xci $debug_output_dcp $debug_output_dir $debug_ip_repo_paths $debug_ip_output_repo $debug_ip_cache_permissions $debug_oopbus_ip_repo_paths $debug_synth_opts $debug_xdc_files $ordering_constrs $jobs} errMessage]
# if { $failed } {
# send_msg_id {IP_Flow 19-3805} ERROR "Failed to generate and synthesize debug IPs. \n $errMessage"
#   exit 1
# }
INFO: [Common 17-206] Exiting Vivado at Wed Dec 10 14:02:23 2025...
